arm_alias,competitor_prefix_attention_mass,example_id,gold_label,gold_prefix_attention_mass,mean_prefix_attention_mass,predicted_label,prefix_l2,prefix_tokens,step,suite
I_real,1.316268026130274e-06,226458,SUPPORTS,8.079904318947229e-07,1.3262877018860308e-06,SUPPORTS,84.53823852539062,8,0,raw8
I_real,4.116310265089851e-06,78516,SUPPORTS,2.209949798270827e-06,4.342852359210762e-06,SUPPORTS,84.53823852539062,8,0,raw8
I_real,2.261394456581911e-06,28788,SUPPORTS,1.5092103922142996e-06,2.0239688562166216e-06,SUPPORTS,84.53823852539062,8,0,raw8
I_real,1.76681237462617e-06,117767,SUPPORTS,1.1596215472309268e-06,1.783745915417967e-06,SUPPORTS,84.53823852539062,8,0,raw8
I_real,4.978442120773252e-07,54789,REFUTES,6.965862553443003e-07,6.924040386972289e-07,SUPPORTS,84.53823852539062,8,0,raw8
I_real,7.804175083947484e-07,56960,REFUTES,1.7374825347360456e-06,1.885242113530694e-06,SUPPORTS,84.53823852539062,8,0,raw8
I_real,5.265918616714771e-07,155125,REFUTES,7.576588245683524e-07,8.515784770679602e-07,SUPPORTS,84.53823852539062,8,0,raw8
I_real,1.0419450973131461e-06,84675,REFUTES,1.7109123291447759e-06,2.321292034442498e-06,SUPPORTS,84.53823852539062,8,0,raw8
I_real,4.690875357482582e-06,64471,NOT_ENOUGH_INFO,1.2890775906271301e-05,8.161829100572504e-06,SUPPORTS,84.53823852539062,8,0,raw8
I_real,2.229499841632787e-06,23835,NOT_ENOUGH_INFO,5.3395719987747725e-06,3.5020703611129043e-06,SUPPORTS,84.53823852539062,8,0,raw8
I_real,1.8021013374891481e-06,132244,NOT_ENOUGH_INFO,4.879299922322389e-06,2.993706061715784e-06,SUPPORTS,84.53823852539062,8,0,raw8
I_real,1.5215816802083282e-06,39959,NOT_ENOUGH_INFO,3.951910002797376e-06,2.5615970571379876e-06,SUPPORTS,84.53823852539062,8,0,raw8
I_shuffle,0.0003736379439942539,226458,SUPPORTS,0.00017278268933296204,0.00026330559436852735,SUPPORTS,87.9486083984375,8,0,raw8
I_shuffle,0.0007711860234849155,78516,SUPPORTS,0.0002614607510622591,0.0004771539242938161,SUPPORTS,87.9486083984375,8,0,raw8
I_shuffle,0.000805328949354589,28788,SUPPORTS,0.0003251824527978897,0.0005158810139012834,SUPPORTS,87.9486083984375,8,0,raw8
I_shuffle,0.0005264095962047577,117767,SUPPORTS,0.00018028821796178818,0.00035023265324222547,SUPPORTS,87.9486083984375,8,0,raw8
I_shuffle,0.0002247188240289688,54789,REFUTES,0.00046651437878608704,0.0003251334031422933,SUPPORTS,87.9486083984375,8,0,raw8
I_shuffle,0.00025872886180877686,56960,REFUTES,0.0006859215791337192,0.00045566676029314596,SUPPORTS,87.9486083984375,8,0,raw8
I_shuffle,0.00018424479640088975,155125,REFUTES,0.00044452957808971405,0.0003208595735486597,SUPPORTS,87.9486083984375,8,0,raw8
I_shuffle,0.00030169947422109544,84675,REFUTES,0.0005537352408282459,0.0004730494789934407,SUPPORTS,87.9486083984375,8,0,raw8
I_shuffle,0.0007819682359695435,64471,NOT_ENOUGH_INFO,0.0010564178228378296,0.0010556479295094807,SUPPORTS,87.9486083984375,8,0,raw8
I_shuffle,0.000371396541595459,23835,NOT_ENOUGH_INFO,0.0006704665720462799,0.0005812972085550427,SUPPORTS,87.9486083984375,8,0,raw8
I_shuffle,0.0006825129385106266,132244,NOT_ENOUGH_INFO,0.0010557796340435743,0.0010199439517843227,SUPPORTS,87.9486083984375,8,0,raw8
I_shuffle,0.0007026046514511108,39959,NOT_ENOUGH_INFO,0.00124281772878021,0.001049077797991534,SUPPORTS,87.9486083984375,8,0,raw8
I_zero,0.001889462349936366,226458,SUPPORTS,0.002129209693521261,0.0017727270799999435,SUPPORTS,0.0,8,0,raw8
I_zero,0.0073038144037127495,78516,SUPPORTS,0.007966245524585247,0.0066084666177630424,SUPPORTS,0.0,8,0,raw8
I_zero,0.003526548622176051,28788,SUPPORTS,0.0037011108361184597,0.0031375323111812272,SUPPORTS,0.0,8,0,raw8
I_zero,0.0032637915574014187,117767,SUPPORTS,0.003378838300704956,0.002954495915522178,SUPPORTS,0.0,8,0,raw8
I_zero,0.0036671559792011976,54789,REFUTES,0.003387888427823782,0.0030390343939264617,SUPPORTS,0.0,8,0,raw8
I_zero,0.003106537042185664,56960,REFUTES,0.003211816307157278,0.0027828929790606103,SUPPORTS,0.0,8,0,raw8
I_zero,0.006073395721614361,155125,REFUTES,0.005002161022275686,0.004704395309090614,SUPPORTS,0.0,8,0,raw8
I_zero,0.007717162370681763,84675,REFUTES,0.006831656210124493,0.006317810155451298,SUPPORTS,0.0,8,0,raw8
I_zero,0.0066912174224853516,64471,NOT_ENOUGH_INFO,0.004303823225200176,0.005657242611050606,SUPPORTS,0.0,8,0,raw8
I_zero,0.00843053124845028,23835,NOT_ENOUGH_INFO,0.005279978271573782,0.007106589308629434,SUPPORTS,0.0,8,0,raw8
I_zero,0.013356953859329224,132244,NOT_ENOUGH_INFO,0.007828092202544212,0.01064169593155384,SUPPORTS,0.0,8,0,raw8
I_zero,0.008922656998038292,39959,NOT_ENOUGH_INFO,0.005191110074520111,0.0073966725418965025,SUPPORTS,0.0,8,0,raw8
I_real,0.0023049311712384224,226458,SUPPORTS,0.0024524489417672157,0.0020206517074257135,SUPPORTS,4349.36376953125,8,8,raw8
I_real,0.0016993809258565307,78516,SUPPORTS,0.0017694663256406784,0.001497273682616651,SUPPORTS,4349.36376953125,8,8,raw8
I_real,0.0016400035237893462,28788,SUPPORTS,0.0017904192209243774,0.001475403628622492,SUPPORTS,4349.36376953125,8,8,raw8
I_real,0.001092384336516261,117767,SUPPORTS,0.001189953414723277,0.0009788863050440948,SUPPORTS,4349.36376953125,8,8,raw8
I_real,0.0017802411457523704,54789,REFUTES,0.0016160811064764857,0.001442204831012835,SUPPORTS,4349.36376953125,8,8,raw8
I_real,0.0011955400696024299,56960,REFUTES,0.001064550830051303,0.0009938515140675008,SUPPORTS,4349.36376953125,8,8,raw8
I_real,0.0010873166611418128,155125,REFUTES,0.0009448048658668995,0.0008871713265155753,SUPPORTS,4349.36376953125,8,8,raw8
I_real,0.0015159178292378783,84675,REFUTES,0.0013679871335625648,0.0012842025801849861,SUPPORTS,4349.36376953125,8,8,raw8
I_real,0.003219813806936145,64471,NOT_ENOUGH_INFO,0.001851636916399002,0.002672381466254592,SUPPORTS,4349.36376953125,8,8,raw8
I_real,0.001691297977231443,23835,NOT_ENOUGH_INFO,0.0010429008398205042,0.001425675000064075,SUPPORTS,4349.36376953125,8,8,raw8
I_real,0.0030312687158584595,132244,NOT_ENOUGH_INFO,0.0018380595138296485,0.002500300412066281,SUPPORTS,4349.36376953125,8,8,raw8
I_real,0.0027124895714223385,39959,NOT_ENOUGH_INFO,0.0016117440536618233,0.0022589832078665495,SUPPORTS,4349.36376953125,8,8,raw8
I_shuffle,0.0010885935043916106,226458,SUPPORTS,0.0011514276266098022,0.0009773258934728801,SUPPORTS,4564.80908203125,8,8,raw8
I_shuffle,0.0021202019415795803,78516,SUPPORTS,0.0021995767019689083,0.001823832009298106,SUPPORTS,4564.80908203125,8,8,raw8
I_shuffle,0.0016328198835253716,28788,SUPPORTS,0.001686838804744184,0.0014121937953556578,SUPPORTS,4564.80908203125,8,8,raw8
I_shuffle,0.000593779026530683,117767,SUPPORTS,0.0006221449002623558,0.0005330648952318976,SUPPORTS,4564.80908203125,8,8,raw8
I_shuffle,0.0022438932210206985,54789,REFUTES,0.002132731955498457,0.0018408788988987605,SUPPORTS,4564.80908203125,8,8,raw8
I_shuffle,0.0014079276006668806,56960,REFUTES,0.0013469395926222205,0.0012038926749179761,SUPPORTS,4564.80908203125,8,8,raw8
I_shuffle,0.00148111954331398,155125,REFUTES,0.0014185297768563032,0.0012375146228199203,SUPPORTS,4564.80908203125,8,8,raw8
I_shuffle,0.004693790338933468,84675,REFUTES,0.004449171479791403,0.003854761521021525,SUPPORTS,4564.80908203125,8,8,raw8
I_shuffle,0.002000279724597931,64471,NOT_ENOUGH_INFO,0.001153289806097746,0.0017059834984441598,SUPPORTS,4564.80908203125,8,8,raw8
I_shuffle,0.0011773230507969856,23835,NOT_ENOUGH_INFO,0.0006884537870064378,0.0009969306411221623,SUPPORTS,4564.80908203125,8,8,raw8
I_shuffle,0.0014606004115194082,132244,NOT_ENOUGH_INFO,0.0009000160498544574,0.0012445768419032295,SUPPORTS,4564.80908203125,8,8,raw8
I_shuffle,0.003258973825722933,39959,NOT_ENOUGH_INFO,0.0017853619065135717,0.0027270285257448754,SUPPORTS,4564.80908203125,8,8,raw8
I_zero,0.001889462349936366,226458,SUPPORTS,0.002129209693521261,0.0017727270799999435,SUPPORTS,0.0,8,8,raw8
I_zero,0.0073038144037127495,78516,SUPPORTS,0.007966245524585247,0.0066084666177630424,SUPPORTS,0.0,8,8,raw8
I_zero,0.003526548622176051,28788,SUPPORTS,0.0037011108361184597,0.0031375323111812272,SUPPORTS,0.0,8,8,raw8
I_zero,0.0032637915574014187,117767,SUPPORTS,0.003378838300704956,0.002954495915522178,SUPPORTS,0.0,8,8,raw8
I_zero,0.0036671559792011976,54789,REFUTES,0.003387888427823782,0.0030390343939264617,SUPPORTS,0.0,8,8,raw8
I_zero,0.003106537042185664,56960,REFUTES,0.003211816307157278,0.0027828929790606103,SUPPORTS,0.0,8,8,raw8
I_zero,0.006073395721614361,155125,REFUTES,0.005002161022275686,0.004704395309090614,SUPPORTS,0.0,8,8,raw8
I_zero,0.007717162370681763,84675,REFUTES,0.006831656210124493,0.006317810155451298,SUPPORTS,0.0,8,8,raw8
I_zero,0.0066912174224853516,64471,NOT_ENOUGH_INFO,0.004303823225200176,0.005657242611050606,SUPPORTS,0.0,8,8,raw8
I_zero,0.00843053124845028,23835,NOT_ENOUGH_INFO,0.005279978271573782,0.007106589308629434,SUPPORTS,0.0,8,8,raw8
I_zero,0.013356953859329224,132244,NOT_ENOUGH_INFO,0.007828092202544212,0.01064169593155384,SUPPORTS,0.0,8,8,raw8
I_zero,0.008922656998038292,39959,NOT_ENOUGH_INFO,0.005191110074520111,0.0073966725418965025,SUPPORTS,0.0,8,8,raw8
I_real,0.0013738460838794708,226458,SUPPORTS,0.001430306350812316,0.0011876267769063513,SUPPORTS,5718.5556640625,8,16,raw8
I_real,0.0023398471530526876,78516,SUPPORTS,0.002389244269579649,0.0020050572929903865,SUPPORTS,5718.5556640625,8,16,raw8
I_real,0.0016665816074237227,28788,SUPPORTS,0.001764706103131175,0.0014707293982307117,SUPPORTS,5718.5556640625,8,16,raw8
I_real,0.0007924684323370457,117767,SUPPORTS,0.0008377904887311161,0.0007046739046927541,SUPPORTS,5718.5556640625,8,16,raw8
I_real,0.0016226812731474638,54789,REFUTES,0.0015073542017489672,0.001327182011057933,SUPPORTS,5718.5556640625,8,16,raw8
I_real,0.001085753901861608,56960,REFUTES,0.0010175732895731926,0.000925316708162427,SUPPORTS,5718.5556640625,8,16,raw8
I_real,0.0010917808394879103,155125,REFUTES,0.0009727465803734958,0.0009025313969080647,SUPPORTS,5718.5556640625,8,16,raw8
I_real,0.00198971014469862,84675,REFUTES,0.0017580328276380897,0.0016943900457893808,SUPPORTS,5718.5556640625,8,16,raw8
I_real,0.003970591351389885,64471,NOT_ENOUGH_INFO,0.002132848370820284,0.0033102838012079396,SUPPORTS,5718.5556640625,8,16,raw8
I_real,0.001354692503809929,23835,NOT_ENOUGH_INFO,0.000868158123921603,0.001169741794001311,SUPPORTS,5718.5556640625,8,16,raw8
I_real,0.002455496694892645,132244,NOT_ENOUGH_INFO,0.0014201872982084751,0.0020473108161240816,SUPPORTS,5718.5556640625,8,16,raw8
I_real,0.002908695489168167,39959,NOT_ENOUGH_INFO,0.0016106897965073586,0.002426160111402472,SUPPORTS,5718.5556640625,8,16,raw8
I_shuffle,0.0011360248317942023,226458,SUPPORTS,0.0011748287361115217,0.001006030011922121,SUPPORTS,6371.97314453125,8,16,raw8
I_shuffle,0.0018854986410588026,78516,SUPPORTS,0.0019515834283083677,0.001617660978808999,SUPPORTS,6371.97314453125,8,16,raw8
I_shuffle,0.0024314457550644875,28788,SUPPORTS,0.002473836299031973,0.0020692175797497234,SUPPORTS,6371.97314453125,8,16,raw8
I_shuffle,0.0005428845761343837,117767,SUPPORTS,0.0005612859386019409,0.0004817880884123345,SUPPORTS,6371.97314453125,8,16,raw8
I_shuffle,0.0018558613955974579,54789,REFUTES,0.0017930514877662063,0.0015332713567962248,SUPPORTS,6371.97314453125,8,16,raw8
I_shuffle,0.0014630401274189353,56960,REFUTES,0.0014185067266225815,0.0012447583333899577,SUPPORTS,6371.97314453125,8,16,raw8
I_shuffle,0.0011315490119159222,155125,REFUTES,0.0011063998099416494,0.0009472196106798947,SUPPORTS,6371.97314453125,8,16,raw8
I_shuffle,0.005156979896128178,84675,REFUTES,0.004952976014465094,0.004260567637781302,SUPPORTS,6371.97314453125,8,16,raw8
I_shuffle,0.0019891271367669106,64471,NOT_ENOUGH_INFO,0.0011105036828666925,0.0016890468541532755,SUPPORTS,6371.97314453125,8,16,raw8
I_shuffle,0.001554551301524043,23835,NOT_ENOUGH_INFO,0.0008771719294600189,0.001304485621706893,SUPPORTS,6371.97314453125,8,16,raw8
I_shuffle,0.0015781348338350654,132244,NOT_ENOUGH_INFO,0.000998820411041379,0.0013607041910290718,SUPPORTS,6371.97314453125,8,16,raw8
I_shuffle,0.0022082251962274313,39959,NOT_ENOUGH_INFO,0.0012505481718108058,0.0018631069688126445,SUPPORTS,6371.97314453125,8,16,raw8
I_zero,0.001889462349936366,226458,SUPPORTS,0.002129209693521261,0.0017727270799999435,SUPPORTS,0.0,8,16,raw8
I_zero,0.0073038144037127495,78516,SUPPORTS,0.007966245524585247,0.0066084666177630424,SUPPORTS,0.0,8,16,raw8
I_zero,0.003526548622176051,28788,SUPPORTS,0.0037011108361184597,0.0031375323111812272,SUPPORTS,0.0,8,16,raw8
I_zero,0.0032637915574014187,117767,SUPPORTS,0.003378838300704956,0.002954495915522178,SUPPORTS,0.0,8,16,raw8
I_zero,0.0036671559792011976,54789,REFUTES,0.003387888427823782,0.0030390343939264617,SUPPORTS,0.0,8,16,raw8
I_zero,0.003106537042185664,56960,REFUTES,0.003211816307157278,0.0027828929790606103,SUPPORTS,0.0,8,16,raw8
I_zero,0.006073395721614361,155125,REFUTES,0.005002161022275686,0.004704395309090614,SUPPORTS,0.0,8,16,raw8
I_zero,0.007717162370681763,84675,REFUTES,0.006831656210124493,0.006317810155451298,SUPPORTS,0.0,8,16,raw8
I_zero,0.0066912174224853516,64471,NOT_ENOUGH_INFO,0.004303823225200176,0.005657242611050606,SUPPORTS,0.0,8,16,raw8
I_zero,0.00843053124845028,23835,NOT_ENOUGH_INFO,0.005279978271573782,0.007106589308629434,SUPPORTS,0.0,8,16,raw8
I_zero,0.013356953859329224,132244,NOT_ENOUGH_INFO,0.007828092202544212,0.01064169593155384,SUPPORTS,0.0,8,16,raw8
I_zero,0.008922656998038292,39959,NOT_ENOUGH_INFO,0.005191110074520111,0.0073966725418965025,SUPPORTS,0.0,8,16,raw8
I_real,0.0014371814904734492,226458,SUPPORTS,0.0014959396794438362,0.0012469208644082148,SUPPORTS,6303.3740234375,8,24,raw8
I_real,0.0017577093094587326,78516,SUPPORTS,0.0018891257932409644,0.0016023705247789621,SUPPORTS,6303.3740234375,8,24,raw8
I_real,0.0019285257440060377,28788,SUPPORTS,0.002107292413711548,0.0017639696986104052,SUPPORTS,6303.3740234375,8,24,raw8
I_real,0.0011120641138404608,117767,SUPPORTS,0.001255148439668119,0.0010393380265062053,SUPPORTS,6303.3740234375,8,24,raw8
I_real,0.0021269514691084623,54789,REFUTES,0.001958549953997135,0.0017443563556298614,SUPPORTS,6303.3740234375,8,24,raw8
I_real,0.0013275084784254432,56960,REFUTES,0.0011911237379536033,0.001130560024951895,SUPPORTS,6303.3740234375,8,24,raw8
I_real,0.001681822119280696,155125,REFUTES,0.0014084981521591544,0.0014013803641622264,SUPPORTS,6303.3740234375,8,24,raw8
I_real,0.0012258023489266634,84675,REFUTES,0.0011570854112505913,0.0010390890917430322,SUPPORTS,6303.3740234375,8,24,raw8
I_real,0.0026579066179692745,64471,NOT_ENOUGH_INFO,0.001627570018172264,0.0022270596430947385,SUPPORTS,6303.3740234375,8,24,raw8
I_real,0.0018232309957966208,23835,NOT_ENOUGH_INFO,0.0012090029194951057,0.0015741672832518816,SUPPORTS,6303.3740234375,8,24,raw8
I_real,0.0027308117132633924,132244,NOT_ENOUGH_INFO,0.001860000193119049,0.002337522261465589,SUPPORTS,6303.3740234375,8,24,raw8
I_real,0.002773506101220846,39959,NOT_ENOUGH_INFO,0.0016295805107802153,0.002297160836557547,SUPPORTS,6303.3740234375,8,24,raw8
I_shuffle,0.0011236657155677676,226458,SUPPORTS,0.0011590328067541122,0.0009857872501015663,SUPPORTS,7191.31298828125,8,24,raw8
I_shuffle,0.0014747459208592772,78516,SUPPORTS,0.0015235093887895346,0.0012687320122495294,SUPPORTS,7191.31298828125,8,24,raw8
I_shuffle,0.0024840873666107655,28788,SUPPORTS,0.0025309883058071136,0.00211068297115465,SUPPORTS,7191.31298828125,8,24,raw8
I_shuffle,0.0005447316798381507,117767,SUPPORTS,0.0005605017649941146,0.0004827748440826933,SUPPORTS,7191.31298828125,8,24,raw8
I_shuffle,0.002330182120203972,54789,REFUTES,0.0022560982033610344,0.0019246656835700076,SUPPORTS,7191.31298828125,8,24,raw8
I_shuffle,0.0014196585398167372,56960,REFUTES,0.001376247382722795,0.001207238722903033,SUPPORTS,7191.31298828125,8,24,raw8
I_shuffle,0.0015764196868985891,155125,REFUTES,0.001540654106065631,0.001317738089710474,SUPPORTS,7191.31298828125,8,24,raw8
I_shuffle,0.0033032919745892286,84675,REFUTES,0.003158347448334098,0.0027235717667887607,SUPPORTS,7191.31298828125,8,24,raw8
I_shuffle,0.0013198060914874077,64471,NOT_ENOUGH_INFO,0.000751564628444612,0.001125090871937573,SUPPORTS,7191.31298828125,8,24,raw8
I_shuffle,0.0014483676059171557,23835,NOT_ENOUGH_INFO,0.0007988587021827698,0.0012074472615495324,SUPPORTS,7191.31298828125,8,24,raw8
I_shuffle,0.0012738821096718311,132244,NOT_ENOUGH_INFO,0.0008011212339624763,0.0010943998349830508,SUPPORTS,7191.31298828125,8,24,raw8
I_shuffle,0.0012415021192282438,39959,NOT_ENOUGH_INFO,0.0007548611611127853,0.0010672578355297446,SUPPORTS,7191.31298828125,8,24,raw8
I_zero,0.001889462349936366,226458,SUPPORTS,0.002129209693521261,0.0017727270799999435,SUPPORTS,0.0,8,24,raw8
I_zero,0.0073038144037127495,78516,SUPPORTS,0.007966245524585247,0.0066084666177630424,SUPPORTS,0.0,8,24,raw8
I_zero,0.003526548622176051,28788,SUPPORTS,0.0037011108361184597,0.0031375323111812272,SUPPORTS,0.0,8,24,raw8
I_zero,0.0032637915574014187,117767,SUPPORTS,0.003378838300704956,0.002954495915522178,SUPPORTS,0.0,8,24,raw8
I_zero,0.0036671559792011976,54789,REFUTES,0.003387888427823782,0.0030390343939264617,SUPPORTS,0.0,8,24,raw8
I_zero,0.003106537042185664,56960,REFUTES,0.003211816307157278,0.0027828929790606103,SUPPORTS,0.0,8,24,raw8
I_zero,0.006073395721614361,155125,REFUTES,0.005002161022275686,0.004704395309090614,SUPPORTS,0.0,8,24,raw8
I_zero,0.007717162370681763,84675,REFUTES,0.006831656210124493,0.006317810155451298,SUPPORTS,0.0,8,24,raw8
I_zero,0.0066912174224853516,64471,NOT_ENOUGH_INFO,0.004303823225200176,0.005657242611050606,SUPPORTS,0.0,8,24,raw8
I_zero,0.00843053124845028,23835,NOT_ENOUGH_INFO,0.005279978271573782,0.007106589308629434,SUPPORTS,0.0,8,24,raw8
I_zero,0.013356953859329224,132244,NOT_ENOUGH_INFO,0.007828092202544212,0.01064169593155384,SUPPORTS,0.0,8,24,raw8
I_zero,0.008922656998038292,39959,NOT_ENOUGH_INFO,0.005191110074520111,0.0073966725418965025,SUPPORTS,0.0,8,24,raw8
I_real,0.0018609639955684543,226458,SUPPORTS,0.0019431328400969505,0.0016152027528733015,SUPPORTS,6563.40966796875,8,32,raw8
I_real,0.0019682671409100294,78516,SUPPORTS,0.002062705112621188,0.001738442884137233,SUPPORTS,6563.40966796875,8,32,raw8
I_real,0.0018318442162126303,28788,SUPPORTS,0.0019592158496379852,0.001627676033725341,SUPPORTS,6563.40966796875,8,32,raw8
I_real,0.0011383019154891372,117767,SUPPORTS,0.0012091901153326035,0.001013742876239121,SUPPORTS,6563.40966796875,8,32,raw8
I_real,0.001990480814129114,54789,REFUTES,0.0018432996002957225,0.0016279570991173387,SUPPORTS,6563.40966796875,8,32,raw8
I_real,0.0010957575868815184,56960,REFUTES,0.0010119136422872543,0.0009376111556775868,SUPPORTS,6563.40966796875,8,32,raw8
I_real,0.0012670792639255524,155125,REFUTES,0.0010751010850071907,0.0010341913051282365,SUPPORTS,6563.40966796875,8,32,raw8
I_real,0.0015708737773820758,84675,REFUTES,0.0014744283398613334,0.001324348656150202,SUPPORTS,6563.40966796875,8,32,raw8
I_real,0.004436624702066183,64471,NOT_ENOUGH_INFO,0.002401377772912383,0.0036922223710765443,SUPPORTS,6563.40966796875,8,32,raw8
I_real,0.0016105175018310547,23835,NOT_ENOUGH_INFO,0.0009784672874957323,0.0013685831800103188,SUPPORTS,6563.40966796875,8,32,raw8
I_real,0.002509690821170807,132244,NOT_ENOUGH_INFO,0.0014629873912781477,0.0020701336519171796,SUPPORTS,6563.40966796875,8,32,raw8
I_real,0.0025994270108640194,39959,NOT_ENOUGH_INFO,0.001484409673139453,0.0021705684096862874,SUPPORTS,6563.40966796875,8,32,raw8
I_shuffle,0.000933310657273978,226458,SUPPORTS,0.0009630226413719356,0.0008237932343035936,SUPPORTS,7572.93115234375,8,32,raw8
I_shuffle,0.0012292799074202776,78516,SUPPORTS,0.0012619029730558395,0.0010551541539219518,SUPPORTS,7572.93115234375,8,32,raw8
I_shuffle,0.002196555258706212,28788,SUPPORTS,0.002233522478491068,0.0018653299193829298,SUPPORTS,7572.93115234375,8,32,raw8
I_shuffle,0.00047653805813752115,117767,SUPPORTS,0.0004913315060548484,0.0004225470571933935,SUPPORTS,7572.93115234375,8,32,raw8
I_shuffle,0.002135968767106533,54789,REFUTES,0.0020770500414073467,0.0017675855197012424,SUPPORTS,7572.93115234375,8,32,raw8
I_shuffle,0.0016275899251922965,56960,REFUTES,0.0015813311329111457,0.0013732602819800377,SUPPORTS,7572.93115234375,8,32,raw8
I_shuffle,0.0013805263442918658,155125,REFUTES,0.0013555362820625305,0.0011545851399811606,SUPPORTS,7572.93115234375,8,32,raw8
I_shuffle,0.0026800930500030518,84675,REFUTES,0.0025229903403669596,0.0022000124057133994,SUPPORTS,7572.93115234375,8,32,raw8
I_shuffle,0.001009714207611978,64471,NOT_ENOUGH_INFO,0.0005711711710318923,0.0008599972740436593,SUPPORTS,7572.93115234375,8,32,raw8
I_shuffle,0.001147550530731678,23835,NOT_ENOUGH_INFO,0.0006383777363225818,0.0009521886240690947,SUPPORTS,7572.93115234375,8,32,raw8
I_shuffle,0.0011691455729305744,132244,NOT_ENOUGH_INFO,0.0007227231981232762,0.0009989565781628091,SUPPORTS,7572.93115234375,8,32,raw8
I_shuffle,0.0010694656521081924,39959,NOT_ENOUGH_INFO,0.0006600386695936322,0.0009250032793109616,SUPPORTS,7572.93115234375,8,32,raw8
I_zero,0.001889462349936366,226458,SUPPORTS,0.002129209693521261,0.0017727270799999435,SUPPORTS,0.0,8,32,raw8
I_zero,0.0073038144037127495,78516,SUPPORTS,0.007966245524585247,0.0066084666177630424,SUPPORTS,0.0,8,32,raw8
I_zero,0.003526548622176051,28788,SUPPORTS,0.0037011108361184597,0.0031375323111812272,SUPPORTS,0.0,8,32,raw8
I_zero,0.0032637915574014187,117767,SUPPORTS,0.003378838300704956,0.002954495915522178,SUPPORTS,0.0,8,32,raw8
I_zero,0.0036671559792011976,54789,REFUTES,0.003387888427823782,0.0030390343939264617,SUPPORTS,0.0,8,32,raw8
I_zero,0.003106537042185664,56960,REFUTES,0.003211816307157278,0.0027828929790606103,SUPPORTS,0.0,8,32,raw8
I_zero,0.006073395721614361,155125,REFUTES,0.005002161022275686,0.004704395309090614,SUPPORTS,0.0,8,32,raw8
I_zero,0.007717162370681763,84675,REFUTES,0.006831656210124493,0.006317810155451298,SUPPORTS,0.0,8,32,raw8
I_zero,0.0066912174224853516,64471,NOT_ENOUGH_INFO,0.004303823225200176,0.005657242611050606,SUPPORTS,0.0,8,32,raw8
I_zero,0.00843053124845028,23835,NOT_ENOUGH_INFO,0.005279978271573782,0.007106589308629434,SUPPORTS,0.0,8,32,raw8
I_zero,0.013356953859329224,132244,NOT_ENOUGH_INFO,0.007828092202544212,0.01064169593155384,SUPPORTS,0.0,8,32,raw8
I_zero,0.008922656998038292,39959,NOT_ENOUGH_INFO,0.005191110074520111,0.0073966725418965025,SUPPORTS,0.0,8,32,raw8
I_real,0.002120249904692173,226458,SUPPORTS,0.002258807886391878,0.0018702349625527859,SUPPORTS,6723.08984375,8,48,raw8
I_real,0.0014691567048430443,78516,SUPPORTS,0.0015649877022951841,0.0013267693187420566,SUPPORTS,6723.08984375,8,48,raw8
I_real,0.001801368547603488,28788,SUPPORTS,0.001948818564414978,0.0016128707987566788,SUPPORTS,6723.08984375,8,48,raw8
I_real,0.0010623745620250702,117767,SUPPORTS,0.0011498145759105682,0.0009600862783069412,SUPPORTS,6723.08984375,8,48,raw8
I_real,0.0021868222393095493,54789,REFUTES,0.002049746923148632,0.00179633932809035,SUPPORTS,6723.08984375,8,48,raw8
I_real,0.0013479851186275482,56960,REFUTES,0.0012242633383721113,0.0011384856964771946,SUPPORTS,6723.08984375,8,48,raw8
I_real,0.0011154215317219496,155125,REFUTES,0.0009323535487055779,0.0009145776275545359,SUPPORTS,6723.08984375,8,48,raw8
I_real,0.002120569348335266,84675,REFUTES,0.0019766276236623526,0.001803306086609761,SUPPORTS,6723.08984375,8,48,raw8
I_real,0.0035504414699971676,64471,NOT_ENOUGH_INFO,0.001969829900190234,0.0029369003605097532,SUPPORTS,6723.08984375,8,48,raw8
I_real,0.001838047057390213,23835,NOT_ENOUGH_INFO,0.001118834363296628,0.0015516454974810283,SUPPORTS,6723.08984375,8,48,raw8
I_real,0.0029794599395245314,132244,NOT_ENOUGH_INFO,0.0017952087800949812,0.002468328302105268,SUPPORTS,6723.08984375,8,48,raw8
I_real,0.0024611875414848328,39959,NOT_ENOUGH_INFO,0.0014201969606801867,0.0020436751268183193,SUPPORTS,6723.08984375,8,48,raw8
I_shuffle,0.0010566291166469455,226458,SUPPORTS,0.0010880222544074059,0.0009295592705408732,SUPPORTS,7823.04345703125,8,48,raw8
I_shuffle,0.0015357744414359331,78516,SUPPORTS,0.0015686440747231245,0.0013114915151769917,SUPPORTS,7823.04345703125,8,48,raw8
I_shuffle,0.0022884011268615723,28788,SUPPORTS,0.002329802606254816,0.0019456725179528196,SUPPORTS,7823.04345703125,8,48,raw8
I_shuffle,0.0005212274263612926,117767,SUPPORTS,0.0005344352684915066,0.00045902278119077283,SUPPORTS,7823.04345703125,8,48,raw8
I_shuffle,0.0023825373500585556,54789,REFUTES,0.002317320089787245,0.001970916986465454,SUPPORTS,7823.04345703125,8,48,raw8
I_shuffle,0.0017779640620574355,56960,REFUTES,0.001731797819957137,0.0014998343540355563,SUPPORTS,7823.04345703125,8,48,raw8
I_shuffle,0.0016111356671899557,155125,REFUTES,0.001573516521602869,0.0013473780127242208,SUPPORTS,7823.04345703125,8,48,raw8
I_shuffle,0.003276043338701129,84675,REFUTES,0.0030723491217941046,0.002681101749961575,SUPPORTS,7823.04345703125,8,48,raw8
I_shuffle,0.0013618840603157878,64471,NOT_ENOUGH_INFO,0.0007492469158023596,0.0011487964463109772,SUPPORTS,7823.04345703125,8,48,raw8
I_shuffle,0.0015402184799313545,23835,NOT_ENOUGH_INFO,0.0008437978103756905,0.001285238501926263,SUPPORTS,7823.04345703125,8,48,raw8
I_shuffle,0.0014044236158952117,132244,NOT_ENOUGH_INFO,0.0008621703600510955,0.0011984620553751786,SUPPORTS,7823.04345703125,8,48,raw8
I_shuffle,0.0015169463586062193,39959,NOT_ENOUGH_INFO,0.0008893217309378088,0.001293045604446282,SUPPORTS,7823.04345703125,8,48,raw8
I_zero,0.001889462349936366,226458,SUPPORTS,0.002129209693521261,0.0017727270799999435,SUPPORTS,0.0,8,48,raw8
I_zero,0.0073038144037127495,78516,SUPPORTS,0.007966245524585247,0.0066084666177630424,SUPPORTS,0.0,8,48,raw8
I_zero,0.003526548622176051,28788,SUPPORTS,0.0037011108361184597,0.0031375323111812272,SUPPORTS,0.0,8,48,raw8
I_zero,0.0032637915574014187,117767,SUPPORTS,0.003378838300704956,0.002954495915522178,SUPPORTS,0.0,8,48,raw8
I_zero,0.0036671559792011976,54789,REFUTES,0.003387888427823782,0.0030390343939264617,SUPPORTS,0.0,8,48,raw8
I_zero,0.003106537042185664,56960,REFUTES,0.003211816307157278,0.0027828929790606103,SUPPORTS,0.0,8,48,raw8
I_zero,0.006073395721614361,155125,REFUTES,0.005002161022275686,0.004704395309090614,SUPPORTS,0.0,8,48,raw8
I_zero,0.007717162370681763,84675,REFUTES,0.006831656210124493,0.006317810155451298,SUPPORTS,0.0,8,48,raw8
I_zero,0.0066912174224853516,64471,NOT_ENOUGH_INFO,0.004303823225200176,0.005657242611050606,SUPPORTS,0.0,8,48,raw8
I_zero,0.00843053124845028,23835,NOT_ENOUGH_INFO,0.005279978271573782,0.007106589308629434,SUPPORTS,0.0,8,48,raw8
I_zero,0.013356953859329224,132244,NOT_ENOUGH_INFO,0.007828092202544212,0.01064169593155384,SUPPORTS,0.0,8,48,raw8
I_zero,0.008922656998038292,39959,NOT_ENOUGH_INFO,0.005191110074520111,0.0073966725418965025,SUPPORTS,0.0,8,48,raw8
I_real,0.010706916451454163,226458,SUPPORTS,0.011339720338582993,0.011416714638471603,REFUTES,7001.44140625,8,64,raw8
I_real,0.010368606075644493,78516,SUPPORTS,0.010491433553397655,0.009637578080097834,REFUTES,7001.44140625,8,64,raw8
I_real,0.009758701547980309,28788,SUPPORTS,0.009908556006848812,0.008696211657176415,REFUTES,7001.44140625,8,64,raw8
I_real,0.01143692433834076,117767,SUPPORTS,0.012458190321922302,0.01205272227525711,REFUTES,7001.44140625,8,64,raw8
I_real,0.009852921590209007,54789,REFUTES,0.010135660879313946,0.008965815107027689,REFUTES,7001.44140625,8,64,raw8
I_real,0.009249985218048096,56960,REFUTES,0.009337186813354492,0.008527408043543497,REFUTES,7001.44140625,8,64,raw8
I_real,0.009493166580796242,155125,REFUTES,0.00952912401407957,0.008449580830832323,REFUTES,7001.44140625,8,64,raw8
I_real,0.012160655111074448,84675,REFUTES,0.01022636890411377,0.011096162100632986,REFUTES,7001.44140625,8,64,raw8
I_real,0.01105508767068386,64471,NOT_ENOUGH_INFO,0.010753802955150604,0.010998506098985672,REFUTES,7001.44140625,8,64,raw8
I_real,0.007834210991859436,23835,NOT_ENOUGH_INFO,0.0045949677005410194,0.006578382880737384,REFUTES,7001.44140625,8,64,raw8
I_real,0.011756500229239464,132244,NOT_ENOUGH_INFO,0.009903528727591038,0.010734010798235735,REFUTES,7001.44140625,8,64,raw8
I_real,0.015011797659099102,39959,NOT_ENOUGH_INFO,0.012163473293185234,0.013571976373593012,REFUTES,7001.44140625,8,64,raw8
I_shuffle,0.00020845234394073486,226458,SUPPORTS,0.00023700296878814697,0.00023724304628558457,SUPPORTS,3628.38037109375,8,64,raw8
I_shuffle,0.0002947002649307251,78516,SUPPORTS,0.00032823783112689853,0.0003284514047360669,SUPPORTS,3628.38037109375,8,64,raw8
I_shuffle,0.0002946406602859497,28788,SUPPORTS,0.0003309796447865665,0.0003276943461969495,SUPPORTS,3628.38037109375,8,64,raw8
I_shuffle,0.00027839592075906694,117767,SUPPORTS,0.0003161182103212923,0.000308052539670219,SUPPORTS,3628.38037109375,8,64,raw8
I_shuffle,0.00037377577973529696,54789,REFUTES,0.0003431737422943115,0.00037597824120894074,SUPPORTS,3628.38037109375,8,64,raw8
I_shuffle,0.0003619343042373657,56960,REFUTES,0.00032751759863458574,0.0003610704540430258,SUPPORTS,3628.38037109375,8,64,raw8
I_shuffle,0.00031100711203180254,155125,REFUTES,0.0002829134464263916,0.00031274847181824345,SUPPORTS,3628.38037109375,8,64,raw8
I_shuffle,0.0004364798660390079,84675,REFUTES,0.0003970215911976993,0.00042862943761671585,SUPPORTS,3628.38037109375,8,64,raw8
I_shuffle,0.000732719898223877,64471,NOT_ENOUGH_INFO,0.0007701491704210639,0.0007213544643794497,SUPPORTS,3628.38037109375,8,64,raw8
I_shuffle,0.0007295807590708137,23835,NOT_ENOUGH_INFO,0.0007564052939414978,0.0007140379942332705,SUPPORTS,3628.38037109375,8,64,raw8
I_shuffle,0.0007493793964385986,132244,NOT_ENOUGH_INFO,0.0007692277431488037,0.000733779549288253,SUPPORTS,3628.38037109375,8,64,raw8
I_shuffle,0.0007873773574829102,39959,NOT_ENOUGH_INFO,0.0008020898094400764,0.0007688635184119145,SUPPORTS,3628.38037109375,8,64,raw8
I_zero,0.001889462349936366,226458,SUPPORTS,0.002129209693521261,0.0017727270799999435,SUPPORTS,0.0,8,64,raw8
I_zero,0.0073038144037127495,78516,SUPPORTS,0.007966245524585247,0.0066084666177630424,SUPPORTS,0.0,8,64,raw8
I_zero,0.003526548622176051,28788,SUPPORTS,0.0037011108361184597,0.0031375323111812272,SUPPORTS,0.0,8,64,raw8
I_zero,0.0032637915574014187,117767,SUPPORTS,0.003378838300704956,0.002954495915522178,SUPPORTS,0.0,8,64,raw8
I_zero,0.0036671559792011976,54789,REFUTES,0.003387888427823782,0.0030390343939264617,SUPPORTS,0.0,8,64,raw8
I_zero,0.003106537042185664,56960,REFUTES,0.003211816307157278,0.0027828929790606103,SUPPORTS,0.0,8,64,raw8
I_zero,0.006073395721614361,155125,REFUTES,0.005002161022275686,0.004704395309090614,SUPPORTS,0.0,8,64,raw8
I_zero,0.007717162370681763,84675,REFUTES,0.006831656210124493,0.006317810155451298,SUPPORTS,0.0,8,64,raw8
I_zero,0.0066912174224853516,64471,NOT_ENOUGH_INFO,0.004303823225200176,0.005657242611050606,SUPPORTS,0.0,8,64,raw8
I_zero,0.00843053124845028,23835,NOT_ENOUGH_INFO,0.005279978271573782,0.007106589308629434,SUPPORTS,0.0,8,64,raw8
I_zero,0.013356953859329224,132244,NOT_ENOUGH_INFO,0.007828092202544212,0.01064169593155384,SUPPORTS,0.0,8,64,raw8
I_zero,0.008922656998038292,39959,NOT_ENOUGH_INFO,0.005191110074520111,0.0073966725418965025,SUPPORTS,0.0,8,64,raw8
I_real,0.000439734518295154,226458,SUPPORTS,0.000680040568113327,0.0013393513994136204,SUPPORTS,86.66448211669922,8,0,triad6
I_real,0.000629094778560102,78516,SUPPORTS,0.0005653674597851932,0.0011329079861752689,SUPPORTS,86.66448211669922,8,0,triad6
I_real,0.0007410223479382694,28788,SUPPORTS,0.0008515144581906497,0.0013384608319029212,SUPPORTS,86.66448211669922,8,0,triad6
I_real,0.0007966198027133942,117767,SUPPORTS,0.0007577526266686618,0.0014937030112681289,SUPPORTS,86.66448211669922,8,0,triad6
I_real,0.0003542838094290346,54789,REFUTES,0.0004439589974936098,0.0008315926534123719,SUPPORTS,86.66448211669922,8,0,triad6
I_real,0.0005447244038805366,56960,REFUTES,0.0007361894240602851,0.0013770598452538252,SUPPORTS,86.66448211669922,8,0,triad6
I_real,0.0006080543389543891,155125,REFUTES,0.00054791325237602,0.0013472111119578283,SUPPORTS,86.66448211669922,8,0,triad6
I_real,0.0005187628557905555,84675,REFUTES,0.0005915674264542758,0.0013465949838670592,SUPPORTS,86.66448211669922,8,0,triad6
I_real,0.0010362690081819892,64471,NOT_ENOUGH_INFO,0.004214748740196228,0.002121846734856566,SUPPORTS,86.66448211669922,8,0,triad6
I_real,0.0008026957511901855,23835,NOT_ENOUGH_INFO,0.003881434677168727,0.0018423216533847153,SUPPORTS,86.66448211669922,8,0,triad6
I_real,0.0010339667787775397,132244,NOT_ENOUGH_INFO,0.004715291317552328,0.0022253237548284233,SUPPORTS,86.66448211669922,8,0,triad6
I_real,0.0007237593526951969,39959,NOT_ENOUGH_INFO,0.0028884958010166883,0.0014572756481356919,SUPPORTS,86.66448211669922,8,0,triad6
I_shuffle,0.00012483075261116028,226458,SUPPORTS,0.00014218859723769128,0.00022000209234344462,SUPPORTS,86.78545379638672,8,0,triad6
I_shuffle,0.00017097096133511513,78516,SUPPORTS,9.815534576773643e-05,0.00023612111787466952,SUPPORTS,86.78545379638672,8,0,triad6
I_shuffle,0.00010607298463582993,28788,SUPPORTS,7.236422970890999e-05,9.667350968811661e-05,SUPPORTS,86.78545379638672,8,0,triad6
I_shuffle,0.00012337369844317436,117767,SUPPORTS,5.4171156079974025e-05,0.00010037735288885112,SUPPORTS,86.78545379638672,8,0,triad6
I_shuffle,6.459769792854786e-05,54789,REFUTES,9.147854143520817e-05,0.0001034382512443699,SUPPORTS,86.78545379638672,8,0,triad6
I_shuffle,0.0005026670987717807,56960,REFUTES,0.0005243247142061591,0.0006842358076634506,SUPPORTS,86.78545379638672,8,0,triad6
I_shuffle,4.823505878448486e-05,155125,REFUTES,5.785950270364992e-05,7.868757408383924e-05,SUPPORTS,86.78545379638672,8,0,triad6
I_shuffle,0.00026854686439037323,84675,REFUTES,0.00017215839761774987,0.00030921482539270073,SUPPORTS,86.78545379638672,8,0,triad6
I_shuffle,0.0005401736125349998,64471,NOT_ENOUGH_INFO,0.0005592430825345218,0.0005525885693108042,SUPPORTS,86.78545379638672,8,0,triad6
I_shuffle,0.00028686350560747087,23835,NOT_ENOUGH_INFO,0.00031124212546274066,0.0002784812919950734,SUPPORTS,86.78545379638672,8,0,triad6
I_shuffle,0.0001847477105911821,132244,NOT_ENOUGH_INFO,0.00026186867034994066,0.0002017936009603242,SUPPORTS,86.78545379638672,8,0,triad6
I_shuffle,0.0003348402678966522,39959,NOT_ENOUGH_INFO,0.0004899501800537109,0.0003543102939147502,SUPPORTS,86.78545379638672,8,0,triad6
I_zero,0.001889462349936366,226458,SUPPORTS,0.002129209693521261,0.0017727270799999435,SUPPORTS,0.0,8,0,triad6
I_zero,0.0073038144037127495,78516,SUPPORTS,0.007966245524585247,0.0066084666177630424,SUPPORTS,0.0,8,0,triad6
I_zero,0.003526548622176051,28788,SUPPORTS,0.0037011108361184597,0.0031375323111812272,SUPPORTS,0.0,8,0,triad6
I_zero,0.0032637915574014187,117767,SUPPORTS,0.003378838300704956,0.002954495915522178,SUPPORTS,0.0,8,0,triad6
I_zero,0.0036671559792011976,54789,REFUTES,0.003387888427823782,0.0030390343939264617,SUPPORTS,0.0,8,0,triad6
I_zero,0.003106537042185664,56960,REFUTES,0.003211816307157278,0.0027828929790606103,SUPPORTS,0.0,8,0,triad6
I_zero,0.006073395721614361,155125,REFUTES,0.005002161022275686,0.004704395309090614,SUPPORTS,0.0,8,0,triad6
I_zero,0.007717162370681763,84675,REFUTES,0.006831656210124493,0.006317810155451298,SUPPORTS,0.0,8,0,triad6
I_zero,0.0066912174224853516,64471,NOT_ENOUGH_INFO,0.004303823225200176,0.005657242611050606,SUPPORTS,0.0,8,0,triad6
I_zero,0.00843053124845028,23835,NOT_ENOUGH_INFO,0.005279978271573782,0.007106589308629434,SUPPORTS,0.0,8,0,triad6
I_zero,0.013356953859329224,132244,NOT_ENOUGH_INFO,0.007828092202544212,0.01064169593155384,SUPPORTS,0.0,8,0,triad6
I_zero,0.008922656998038292,39959,NOT_ENOUGH_INFO,0.005191110074520111,0.0073966725418965025,SUPPORTS,0.0,8,0,triad6
I_real,0.004040325991809368,226458,SUPPORTS,0.0051603419706225395,0.003897623469432195,SUPPORTS,3562.585205078125,8,8,triad6
I_real,0.0031644876580685377,78516,SUPPORTS,0.004300057888031006,0.0031575167862077556,SUPPORTS,3562.585205078125,8,8,triad6
I_real,0.005087616853415966,28788,SUPPORTS,0.006302312016487122,0.0047709266655147076,SUPPORTS,3562.585205078125,8,8,triad6
I_real,0.003804964479058981,117767,SUPPORTS,0.00461877416819334,0.003551092386866609,SUPPORTS,3562.585205078125,8,8,triad6
I_real,0.006042813416570425,54789,REFUTES,0.004004205577075481,0.004156495289256175,SUPPORTS,3562.585205078125,8,8,triad6
I_real,0.0049588484689593315,56960,REFUTES,0.0035687536001205444,0.003573132213205099,SUPPORTS,3562.585205078125,8,8,triad6
I_real,0.0068960487842559814,155125,REFUTES,0.0052287159487605095,0.005072127717236678,SUPPORTS,3562.585205078125,8,8,triad6
I_real,0.006476069800555706,84675,REFUTES,0.005315353628247976,0.004966807862122853,SUPPORTS,3562.585205078125,8,8,triad6
I_real,0.007664035074412823,64471,NOT_ENOUGH_INFO,0.0036974798422306776,0.006016897891337673,SUPPORTS,3562.585205078125,8,8,triad6
I_real,0.008232973515987396,23835,NOT_ENOUGH_INFO,0.003728195559233427,0.0061606233939528465,SUPPORTS,3562.585205078125,8,8,triad6
I_real,0.006534894462674856,132244,NOT_ENOUGH_INFO,0.003192619886249304,0.005030932215352853,SUPPORTS,3562.585205078125,8,8,triad6
I_real,0.008950273506343365,39959,NOT_ENOUGH_INFO,0.004299988504499197,0.006996285791198413,SUPPORTS,3562.585205078125,8,8,triad6
I_shuffle,0.006449366919696331,226458,SUPPORTS,0.007607787847518921,0.006023556149254243,SUPPORTS,4841.96240234375,8,8,triad6
I_shuffle,0.002068509813398123,78516,SUPPORTS,0.0020098339300602674,0.002042626884455482,SUPPORTS,4841.96240234375,8,8,triad6
I_shuffle,0.006563564296811819,28788,SUPPORTS,0.006557643413543701,0.005551755117873351,SUPPORTS,4841.96240234375,8,8,triad6
I_shuffle,0.00834257435053587,117767,SUPPORTS,0.009715735912322998,0.007525128001968066,SUPPORTS,4841.96240234375,8,8,triad6
I_shuffle,0.007066215388476849,54789,REFUTES,0.006245896220207214,0.005735999283691247,SUPPORTS,4841.96240234375,8,8,triad6
I_shuffle,0.005782872438430786,56960,REFUTES,0.0054914504289627075,0.004706079761187236,SUPPORTS,4841.96240234375,8,8,triad6
I_shuffle,0.003262405749410391,155125,REFUTES,0.002576058264821768,0.0025818200083449483,SUPPORTS,4841.96240234375,8,8,triad6
I_shuffle,0.004413026385009289,84675,REFUTES,0.003191322088241577,0.003147982177324593,SUPPORTS,4841.96240234375,8,8,triad6
I_shuffle,0.002958163619041443,64471,NOT_ENOUGH_INFO,0.001426399452611804,0.0023438403538117805,SUPPORTS,4841.96240234375,8,8,triad6
I_shuffle,0.006248126737773418,23835,NOT_ENOUGH_INFO,0.0029637839179486036,0.00481368872957925,SUPPORTS,4841.96240234375,8,8,triad6
I_shuffle,0.0027506104670464993,132244,NOT_ENOUGH_INFO,0.002428849693387747,0.0027874064010878405,SUPPORTS,4841.96240234375,8,8,triad6
I_shuffle,0.006508678197860718,39959,NOT_ENOUGH_INFO,0.0041260248981416225,0.005553729987392823,SUPPORTS,4841.96240234375,8,8,triad6
I_zero,0.001889462349936366,226458,SUPPORTS,0.002129209693521261,0.0017727270799999435,SUPPORTS,0.0,8,8,triad6
I_zero,0.0073038144037127495,78516,SUPPORTS,0.007966245524585247,0.0066084666177630424,SUPPORTS,0.0,8,8,triad6
I_zero,0.003526548622176051,28788,SUPPORTS,0.0037011108361184597,0.0031375323111812272,SUPPORTS,0.0,8,8,triad6
I_zero,0.0032637915574014187,117767,SUPPORTS,0.003378838300704956,0.002954495915522178,SUPPORTS,0.0,8,8,triad6
I_zero,0.0036671559792011976,54789,REFUTES,0.003387888427823782,0.0030390343939264617,SUPPORTS,0.0,8,8,triad6
I_zero,0.003106537042185664,56960,REFUTES,0.003211816307157278,0.0027828929790606103,SUPPORTS,0.0,8,8,triad6
I_zero,0.006073395721614361,155125,REFUTES,0.005002161022275686,0.004704395309090614,SUPPORTS,0.0,8,8,triad6
I_zero,0.007717162370681763,84675,REFUTES,0.006831656210124493,0.006317810155451298,SUPPORTS,0.0,8,8,triad6
I_zero,0.0066912174224853516,64471,NOT_ENOUGH_INFO,0.004303823225200176,0.005657242611050606,SUPPORTS,0.0,8,8,triad6
I_zero,0.00843053124845028,23835,NOT_ENOUGH_INFO,0.005279978271573782,0.007106589308629434,SUPPORTS,0.0,8,8,triad6
I_zero,0.013356953859329224,132244,NOT_ENOUGH_INFO,0.007828092202544212,0.01064169593155384,SUPPORTS,0.0,8,8,triad6
I_zero,0.008922656998038292,39959,NOT_ENOUGH_INFO,0.005191110074520111,0.0073966725418965025,SUPPORTS,0.0,8,8,triad6
I_real,0.006040642969310284,226458,SUPPORTS,0.007208143826574087,0.005565810948610306,SUPPORTS,5682.62353515625,8,16,triad6
I_real,0.0034757591784000397,78516,SUPPORTS,0.0040373108349740505,0.0031702391958485046,SUPPORTS,5682.62353515625,8,16,triad6
I_real,0.005830674432218075,28788,SUPPORTS,0.006337031722068787,0.005104555748403072,SUPPORTS,5682.62353515625,8,16,triad6
I_real,0.00562957813963294,117767,SUPPORTS,0.0060102990828454494,0.0048795577604323626,SUPPORTS,5682.62353515625,8,16,triad6
I_real,0.005607470870018005,54789,REFUTES,0.004764805547893047,0.004325590717295806,SUPPORTS,5682.62353515625,8,16,triad6
I_real,0.004284416791051626,56960,REFUTES,0.003585494589060545,0.0032981422264128923,SUPPORTS,5682.62353515625,8,16,triad6
I_real,0.004927809350192547,155125,REFUTES,0.004230729304254055,0.0038518463261425495,SUPPORTS,5682.62353515625,8,16,triad6
I_real,0.009134079329669476,84675,REFUTES,0.008273790590465069,0.007309283750752608,SUPPORTS,5682.62353515625,8,16,triad6
I_real,0.007084151264280081,64471,NOT_ENOUGH_INFO,0.0035596219822764397,0.005750025467326243,SUPPORTS,5682.62353515625,8,16,triad6
I_real,0.008844038471579552,23835,NOT_ENOUGH_INFO,0.004341034218668938,0.007084519291917483,SUPPORTS,5682.62353515625,8,16,triad6
I_real,0.005844215862452984,132244,NOT_ENOUGH_INFO,0.003084728494286537,0.004765005161364873,SUPPORTS,5682.62353515625,8,16,triad6
I_real,0.006756335496902466,39959,NOT_ENOUGH_INFO,0.003473678370937705,0.005547262029722333,SUPPORTS,5682.62353515625,8,16,triad6
I_shuffle,0.0043909004889428616,226458,SUPPORTS,0.0036319494247436523,0.0036745925123492875,SUPPORTS,6876.9794921875,8,16,triad6
I_shuffle,0.0005627136561088264,78516,SUPPORTS,0.00042327269329689443,0.0004768786117589722,SUPPORTS,6876.9794921875,8,16,triad6
I_shuffle,0.004945228807628155,28788,SUPPORTS,0.004318739287555218,0.004049960756674409,SUPPORTS,6876.9794921875,8,16,triad6
I_shuffle,0.006711344234645367,117767,SUPPORTS,0.006310681812465191,0.00558838186164697,SUPPORTS,6876.9794921875,8,16,triad6
I_shuffle,0.004804412834346294,54789,REFUTES,0.005833338014781475,0.004642409427712361,SUPPORTS,6876.9794921875,8,16,triad6
I_shuffle,0.0026520714163780212,56960,REFUTES,0.0038371882401406765,0.002796169021166861,SUPPORTS,6876.9794921875,8,16,triad6
I_shuffle,0.0025755714159458876,155125,REFUTES,0.0029397557955235243,0.002961859184627732,SUPPORTS,6876.9794921875,8,16,triad6
I_shuffle,0.002925602253526449,84675,REFUTES,0.0029816727619618177,0.0025286839033166566,SUPPORTS,6876.9794921875,8,16,triad6
I_shuffle,0.0024695321917533875,64471,NOT_ENOUGH_INFO,0.001748356968164444,0.002451398720343908,SUPPORTS,6876.9794921875,8,16,triad6
I_shuffle,0.007151387631893158,23835,NOT_ENOUGH_INFO,0.003919852431863546,0.006670327701916297,SUPPORTS,6876.9794921875,8,16,triad6
I_shuffle,0.002007136819884181,132244,NOT_ENOUGH_INFO,0.002009636489674449,0.0022343898502488932,SUPPORTS,6876.9794921875,8,16,triad6
I_shuffle,0.005873789545148611,39959,NOT_ENOUGH_INFO,0.003459309693425894,0.005302801883469026,SUPPORTS,6876.9794921875,8,16,triad6
I_zero,0.001889462349936366,226458,SUPPORTS,0.002129209693521261,0.0017727270799999435,SUPPORTS,0.0,8,16,triad6
I_zero,0.0073038144037127495,78516,SUPPORTS,0.007966245524585247,0.0066084666177630424,SUPPORTS,0.0,8,16,triad6
I_zero,0.003526548622176051,28788,SUPPORTS,0.0037011108361184597,0.0031375323111812272,SUPPORTS,0.0,8,16,triad6
I_zero,0.0032637915574014187,117767,SUPPORTS,0.003378838300704956,0.002954495915522178,SUPPORTS,0.0,8,16,triad6
I_zero,0.0036671559792011976,54789,REFUTES,0.003387888427823782,0.0030390343939264617,SUPPORTS,0.0,8,16,triad6
I_zero,0.003106537042185664,56960,REFUTES,0.003211816307157278,0.0027828929790606103,SUPPORTS,0.0,8,16,triad6
I_zero,0.006073395721614361,155125,REFUTES,0.005002161022275686,0.004704395309090614,SUPPORTS,0.0,8,16,triad6
I_zero,0.007717162370681763,84675,REFUTES,0.006831656210124493,0.006317810155451298,SUPPORTS,0.0,8,16,triad6
I_zero,0.0066912174224853516,64471,NOT_ENOUGH_INFO,0.004303823225200176,0.005657242611050606,SUPPORTS,0.0,8,16,triad6
I_zero,0.00843053124845028,23835,NOT_ENOUGH_INFO,0.005279978271573782,0.007106589308629434,SUPPORTS,0.0,8,16,triad6
I_zero,0.013356953859329224,132244,NOT_ENOUGH_INFO,0.007828092202544212,0.01064169593155384,SUPPORTS,0.0,8,16,triad6
I_zero,0.008922656998038292,39959,NOT_ENOUGH_INFO,0.005191110074520111,0.0073966725418965025,SUPPORTS,0.0,8,16,triad6
I_real,0.005105709657073021,226458,SUPPORTS,0.005551318638026714,0.0044401828199625015,SUPPORTS,6693.82763671875,8,24,triad6
I_real,0.004170771222561598,78516,SUPPORTS,0.005235101096332073,0.0038649748700360456,SUPPORTS,6693.82763671875,8,24,triad6
I_real,0.007657124660909176,28788,SUPPORTS,0.00833975337445736,0.006632575920472543,SUPPORTS,6693.82763671875,8,24,triad6
I_real,0.005269268527626991,117767,SUPPORTS,0.005876824259757996,0.00462007134531935,SUPPORTS,6693.82763671875,8,24,triad6
I_real,0.005832411348819733,54789,REFUTES,0.005227520130574703,0.004585636934886376,SUPPORTS,6693.82763671875,8,24,triad6
I_real,0.004813139792531729,56960,REFUTES,0.0039756204932928085,0.003618895774707198,SUPPORTS,6693.82763671875,8,24,triad6
I_real,0.006263214163482189,155125,REFUTES,0.005528006237000227,0.004894467381139596,SUPPORTS,6693.82763671875,8,24,triad6
I_real,0.008040079846978188,84675,REFUTES,0.0073663778603076935,0.006388678525884946,SUPPORTS,6693.82763671875,8,24,triad6
I_real,0.009902894496917725,64471,NOT_ENOUGH_INFO,0.004625359550118446,0.007847728207707405,SUPPORTS,6693.82763671875,8,24,triad6
I_real,0.01066375058144331,23835,NOT_ENOUGH_INFO,0.004963798448443413,0.00843755186845859,SUPPORTS,6693.82763671875,8,24,triad6
I_real,0.00794441532343626,132244,NOT_ENOUGH_INFO,0.003715140512213111,0.006290478864684701,SUPPORTS,6693.82763671875,8,24,triad6
I_real,0.008177126757800579,39959,NOT_ENOUGH_INFO,0.003896129783242941,0.006566097804655631,SUPPORTS,6693.82763671875,8,24,triad6
I_shuffle,0.003874888177961111,226458,SUPPORTS,0.0031358003616333008,0.003256392665207386,SUPPORTS,7827.919921875,8,24,triad6
I_shuffle,0.0018831168999895453,78516,SUPPORTS,0.0013588778674602509,0.0015797853314628203,SUPPORTS,7827.919921875,8,24,triad6
I_shuffle,0.005158792249858379,28788,SUPPORTS,0.004389753099530935,0.004238966231544812,SUPPORTS,7827.919921875,8,24,triad6
I_shuffle,0.008524477481842041,117767,SUPPORTS,0.00799743365496397,0.007072563904027144,SUPPORTS,7827.919921875,8,24,triad6
I_shuffle,0.004903291817754507,54789,REFUTES,0.005977511405944824,0.004860222417240341,SUPPORTS,7827.919921875,8,24,triad6
I_shuffle,0.003642278490588069,56960,REFUTES,0.004537115804851055,0.0034764402080327272,SUPPORTS,7827.919921875,8,24,triad6
I_shuffle,0.0025601338129490614,155125,REFUTES,0.0020318827591836452,0.0023913326828430095,SUPPORTS,7827.919921875,8,24,triad6
I_shuffle,0.005108607467263937,84675,REFUTES,0.004972775932401419,0.004280474580203493,SUPPORTS,7827.919921875,8,24,triad6
I_shuffle,0.0027932028751820326,64471,NOT_ENOUGH_INFO,0.0020637898705899715,0.002901888219639659,SUPPORTS,7827.919921875,8,24,triad6
I_shuffle,0.008618621155619621,23835,NOT_ENOUGH_INFO,0.0045899897813797,0.00774390281488498,SUPPORTS,7827.919921875,8,24,triad6
I_shuffle,0.001183837652206421,132244,NOT_ENOUGH_INFO,0.0014658471336588264,0.0014711171776677172,SUPPORTS,7827.919921875,8,24,triad6
I_shuffle,0.005955725908279419,39959,NOT_ENOUGH_INFO,0.0038062534295022488,0.005418972888340552,SUPPORTS,7827.919921875,8,24,triad6
I_zero,0.001889462349936366,226458,SUPPORTS,0.002129209693521261,0.0017727270799999435,SUPPORTS,0.0,8,24,triad6
I_zero,0.0073038144037127495,78516,SUPPORTS,0.007966245524585247,0.0066084666177630424,SUPPORTS,0.0,8,24,triad6
I_zero,0.003526548622176051,28788,SUPPORTS,0.0037011108361184597,0.0031375323111812272,SUPPORTS,0.0,8,24,triad6
I_zero,0.0032637915574014187,117767,SUPPORTS,0.003378838300704956,0.002954495915522178,SUPPORTS,0.0,8,24,triad6
I_zero,0.0036671559792011976,54789,REFUTES,0.003387888427823782,0.0030390343939264617,SUPPORTS,0.0,8,24,triad6
I_zero,0.003106537042185664,56960,REFUTES,0.003211816307157278,0.0027828929790606103,SUPPORTS,0.0,8,24,triad6
I_zero,0.006073395721614361,155125,REFUTES,0.005002161022275686,0.004704395309090614,SUPPORTS,0.0,8,24,triad6
I_zero,0.007717162370681763,84675,REFUTES,0.006831656210124493,0.006317810155451298,SUPPORTS,0.0,8,24,triad6
I_zero,0.0066912174224853516,64471,NOT_ENOUGH_INFO,0.004303823225200176,0.005657242611050606,SUPPORTS,0.0,8,24,triad6
I_zero,0.00843053124845028,23835,NOT_ENOUGH_INFO,0.005279978271573782,0.007106589308629434,SUPPORTS,0.0,8,24,triad6
I_zero,0.013356953859329224,132244,NOT_ENOUGH_INFO,0.007828092202544212,0.01064169593155384,SUPPORTS,0.0,8,24,triad6
I_zero,0.008922656998038292,39959,NOT_ENOUGH_INFO,0.005191110074520111,0.0073966725418965025,SUPPORTS,0.0,8,24,triad6
I_real,0.00757311936467886,226458,SUPPORTS,0.008575618267059326,0.006769238350292047,SUPPORTS,7097.97412109375,8,32,triad6
I_real,0.005875737871974707,78516,SUPPORTS,0.006330646574497223,0.005253302243848641,SUPPORTS,7097.97412109375,8,32,triad6
I_real,0.006396263837814331,28788,SUPPORTS,0.006428400985896587,0.005420060129836202,SUPPORTS,7097.97412109375,8,32,triad6
I_real,0.00718639325350523,117767,SUPPORTS,0.0075206756591796875,0.006160314194858074,SUPPORTS,7097.97412109375,8,32,triad6
I_real,0.010104022920131683,54789,REFUTES,0.009273052215576172,0.008253814031680426,SUPPORTS,7097.97412109375,8,32,triad6
I_real,0.008924514055252075,56960,REFUTES,0.008441412821412086,0.007318664186944564,SUPPORTS,7097.97412109375,8,32,triad6
I_real,0.012220010161399841,155125,REFUTES,0.01192086935043335,0.010147748359789452,SUPPORTS,7097.97412109375,8,32,triad6
I_real,0.008213534951210022,84675,REFUTES,0.00732156727463007,0.0064227853436023,SUPPORTS,7097.97412109375,8,32,triad6
I_real,0.008525650016963482,64471,NOT_ENOUGH_INFO,0.004315703641623259,0.006970550399273634,SUPPORTS,7097.97412109375,8,32,triad6
I_real,0.008742153644561768,23835,NOT_ENOUGH_INFO,0.004132851958274841,0.006897882247964541,SUPPORTS,7097.97412109375,8,32,triad6
I_real,0.004952540155500174,132244,NOT_ENOUGH_INFO,0.0022369411308318377,0.003801121609285474,SUPPORTS,7097.97412109375,8,32,triad6
I_real,0.008645917288959026,39959,NOT_ENOUGH_INFO,0.004082478582859039,0.006859104769925277,SUPPORTS,7097.97412109375,8,32,triad6
I_shuffle,0.005825986620038748,226458,SUPPORTS,0.005033443681895733,0.005288723700990279,SUPPORTS,8247.4697265625,8,32,triad6
I_shuffle,0.004247655626386404,78516,SUPPORTS,0.0024855583906173706,0.003407402274509271,SUPPORTS,8247.4697265625,8,32,triad6
I_shuffle,0.007630884647369385,28788,SUPPORTS,0.0068701705895364285,0.00628259622802337,SUPPORTS,8247.4697265625,8,32,triad6
I_shuffle,0.012712201103568077,117767,SUPPORTS,0.011869530193507671,0.010269231628626585,SUPPORTS,8247.4697265625,8,32,triad6
I_shuffle,0.008771821856498718,54789,REFUTES,0.00917118787765503,0.0077940540698667364,SUPPORTS,8247.4697265625,8,32,triad6
I_shuffle,0.00814390741288662,56960,REFUTES,0.009300172328948975,0.00738942405829827,SUPPORTS,8247.4697265625,8,32,triad6
I_shuffle,0.006211996078491211,155125,REFUTES,0.0063229999504983425,0.0058923629112541676,SUPPORTS,8247.4697265625,8,32,triad6
I_shuffle,0.0053412169218063354,84675,REFUTES,0.005127131938934326,0.004553308943286538,SUPPORTS,8247.4697265625,8,32,triad6
I_shuffle,0.0049486360512673855,64471,NOT_ENOUGH_INFO,0.003198751714080572,0.0048480527475476265,SUPPORTS,8247.4697265625,8,32,triad6
I_shuffle,0.008276669308543205,23835,NOT_ENOUGH_INFO,0.005189625080674887,0.007236605354895194,SUPPORTS,8247.4697265625,8,32,triad6
I_shuffle,0.004342678003013134,132244,NOT_ENOUGH_INFO,0.0037946379743516445,0.004501458878318469,SUPPORTS,8247.4697265625,8,32,triad6
I_shuffle,0.007136484142392874,39959,NOT_ENOUGH_INFO,0.005203649401664734,0.006734770257025957,SUPPORTS,8247.4697265625,8,32,triad6
I_zero,0.001889462349936366,226458,SUPPORTS,0.002129209693521261,0.0017727270799999435,SUPPORTS,0.0,8,32,triad6
I_zero,0.0073038144037127495,78516,SUPPORTS,0.007966245524585247,0.0066084666177630424,SUPPORTS,0.0,8,32,triad6
I_zero,0.003526548622176051,28788,SUPPORTS,0.0037011108361184597,0.0031375323111812272,SUPPORTS,0.0,8,32,triad6
I_zero,0.0032637915574014187,117767,SUPPORTS,0.003378838300704956,0.002954495915522178,SUPPORTS,0.0,8,32,triad6
I_zero,0.0036671559792011976,54789,REFUTES,0.003387888427823782,0.0030390343939264617,SUPPORTS,0.0,8,32,triad6
I_zero,0.003106537042185664,56960,REFUTES,0.003211816307157278,0.0027828929790606103,SUPPORTS,0.0,8,32,triad6
I_zero,0.006073395721614361,155125,REFUTES,0.005002161022275686,0.004704395309090614,SUPPORTS,0.0,8,32,triad6
I_zero,0.007717162370681763,84675,REFUTES,0.006831656210124493,0.006317810155451298,SUPPORTS,0.0,8,32,triad6
I_zero,0.0066912174224853516,64471,NOT_ENOUGH_INFO,0.004303823225200176,0.005657242611050606,SUPPORTS,0.0,8,32,triad6
I_zero,0.00843053124845028,23835,NOT_ENOUGH_INFO,0.005279978271573782,0.007106589308629434,SUPPORTS,0.0,8,32,triad6
I_zero,0.013356953859329224,132244,NOT_ENOUGH_INFO,0.007828092202544212,0.01064169593155384,SUPPORTS,0.0,8,32,triad6
I_zero,0.008922656998038292,39959,NOT_ENOUGH_INFO,0.005191110074520111,0.0073966725418965025,SUPPORTS,0.0,8,32,triad6
I_real,0.004195295739918947,226458,SUPPORTS,0.005530416965484619,0.003988375266393025,SUPPORTS,9362.0,8,48,triad6
I_real,0.0033134850673377514,78516,SUPPORTS,0.004796624183654785,0.0032846168614923954,SUPPORTS,9362.0,8,48,triad6
I_real,0.006216088309884071,28788,SUPPORTS,0.007425283547490835,0.005616264417767525,SUPPORTS,9362.0,8,48,triad6
I_real,0.002481180941686034,117767,SUPPORTS,0.003599509596824646,0.002467162635487815,SUPPORTS,9362.0,8,48,triad6
I_real,0.0066108680330216885,54789,REFUTES,0.0048620919696986675,0.004668954449395339,SUPPORTS,9362.0,8,48,triad6
I_real,0.0035193562507629395,56960,REFUTES,0.0021643165964633226,0.002283944437901179,SUPPORTS,9362.0,8,48,triad6
I_real,0.003680586814880371,155125,REFUTES,0.00239759823307395,0.0024481056801353893,SUPPORTS,9362.0,8,48,triad6
I_real,0.004876874387264252,84675,REFUTES,0.003905395744368434,0.003603889374062419,SUPPORTS,9362.0,8,48,triad6
I_real,0.004499753471463919,64471,NOT_ENOUGH_INFO,0.0016955083701759577,0.0031227027842154107,SUPPORTS,9362.0,8,48,triad6
I_real,0.006813307758420706,23835,NOT_ENOUGH_INFO,0.002548802876845002,0.004742312633122007,SUPPORTS,9362.0,8,48,triad6
I_real,0.004770477768033743,132244,NOT_ENOUGH_INFO,0.0017199588473886251,0.0032173541840165854,SUPPORTS,9362.0,8,48,triad6
I_real,0.003964652772992849,39959,NOT_ENOUGH_INFO,0.0016626594588160515,0.002917676387975613,SUPPORTS,9362.0,8,48,triad6
I_shuffle,0.006997843738645315,226458,SUPPORTS,0.005300313234329224,0.005863801576197147,SUPPORTS,8520.6240234375,8,48,triad6
I_shuffle,0.003656869288533926,78516,SUPPORTS,0.0022277473472058773,0.003060168819501996,SUPPORTS,8520.6240234375,8,48,triad6
I_shuffle,0.007193207740783691,28788,SUPPORTS,0.0060253143310546875,0.005823704569290082,SUPPORTS,8520.6240234375,8,48,triad6
I_shuffle,0.009129743091762066,117767,SUPPORTS,0.007614185567945242,0.007162525629003842,SUPPORTS,8520.6240234375,8,48,triad6
I_shuffle,0.005639910697937012,54789,REFUTES,0.0069889528676867485,0.005759649910032749,SUPPORTS,8520.6240234375,8,48,triad6
I_shuffle,0.005878125783056021,56960,REFUTES,0.0077506303787231445,0.00585186496997873,SUPPORTS,8520.6240234375,8,48,triad6
I_shuffle,0.0044457316398620605,155125,REFUTES,0.0074358186684548855,0.005595127896716197,SUPPORTS,8520.6240234375,8,48,triad6
I_shuffle,0.004633503966033459,84675,REFUTES,0.004666020628064871,0.004030350362882018,SUPPORTS,8520.6240234375,8,48,triad6
I_shuffle,0.005787762813270092,64471,NOT_ENOUGH_INFO,0.004505697637796402,0.005890845165898402,SUPPORTS,8520.6240234375,8,48,triad6
I_shuffle,0.008034540340304375,23835,NOT_ENOUGH_INFO,0.006244321819394827,0.0071450648829340935,SUPPORTS,8520.6240234375,8,48,triad6
I_shuffle,0.005346494726836681,132244,NOT_ENOUGH_INFO,0.004644717089831829,0.005717755450556676,SUPPORTS,8520.6240234375,8,48,triad6
I_shuffle,0.003987506031990051,39959,NOT_ENOUGH_INFO,0.00459609180688858,0.004655001064141591,SUPPORTS,8520.6240234375,8,48,triad6
I_zero,0.001889462349936366,226458,SUPPORTS,0.002129209693521261,0.0017727270799999435,SUPPORTS,0.0,8,48,triad6
I_zero,0.0073038144037127495,78516,SUPPORTS,0.007966245524585247,0.0066084666177630424,SUPPORTS,0.0,8,48,triad6
I_zero,0.003526548622176051,28788,SUPPORTS,0.0037011108361184597,0.0031375323111812272,SUPPORTS,0.0,8,48,triad6
I_zero,0.0032637915574014187,117767,SUPPORTS,0.003378838300704956,0.002954495915522178,SUPPORTS,0.0,8,48,triad6
I_zero,0.0036671559792011976,54789,REFUTES,0.003387888427823782,0.0030390343939264617,SUPPORTS,0.0,8,48,triad6
I_zero,0.003106537042185664,56960,REFUTES,0.003211816307157278,0.0027828929790606103,SUPPORTS,0.0,8,48,triad6
I_zero,0.006073395721614361,155125,REFUTES,0.005002161022275686,0.004704395309090614,SUPPORTS,0.0,8,48,triad6
I_zero,0.007717162370681763,84675,REFUTES,0.006831656210124493,0.006317810155451298,SUPPORTS,0.0,8,48,triad6
I_zero,0.0066912174224853516,64471,NOT_ENOUGH_INFO,0.004303823225200176,0.005657242611050606,SUPPORTS,0.0,8,48,triad6
I_zero,0.00843053124845028,23835,NOT_ENOUGH_INFO,0.005279978271573782,0.007106589308629434,SUPPORTS,0.0,8,48,triad6
I_zero,0.013356953859329224,132244,NOT_ENOUGH_INFO,0.007828092202544212,0.01064169593155384,SUPPORTS,0.0,8,48,triad6
I_zero,0.008922656998038292,39959,NOT_ENOUGH_INFO,0.005191110074520111,0.0073966725418965025,SUPPORTS,0.0,8,48,triad6
I_real,0.005684226751327515,226458,SUPPORTS,0.009047120809555054,0.006528237679352363,REFUTES,11397.9072265625,8,64,triad6
I_real,0.009372989647090435,78516,SUPPORTS,0.011809349060058594,0.009411315278460583,REFUTES,11397.9072265625,8,64,triad6
I_real,0.006123980041593313,28788,SUPPORTS,0.007429718971252441,0.006380376871675253,REFUTES,11397.9072265625,8,64,triad6
I_real,0.007472872734069824,117767,SUPPORTS,0.007896065711975098,0.0077011386553446455,REFUTES,11397.9072265625,8,64,triad6
I_real,0.00747448205947876,54789,REFUTES,0.0067860884591937065,0.0066034067422151566,REFUTES,11397.9072265625,8,64,triad6
I_real,0.010880867950618267,56960,REFUTES,0.008927425369620323,0.009358030743896961,REFUTES,11397.9072265625,8,64,triad6
I_real,0.013720433227717876,155125,REFUTES,0.012653907760977745,0.011761764995753765,REFUTES,11397.9072265625,8,64,triad6
I_real,0.017411470413208008,84675,REFUTES,0.015192747116088867,0.014301253793140253,REFUTES,11397.9072265625,8,64,triad6
I_real,0.009507755748927593,64471,NOT_ENOUGH_INFO,0.009063909761607647,0.010593047055105368,REFUTES,11397.9072265625,8,64,triad6
I_real,0.009683351032435894,23835,NOT_ENOUGH_INFO,0.010143722407519817,0.010883770262201628,REFUTES,11397.9072265625,8,64,triad6
I_real,0.012286782264709473,132244,NOT_ENOUGH_INFO,0.014374027960002422,0.014640520326793194,REFUTES,11397.9072265625,8,64,triad6
I_real,0.013941685669124126,39959,NOT_ENOUGH_INFO,0.013279220089316368,0.014314194830755392,REFUTES,11397.9072265625,8,64,triad6
I_shuffle,0.00010589471639832482,226458,SUPPORTS,0.00010702449071686715,9.966228147580598e-05,SUPPORTS,10540.5625,8,64,triad6
I_shuffle,0.00013443719944916666,78516,SUPPORTS,0.00013836519792675972,0.0001316633812772731,SUPPORTS,10540.5625,8,64,triad6
I_shuffle,0.00014845732948742807,28788,SUPPORTS,0.0001505298278061673,0.00014089563531645885,SUPPORTS,10540.5625,8,64,triad6
I_shuffle,0.00014261063188314438,117767,SUPPORTS,0.00014763837680220604,0.00013928650878369808,SUPPORTS,10540.5625,8,64,triad6
I_shuffle,0.00018034472304861993,54789,REFUTES,0.00017133168876171112,0.0001655590458540246,SUPPORTS,10540.5625,8,64,triad6
I_shuffle,0.00016681617125868797,56960,REFUTES,0.00015858173719607294,0.00015578261809423566,SUPPORTS,10540.5625,8,64,triad6
I_shuffle,0.0001635976805118844,155125,REFUTES,0.00015516439452767372,0.00014923215591503927,SUPPORTS,10540.5625,8,64,triad6
I_shuffle,0.00018347613513469696,84675,REFUTES,0.00016866251826286316,0.0001653252305307736,SUPPORTS,10540.5625,8,64,triad6
I_shuffle,0.00035568824387155473,64471,NOT_ENOUGH_INFO,0.0002821961825247854,0.00032492526224814355,SUPPORTS,10540.5625,8,64,triad6
I_shuffle,0.0003914085100404918,23835,NOT_ENOUGH_INFO,0.0003102899936493486,0.00035714369732886553,SUPPORTS,10540.5625,8,64,triad6
I_shuffle,0.0003560418263077736,132244,NOT_ENOUGH_INFO,0.0002798062632791698,0.0003208527438497792,SUPPORTS,10540.5625,8,64,triad6
I_shuffle,0.0004025983507744968,39959,NOT_ENOUGH_INFO,0.0003056158311665058,0.00035881287961577374,SUPPORTS,10540.5625,8,64,triad6
I_zero,0.001889462349936366,226458,SUPPORTS,0.002129209693521261,0.0017727270799999435,SUPPORTS,0.0,8,64,triad6
I_zero,0.0073038144037127495,78516,SUPPORTS,0.007966245524585247,0.0066084666177630424,SUPPORTS,0.0,8,64,triad6
I_zero,0.003526548622176051,28788,SUPPORTS,0.0037011108361184597,0.0031375323111812272,SUPPORTS,0.0,8,64,triad6
I_zero,0.0032637915574014187,117767,SUPPORTS,0.003378838300704956,0.002954495915522178,SUPPORTS,0.0,8,64,triad6
I_zero,0.0036671559792011976,54789,REFUTES,0.003387888427823782,0.0030390343939264617,SUPPORTS,0.0,8,64,triad6
I_zero,0.003106537042185664,56960,REFUTES,0.003211816307157278,0.0027828929790606103,SUPPORTS,0.0,8,64,triad6
I_zero,0.006073395721614361,155125,REFUTES,0.005002161022275686,0.004704395309090614,SUPPORTS,0.0,8,64,triad6
I_zero,0.007717162370681763,84675,REFUTES,0.006831656210124493,0.006317810155451298,SUPPORTS,0.0,8,64,triad6
I_zero,0.0066912174224853516,64471,NOT_ENOUGH_INFO,0.004303823225200176,0.005657242611050606,SUPPORTS,0.0,8,64,triad6
I_zero,0.00843053124845028,23835,NOT_ENOUGH_INFO,0.005279978271573782,0.007106589308629434,SUPPORTS,0.0,8,64,triad6
I_zero,0.013356953859329224,132244,NOT_ENOUGH_INFO,0.007828092202544212,0.01064169593155384,SUPPORTS,0.0,8,64,triad6
I_zero,0.008922656998038292,39959,NOT_ENOUGH_INFO,0.005191110074520111,0.0073966725418965025,SUPPORTS,0.0,8,64,triad6
