F_choice_scores,F_correct,F_predicted_label,G_choice_scores,G_correct,G_predicted_label,b_plus_content_choice_scores,b_plus_content_correct,b_plus_content_predicted_label,base_choice_scores,base_correct,base_predicted_label,benchmark_id,best_of_b_plus_content_correct,best_of_b_plus_content_source,best_of_bf_correct,best_of_bf_source,branch_effect_scores,candidate_total_scores,content_alignment_sign,content_effect_scores,content_push_alpha1,context_preview,delta_branch,delta_candidate_total,delta_content,delta_shared,example_id,gold_text,margin_A,margin_B,margin_B_plus_content,margin_F,margin_G,needed_fix,oracle_alpha_content,oracle_alpha_content_choice_scores,oracle_alpha_content_correct,oracle_alpha_content_predicted_label,oracle_alpha_content_selection_reason,screening_bucket,shared_choice_scores,shared_correct,shared_effect_bucket,shared_effect_scores,shared_margin_band,shared_predicted_label,weighted_content_alignment
"[0.0020767594687640667, 0.008002465590834618, -0.02706928551197052]",True,REFUTES,"[0.002079460769891739, 0.00800566840916872, -0.027066953480243683]",True,REFUTES,"[0.0009352411143481731, 0.00963541865348816, -0.027568956837058067]",True,REFUTES,"[0.0, -0.0003680505615193397, -0.028249591588974]",False,SUPPORTS,fever,True,B,True,B,"[0.0011415183544158936, -0.0016329530626535416, 0.0004996713250875473]","[0.0011388170532882214, -0.0016361558809876442, 0.0004973392933607101]",0,"[-2.7013011276721954e-06, -3.2028183341026306e-06, -2.332031726837158e-06]",-5.015172064304352e-07,"Claim: Pink is a Dutch singer. || Evidence: Alecia Beth Moore -LRB- born September 8 , 1979 -RRB- , known professionally as Pink -LRB- frequently stylized as -RRB- , is an American singer , songwriter , dancer , and actress. || Labels: SUPPORTS: Supports | REFUTES: Refutes | NOT_ENOUGH_INFO: Not enough info || Decide the correct label.",-0.002774471417069435,-0.0027749729342758656,-5.015172064304352e-07,0.009068729617865756,106308,Refutes,-0.0003680505615193397,0.008700679056346416,0.008700177539139986,0.005925706122070551,0.005926207639276981,-0.008700679056346416,0.0,"[0.0009379424154758453, 0.009638621471822262, -0.02756662480533123]",True,REFUTES,correct_min_abs,near_threshold_bad,"[0.0009379424154758453, 0.009638621471822262, -0.02756662480533123]",True,shared_helped,"[0.0009379424154758453, 0.010006672033341601, 0.0006829667836427689]",non_negative,REFUTES,0.0
"[-0.00029752019327133894, 0.008482643403112888, -0.04150094836950302]",True,REFUTES,"[-0.00029595557134598494, 0.008485830388963223, -0.041499391198158264]",True,REFUTES,"[-0.0007418363820761442, 0.009122643619775772, -0.04170294106006622]",True,REFUTES,"[0.0, -0.0003669780562631786, -0.04155309498310089]",False,SUPPORTS,fever,True,B,True,B,"[0.0004443161888048053, -0.0006400002166628838, 0.0002019926905632019]","[0.0004427515668794513, -0.0006431872025132179, 0.00020043551921844482]",0,"[-1.564621925354004e-06, -3.1869858503341675e-06, -1.55717134475708e-06]",-1.6223639249801636e-06,"Claim: John Goodman has not had lead roles. || Evidence: His other film performances include lead roles in The Babe -LRB- 1992 -RRB- , The Flintstones -LRB- 1994 -RRB- and 10 Cloverfield Lane -LRB- 2016 -RRB- and supporting roles in Coyote Ugly -LRB- 2000 -RRB- , The Artist -LRB- 2011 -RRB- , Extremely Loud and Incredibly Close -LRB- 2011 -RRB- , Argo -LRB- 2012 -RRB- , Flight -LRB- 2012 -RRB- , The Hangover Part III -LRB- 2013 -RRB- , and Patriots Day -LRB- 2016 -RRB-. || Labels: SUPPORTS: Supports | REFUTES: Refutes | NOT_ENOUGH_INFO: Not enough info || Decide the correct label.",-0.001084316405467689,-0.0010859387693926692,-1.6223639249801636e-06,0.010233080422040075,112137,Refutes,-0.0003669780562631786,0.009866102365776896,0.009864480001851916,0.008780163596384227,0.008781785960309207,-0.009866102365776896,0.0,"[-0.0007402717601507902, 0.009125830605626106, -0.041701383888721466]",True,REFUTES,correct_min_abs,near_threshold_bad,"[-0.0007402717601507902, 0.009125830605626106, -0.041701383888721466]",True,shared_helped,"[-0.0007402717601507902, 0.009492808661889285, -0.00014828890562057495]",non_negative,REFUTES,0.0
"[-0.002965638181194663, 0.007749306038022041, -0.022955719381570816]",False,REFUTES,"[-0.002969196764752269, 0.007745699025690556, -0.022958610206842422]",False,REFUTES,"[-0.0029620795976370573, 0.007752913050353527, -0.02295282855629921]",False,REFUTES,"[0.0, -0.0005639393348246813, -0.0196672510355711]",True,SUPPORTS,fever,False,B,False,B,"[-3.5585835576057434e-06, -3.6070123314857483e-06, -2.8908252716064453e-06]","[0.0, 0.0, 0.0]",-1,"[3.5585835576057434e-06, 3.6070123314857483e-06, 2.8908252716064453e-06]",-4.842877388000488e-08,"Claim: There is a software that is branded with a number for the versions it is released as called Adobe Photoshop. || Evidence: However , in October 2002 , following the introduction of Creative Suite branding , each new version of Photoshop was designated with `` CS '' plus a number ; e.g. , the eighth major version of Photoshop was Photoshop CS and the ninth major version was Photoshop CS2. || Labels: SUPPORTS: Supports | REFUTES: Refutes | NOT_ENOUGH_INFO: Not enough info || Decide the correct label.",4.842877388000488e-08,0.0,-4.842877388000488e-08,-0.011278883554041386,114158,Supports,0.0005639393348246813,-0.010714944219216704,-0.010714992647990584,-0.010714944219216704,-0.010714895790442824,0.010714944219216704,-4096.0,"[-0.017541596433147788, -0.007025016471743584, -0.034796539694070816]",False,REFUTES,best_margin_when_all_wrong,base_correct_control,"[-0.002965638181194663, 0.007749306038022041, -0.022955719381570816]",False,shared_hurt,"[-0.002965638181194663, 0.008313245372846723, -0.0032884683459997177]",near_threshold,REFUTES,-4.8428728682635964e-08
"[0.004038010723888874, 0.0063065411522984505, -0.026297396048903465]",True,REFUTES,"[0.004037305247038603, 0.006305826362222433, -0.02629798650741577]",True,REFUTES,"[0.001743085216730833, 0.009592711459845304, -0.027286630123853683]",True,REFUTES,"[0.0, -0.0002699726028367877, -0.028795519843697548]",False,SUPPORTS,fever,True,B,True,B,"[0.002294925507158041, -0.003286170307546854, 0.0009892340749502182]","[0.0022956309840083122, -0.0032854555174708366, 0.0009898245334625244]",0,"[7.05476850271225e-07, 7.147900760173798e-07, 5.904585123062134e-07]",9.313225746154785e-09,"Claim: The Big Country is a river. || Evidence: The Big Country is a 1958 American epic Western film directed by William Wyler and starring Gregory Peck , Jean Simmons , Carroll Baker , Charlton Heston and Burl Ives. || Labels: SUPPORTS: Supports | REFUTES: Refutes | NOT_ENOUGH_INFO: Not enough info || Decide the correct label.",-0.005581095814704895,-0.005581086501479149,9.313225746154785e-09,0.008119589532725513,115920,Refutes,-0.0002699726028367877,0.007849616929888725,0.007849626243114471,0.0022685304284095764,0.0022685211151838303,-0.007849616929888725,0.0,"[0.0017423797398805618, 0.009591996669769287, -0.02728722058236599]",True,REFUTES,correct_min_abs,near_threshold_bad,"[0.0017423797398805618, 0.009591996669769287, -0.02728722058236599]",True,shared_helped,"[0.0017423797398805618, 0.009861969272606075, 0.0015082992613315582]",non_negative,REFUTES,0.0
"[0.007816391997039318, 0.00619882857427001, -0.0015103504993021488]",False,SUPPORTS,"[0.007818825542926788, 0.0062019238248467445, -0.001508192392066121]",False,SUPPORTS,"[0.004469729028642178, 0.01125634228810668, -0.0032288876827806234]",True,REFUTES,"[0.0, -0.0003036991402041167, -0.006350057665258646]",False,SUPPORTS,fever,True,B,True,B,"[0.0033466629683971405, -0.00505751371383667, 0.0017185371834784746]","[0.0033442294225096703, -0.0050606089644134045, 0.001716379076242447]",0,"[-2.4335458874702454e-06, -3.095250576734543e-06, -2.1581072360277176e-06]",-6.617046892642975e-07,"Claim: Phoenix, Arizona is in southwestern Mexico. || Evidence: Phoenix -LRB- -LSB- ˈfiːnᵻks -RSB- -RRB- is the capital and most populous city of the U.S. state of Arizona. || Labels: SUPPORTS: Supports | REFUTES: Refutes | NOT_ENOUGH_INFO: Not enough info || Decide the correct label.",-0.00840417668223381,-0.008404838386923075,-6.617046892642975e-07,0.007090974104357883,118434,Refutes,-0.0003036991402041167,0.006787274964153767,0.006786613259464502,-0.001617563422769308,-0.0016169017180800438,-0.006787274964153767,0.0,"[0.004472162574529648, 0.011259437538683414, -0.0032267295755445957]",True,REFUTES,correct_min_abs,stubborn_wrong,"[0.004472162574529648, 0.011259437538683414, -0.0032267295755445957]",True,shared_helped,"[0.004472162574529648, 0.011563136678887531, 0.0031233280897140503]",non_negative,REFUTES,0.0
"[0.003976027946919203, 0.006442441139370203, -0.018425973132252693]",True,REFUTES,"[0.003974251914769411, 0.006440482102334499, -0.018427470698952675]",True,REFUTES,"[0.0018214002484455705, 0.009665097575634718, -0.01948876865208149]",True,REFUTES,"[0.0, -0.00036745471879839897, -0.021163025870919228]",False,SUPPORTS,fever,True,B,True,B,"[0.0021546276984736323, -0.003222656436264515, 0.0010627955198287964]","[0.002156403730623424, -0.0032206973992288113, 0.001064293086528778]",0,"[1.7760321497917175e-06, 1.959037035703659e-06, 1.4975666999816895e-06]",1.8300488591194153e-07,"Claim: Mount Hood is the lowest point in its state. || Evidence: In addition to being Oregon 's highest mountain , it is one of the loftiest mountains in the nation based on its prominence. || Labels: SUPPORTS: Supports | REFUTES: Refutes | NOT_ENOUGH_INFO: Not enough info || Decide the correct label.",-0.005377284134738147,-0.005377101129852235,1.8300488591194153e-07,0.008210969041101635,119227,Refutes,-0.00036745471879839897,0.007843514322303236,0.007843697327189147,0.002466413192451,0.0024662301875650883,-0.007843514322303236,0.0,"[0.0018196242162957788, 0.009663138538599014, -0.01949026621878147]",True,REFUTES,correct_min_abs,near_threshold_bad,"[0.0018196242162957788, 0.009663138538599014, -0.01949026621878147]",True,shared_helped,"[0.0018196242162957788, 0.010030593257397413, 0.0016727596521377563]",non_negative,REFUTES,0.0
"[0.007465238217264414, 0.007298043929040432, -0.018425224348902702]",True,SUPPORTS,"[0.007466903887689114, 0.007299873512238264, -0.018423791974782944]",True,SUPPORTS,"[0.004462512210011482, 0.011779178399592638, -0.019908560439944267]",False,REFUTES,"[0.0, -0.0002108589978888631, -0.023524677380919456]",True,SUPPORTS,fever,False,B,True,F,"[0.0030027260072529316, -0.004481134470552206, 0.001483336091041565]","[0.003001060336828232, -0.004482964053750038, 0.0014819037169218063]",1,"[-1.6656704246997833e-06, -1.8295831978321075e-06, -1.432374119758606e-06]",1.6391277313232422e-07,Claim: Cyprus is a place where tourists go. || Evidence: Cyprus is a major tourist destination in the Mediterranean. || Labels: SUPPORTS: Supports | REFUTES: Refutes | NOT_ENOUGH_INFO: Not enough info || Decide the correct label.,0.007483860477805138,0.00748402439057827,1.6391277313232422e-07,-0.007527689100243151,121548,Supports,0.0002108589978888631,-0.007316830102354288,-0.007316666189581156,0.00016719428822398186,0.00016703037545084953,0.007316830102354288,4096.0,"[-0.0023584081791341305, 0.004287035204470158, -0.02577413246035576]",False,REFUTES,best_margin_when_all_wrong,base_correct_control,"[0.004464177880436182, 0.01178100798279047, -0.01990712806582451]",False,shared_hurt,"[0.004464177880436182, 0.011991866980679333, 0.003617549315094948]",near_threshold,REFUTES,1.6391254911106526e-07
"[0.006767050363123417, 0.00881816167384386, -0.010412894189357758]",False,REFUTES,"[0.006766311824321747, 0.00881676934659481, -0.010413603857159615]",False,REFUTES,"[0.004297851584851742, 0.012366719543933868, -0.011489411816000938]",False,REFUTES,"[0.0, -0.0006073060794733465, -0.016415908932685852]",True,SUPPORTS,fever,False,B,False,B,"[0.002469198778271675, -0.0035485578700900078, 0.0010765176266431808]","[0.002469937317073345, -0.0035471655428409576, 0.0010772272944450378]",-1,"[7.385388016700745e-07, 1.3923272490501404e-06, 7.096678018569946e-07]",-6.537884473800659e-07,"Claim: The Gettysburg Address is a speech. || Evidence: Despite the speech 's prominent place in the history and popular culture of the United States , the exact wording and location of the speech are disputed. || Labels: SUPPORTS: Supports | REFUTES: Refutes | NOT_ENOUGH_INFO: Not enough info || Decide the correct label.",0.006017756648361683,0.006017102859914303,-6.537884473800659e-07,-0.008675520250108093,124578,Supports,0.0006073060794733465,-0.008068214170634747,-0.008068867959082127,-0.0020511113107204437,-0.0020504575222730637,0.008068214170634747,-4096.0,"[0.0012720581144094467, 0.006662354804575443, -0.014396920800209045]",False,REFUTES,best_margin_when_all_wrong,base_correct_control,"[0.004297113046050072, 0.012365327216684818, -0.011490121483802795]",False,shared_hurt,"[0.004297113046050072, 0.012972633296158165, 0.004925787448883057]",near_threshold,REFUTES,-6.537876370549764e-07
"[0.0030402308329939842, 0.012381378561258316, -0.03081650286912918]",True,REFUTES,"[0.003041150514036417, 0.0123833529651165, -0.03081563673913479]",True,REFUTES,"[0.002635151380673051, 0.012978570535779, -0.03101237490773201]",True,REFUTES,"[0.0, -0.00029583368450403214, -0.034608397632837296]",False,SUPPORTS,fever,True,B,True,B,"[0.00040507945232093334, -0.0005971919745206833, 0.00019587203860282898]","[0.00040415977127850056, -0.0005991663783788681, 0.00019500590860843658]",0,"[-9.19681042432785e-07, -1.9744038581848145e-06, -8.66129994392395e-07]",-1.0547228157520294e-06,"Claim: MSG is only used in the film industry. || Evidence: Monosodium glutamate is found naturally in tomatoes , cheese and other foods. || Labels: SUPPORTS: Supports | REFUTES: Refutes | NOT_ENOUGH_INFO: Not enough info || Decide the correct label.",-0.0010022714268416166,-0.0010033261496573687,-1.0547228157520294e-06,0.010640307562425733,128004,Refutes,-0.00029583368450403214,0.0103444738779217,0.010343419155105948,0.009341147728264332,0.009342202451080084,-0.0103444738779217,0.0,"[0.0026360710617154837, 0.012980544939637184, -0.031011508777737617]",True,REFUTES,correct_min_abs,stubborn_wrong,"[0.0026360710617154837, 0.012980544939637184, -0.031011508777737617]",True,shared_helped,"[0.0026360710617154837, 0.013276378624141216, 0.003596888855099678]",non_negative,REFUTES,0.0
"[0.005220981314778328, 0.009335633367300034, -0.0055133020505309105]",True,REFUTES,"[0.005219646729528904, 0.00933309830725193, -0.005514604039490223]",True,REFUTES,"[0.0033150576055049896, 0.01206200011074543, -0.006328572519123554]",True,REFUTES,"[0.0, -0.00029952809563837945, -0.010180268436670303]",False,SUPPORTS,fever,True,B,True,B,"[0.0019059237092733383, -0.0027263667434453964, 0.0008152704685926437]","[0.0019072582945227623, -0.002723831683397293, 0.0008165724575519562]",0,"[1.3345852494239807e-06, 2.5350600481033325e-06, 1.301988959312439e-06]",1.2004747986793518e-06,"Claim: Burbank, California has always been completely void of industry. || Evidence: It was the location of Lockheed 's Skunk Works , which produced some of the most secret and technologically advanced airplanes , including the U-2 spy planes that uncovered the Soviet Union missile components in Cuba in October 1962. || Labels: SUPPORTS: Supports | REFUTES: Refutes | NOT_ENOUGH_INFO: Not enough info || Decide the correct label.",-0.004632290452718735,-0.004631089977920055,1.2004747986793518e-06,0.00904527012608014,130048,Refutes,-0.00029952809563837945,0.008745742030441761,0.00874694250524044,0.004114652052521706,0.004113451577723026,-0.008745742030441761,0.0,"[0.0033137230202555656, 0.012059465050697327, -0.006329874508082867]",True,REFUTES,correct_min_abs,stubborn_wrong,"[0.0033137230202555656, 0.012059465050697327, -0.006329874508082867]",True,shared_helped,"[0.0033137230202555656, 0.012358993146335706, 0.0038503939285874367]",non_negative,REFUTES,0.0
"[0.003851401386782527, 0.001764882355928421, -0.022472158074378967]",False,SUPPORTS,"[0.003852256340906024, 0.0017665699124336243, -0.022471284493803978]",False,SUPPORTS,"[0.0001270165666937828, 0.006998095195740461, -0.023984400555491447]",True,REFUTES,"[0.0, -0.0001998939987970516, -0.024300238117575645]",False,SUPPORTS,fever,True,B,True,B,"[0.003724384820088744, -0.00523321283981204, 0.0015122424811124802]","[0.003723529865965247, -0.005234900396317244, 0.0015113689005374908]",0,"[-8.549541234970093e-07, -1.687556505203247e-06, -8.735805749893188e-07]",-8.326023817062378e-07,Claim: DodgeBall: A True Underdog Story was written and directed solely by Rob Lowe. || Evidence: DodgeBall : A True Underdog Story is a 2004 American sports comedy film written and directed by Rawson Marshall Thurber and starring Vince Vaughn and Ben Stiller. || Labels: SUPPORTS: Supports | REFUTES: Refutes | NOT_ENOUGH_INFO: Not enough info || Decide the correct label.,-0.008957597659900784,-0.00895843026228249,-8.326023817062378e-07,0.007071805230225436,131105,Refutes,-0.0001998939987970516,0.006871911231428385,0.0068710786290466785,-0.002086519030854106,-0.0020856864284723997,-0.006871911231428385,0.0,"[0.00012787152081727982, 0.006999782752245665, -0.023983526974916458]",True,REFUTES,correct_min_abs,near_threshold_bad,"[0.00012787152081727982, 0.006999782752245665, -0.023983526974916458]",True,shared_helped,"[0.00012787152081727982, 0.007199676751042716, 0.0003167111426591873]",non_negative,REFUTES,0.0
"[0.0016161247622221708, 0.004901168867945671, -0.032784927636384964]",False,REFUTES,"[0.0016183676198124886, 0.0049034901894629, -0.03278304636478424]",False,REFUTES,"[-0.00033642607741057873, 0.007847449276596308, -0.033785101026296616]",False,REFUTES,"[0.0, -0.00017641419253777713, -0.031879425048828125]",True,SUPPORTS,fever,False,B,False,B,"[0.0019525508396327496, -0.0029462804086506367, 0.0010001733899116516]","[0.0019503079820424318, -0.0029486017301678658, 0.0009982921183109283]",1,"[-2.242857590317726e-06, -2.32132151722908e-06, -1.8812716007232666e-06]",7.846392691135406e-08,"Claim: Daredevil is based on the character of the same name. || Evidence: Marvel 's Daredevil , or simply Daredevil , is an American web television series created for Netflix by Drew Goddard , based on the Marvel Comics character of the same name. || Labels: SUPPORTS: Supports | REFUTES: Refutes | NOT_ENOUGH_INFO: Not enough info || Decide the correct label.",0.004898831248283386,0.004898909712210298,7.846392691135406e-08,-0.008360368010471575,132874,Supports,0.00017641419253777713,-0.008183953817933798,-0.008183875354006886,-0.0032850441057235003,-0.0032851225696504116,0.008183953817933798,4096.0,"[-0.009520927909761667, -0.0016583623364567757, -0.04148890823125839]",False,REFUTES,best_margin_when_all_wrong,base_correct_control,"[-0.000334183219820261, 0.007849770598113537, -0.03378321975469589]",False,shared_hurt,"[-0.000334183219820261, 0.008026184790651314, -0.0019037947058677673]",near_threshold,REFUTES,7.84638310361417e-08
"[-0.0019525159150362015, 0.008853098377585411, -0.027436217293143272]",True,REFUTES,"[-0.001955560874193907, 0.00885001290589571, -0.027438698336482048]",True,REFUTES,"[-0.0019494709558784962, 0.008856183849275112, -0.027433736249804497]",True,REFUTES,"[0.0, -0.0002026352594839409, -0.02495501935482025]",False,SUPPORTS,fever,True,B,True,B,"[-3.044959157705307e-06, -3.0854716897010803e-06, -2.4810433387756348e-06]","[0.0, 0.0, 0.0]",0,"[3.044959157705307e-06, 3.0854716897010803e-06, 2.4810433387756348e-06]",4.0512531995773315e-08,"Claim: Castlevania was developed for the Nintendo Wii. || Evidence: Castlevania , known in Japan as , is an action-platformer video game developed and published by Konami for the Family Computer Disk System video game console in Japan in September 1986. || Labels: SUPPORTS: Supports | REFUTES: Refutes | NOT_ENOUGH_INFO: Not enough info || Decide the correct label.",-4.0512531995773315e-08,0.0,4.0512531995773315e-08,0.011008249552105553,143242,Refutes,-0.0002026352594839409,0.010805614292621613,0.010805654805153608,0.010805614292621613,0.010805573780089617,-0.010805614292621613,0.0,"[-0.0019525159150362015, 0.008853098377585411, -0.027436217293143272]",True,REFUTES,correct_min_abs,near_threshold_bad,"[-0.0019525159150362015, 0.008853098377585411, -0.027436217293143272]",True,shared_helped,"[-0.0019525159150362015, 0.009055733637069352, -0.002481197938323021]",non_negative,REFUTES,0.0
"[0.0045593613758683205, 0.005996018182486296, -0.02958834357559681]",False,REFUTES,"[0.004560044966638088, 0.005996824707835913, -0.02958773821592331]",False,REFUTES,"[0.0020110011100769043, 0.009671250358223915, -0.030717311426997185]",False,REFUTES,"[0.0, -0.0002076410164590925, -0.03219202533364296]",True,SUPPORTS,fever,False,B,False,B,"[0.002548360265791416, -0.0036752321757376194, 0.0011289678514003754]","[0.0025476766750216484, -0.0036760387010872364, 0.0011283624917268753]",1,"[-6.835907697677612e-07, -8.065253496170044e-07, -6.05359673500061e-07]",1.2293457984924316e-07,"Claim: The year 1990 saw the release of the movie Ghost. || Evidence: Ghost is a 1990 American romantic fantasy thriller film starring Patrick Swayze , Demi Moore , Whoopi Goldberg , Tony Goldwyn , and Rick Aviles. || Labels: SUPPORTS: Supports | REFUTES: Refutes | NOT_ENOUGH_INFO: Not enough info || Decide the correct label.",0.006223592441529036,0.006223715376108885,1.2293457984924316e-07,-0.007868013199185953,144391,Supports,0.0002076410164590925,-0.00766037218272686,-0.007660249248147011,-0.0014366568066179752,-0.0014367797411978245,0.00766037218272686,4096.0,"[-0.0007883030921220779, 0.006368529051542282, -0.033196259289979935]",False,REFUTES,best_margin_when_all_wrong,base_correct_control,"[0.002011684700846672, 0.009672056883573532, -0.030716706067323685]",False,shared_hurt,"[0.002011684700846672, 0.009879697900032625, 0.001475319266319275]",near_threshold,REFUTES,1.2293441936824246e-07
"[0.008836795575916767, 0.012296664528548717, -0.020047739148139954]",True,REFUTES,"[0.008836370892822742, 0.012296242639422417, -0.02004808746278286]",True,REFUTES,"[0.0070044053718447685, 0.015117826871573925, -0.021035315468907356]",True,REFUTES,"[0.0, -0.00034588552080094814, -0.02738550491631031]",False,SUPPORTS,fever,True,B,True,B,"[0.0018323902040719986, -0.0028211623430252075, 0.0009875763207674026]","[0.0018328148871660233, -0.0028207404538989067, 0.0009879246354103088]",0,"[4.246830940246582e-07, 4.2188912630081177e-07, 3.4831464290618896e-07]",-2.7939677238464355e-09,"Claim: The great white shark does not prefer to prey on humans because it's a herbivore. || Evidence: It is also known to prey upon a variety of other marine animals , including fish and seabirds. || Labels: SUPPORTS: Supports | REFUTES: Refutes | NOT_ENOUGH_INFO: Not enough info || Decide the correct label.",-0.004653552547097206,-0.00465355534106493,-2.7939677238464355e-09,0.008459309814497828,145707,Refutes,-0.00034588552080094814,0.00811342429369688,0.008113421499729156,0.0034598689526319504,0.0034598717465996742,-0.00811342429369688,0.0,"[0.007003980688750744, 0.015117404982447624, -0.021035663783550262]",True,REFUTES,correct_min_abs,near_threshold_bad,"[0.007003980688750744, 0.015117404982447624, -0.021035663783550262]",True,shared_helped,"[0.007003980688750744, 0.015463290503248572, 0.006349841132760048]",non_negative,REFUTES,0.0
"[0.00473320996388793, 0.008737670257687569, -0.023069001734256744]",True,REFUTES,"[0.0047342716716229916, 0.008739743381738663, -0.023067906498908997]",True,REFUTES,"[0.002251710742712021, 0.012083282694220543, -0.023937344551086426]",True,REFUTES,"[0.0, -0.0002980979916173965, -0.02822340652346611]",False,SUPPORTS,fever,True,B,True,B,"[0.002481499221175909, -0.0033456124365329742, 0.0008683428168296814]","[0.0024804375134408474, -0.0033476855605840683, 0.0008672475814819336]",0,"[-1.0617077350616455e-06, -2.073124051094055e-06, -1.0952353477478027e-06]",-1.0114163160324097e-06,"Claim: Hebe's successor was Leto. || Evidence: Hebe was the cupbearer for the gods and goddesses of Mount Olympus , serving their nectar and ambrosia , until she was married to Heracles -LRB- Roman equivalent : Hercules -RRB- ; her successor was the divine hero Ganymede. || Labels: SUPPORTS: Supports | REFUTES: Refutes | NOT_ENOUGH_INFO: Not enough info || Decide the correct label.",-0.005827111657708883,-0.005828123074024916,-1.0114163160324097e-06,0.010130681359441951,155125,Refutes,-0.0002980979916173965,0.009832583367824554,0.009831571951508522,0.004004460293799639,0.004005471710115671,-0.009832583367824554,0.0,"[0.0022527724504470825, 0.012085355818271637, -0.023936249315738678]",True,REFUTES,correct_min_abs,stubborn_wrong,"[0.0022527724504470825, 0.012085355818271637, -0.023936249315738678]",True,shared_helped,"[0.0022527724504470825, 0.012383453809889033, 0.004287157207727432]",non_negative,REFUTES,0.0
"[-0.00021109613589942455, 0.007879828102886677, -0.0281543992459774]",True,REFUTES,"[-0.000212243408896029, 0.007877510040998459, -0.028155533596873283]",True,REFUTES,"[-0.0008678946178406477, 0.008813214488327503, -0.028426388278603554]",True,REFUTES,"[0.0, -0.00035601475974544883, -0.028120048344135284]",False,SUPPORTS,fever,True,B,True,B,"[0.0006567984819412231, -0.0009333863854408264, 0.00027198903262615204]","[0.0006579457549378276, -0.0009310683235526085, 0.0002731233835220337]",0,"[1.1472729966044426e-06, 2.318061888217926e-06, 1.1343508958816528e-06]",1.1707888916134834e-06,"Claim: The Thin Red Line (1998 film) portrays only frogs. || Evidence: It portrays soldiers of C Company , 1st Battalion , 27th Infantry Regiment , 25th Infantry Division , played by Sean Penn , Jim Caviezel , Nick Nolte , Elias Koteas and Ben Chaplin.
Ben Chaplin -LRB- born Benedict John Greenwood ; 31 July 1969 -RRB- is an English actor.
Elias Koteas -LRB- born March 11 , 1961 -RRB- is a Canadian actor of film and television , best known for his roles in Fallen , The Killing , and as Casey Jones in the first and third live-action Teenage Mutant Ninja Turtles films.
James Patrick `` Jim '' Caviezel -LRB- born September 26 , 1968 -RRB- is an American actor , best known for portraying Jesus Christ in the 2004 film The Passion of the Christ.
Nicholas King Nolte -LRB- born February 8 , 1941 -RRB- is an American actor and former model.
Sean Justin Penn -LRB- born August 17 , 1960 -RRB- is an American actor , filmmaker , and political activist. || Labels: SUPPORTS: Supports | REFUTES: Refutes | NOT_ENOUGH_INFO: Not enough info || Decide the correct label.",-0.0015901848673820496,-0.001589014078490436,1.1707888916134834e-06,0.010035953077021986,168637,Refutes,-0.00035601475974544883,0.009679938317276537,0.009681109106168151,0.008090924238786101,0.008089753449894488,-0.009679938317276537,0.0,"[-0.0008690418908372521, 0.008810896426439285, -0.028427522629499435]",True,REFUTES,correct_min_abs,near_threshold_bad,"[-0.0008690418908372521, 0.008810896426439285, -0.028427522629499435]",True,shared_helped,"[-0.0008690418908372521, 0.009166911186184734, -0.000307474285364151]",non_negative,REFUTES,0.0
"[0.0036571889650076628, 0.013304665684700012, -0.007187330164015293]",True,REFUTES,"[0.0036576283164322376, 0.013305231928825378, -0.007186957634985447]",True,REFUTES,"[0.003625492798164487, 0.013349696062505245, -0.007202042266726494]",True,REFUTES,"[0.0, -0.00025006983196362853, -0.010701402090489864]",False,SUPPORTS,fever,True,B,True,B,"[3.169616684317589e-05, -4.5030377805233e-05, 1.4712102711200714e-05]","[3.1256815418601036e-05, -4.559662193059921e-05, 1.4339573681354523e-05]",0,"[-4.39351424574852e-07, -5.662441253662109e-07, -3.725290298461914e-07]",-1.2689270079135895e-07,"Claim: Barcelona has a population of 1.6 thousand. || Evidence: Barcelona -LRB- -LSB- bɑrsəˈloʊnə -RSB- , -LSB- bəɾsəˈlonə -RSB- , -LSB- barθeˈlona -RSB- -RRB- is the capital city of the autonomous community of Catalonia in the Kingdom of Spain , as well as the country 's second most populous municipality , with a population of 1.6 million within city limits. || Labels: SUPPORTS: Supports | REFUTES: Refutes | NOT_ENOUGH_INFO: Not enough info || Decide the correct label.",-7.672654464840889e-05,-7.685343734920025e-05,-1.2689270079135895e-07,0.009974399989005178,173055,Refutes,-0.00025006983196362853,0.00972433015704155,0.009724203264340758,0.00964747671969235,0.00964760361239314,-0.00972433015704155,0.0,"[0.0036259321495890617, 0.013350262306630611, -0.007201669737696648]",True,REFUTES,correct_min_abs,near_threshold_bad,"[0.0036259321495890617, 0.013350262306630611, -0.007201669737696648]",True,shared_helped,"[0.0036259321495890617, 0.01360033213859424, 0.0034997323527932167]",non_negative,REFUTES,0.0
"[0.0003422469599172473, 0.0049216253682971, -0.020194947719573975]",True,REFUTES,"[0.00034220179077237844, 0.004921553656458855, -0.02019498683512211]",True,REFUTES,"[-0.0013958136551082134, 0.007292334455996752, -0.020827440544962883]",True,REFUTES,"[0.0, -0.0002914242504630238, -0.019777780398726463]",False,SUPPORTS,fever,True,B,True,B,"[0.0017380606150254607, -0.0023707090876996517, 0.0006324928253889084]","[0.0017381057841703296, -0.0023706373758614063, 0.0006325319409370422]",0,"[4.516914486885071e-08, 7.171183824539185e-08, 3.91155481338501e-08]",2.6542693376541138e-08,"Claim: The 1998 romantic comedy The Man in the Iron Mask starred Leonardo DiCaprio. || Evidence: The Man in the Iron Mask is a 1998 American action drama film directed , produced , and written by Randall Wallace , and starring Leonardo DiCaprio in a dual role as the title character and villain , Jeremy Irons as Aramis , John Malkovich as Athos , Gerard Depardieu as Porthos , and Gabriel Byrne as D'Artagnan. || Labels: SUPPORTS: Supports | REFUTES: Refutes | NOT_ENOUGH_INFO: Not enough info || Decide the correct label.",-0.0041087697027251124,-0.004108743160031736,2.6542693376541138e-08,0.008979545818874612,174986,Refutes,-0.0002914242504630238,0.008688121568411589,0.008688148111104965,0.004579378408379853,0.004579351865686476,-0.008688121568411589,0.0,"[-0.0013958588242530823, 0.007292262744158506, -0.020827479660511017]",True,REFUTES,correct_min_abs,stubborn_wrong,"[-0.0013958588242530823, 0.007292262744158506, -0.020827479660511017]",True,shared_helped,"[-0.0013958588242530823, 0.00758368699462153, -0.0010496992617845535]",non_negative,REFUTES,0.0
"[0.001977127743884921, 0.008534026332199574, -0.03149658441543579]",True,REFUTES,"[0.0019766546320170164, 0.008533469401299953, -0.03149699419736862]",True,REFUTES,"[0.00103095849044621, 0.00992545485496521, -0.03194040432572365]",True,REFUTES,"[0.0, -0.00032574593205936253, -0.03221404552459717]",False,SUPPORTS,fever,True,B,True,B,"[0.0009461692534387112, -0.0013914285227656364, 0.00044381991028785706]","[0.0009466423653066158, -0.0013908715918660164, 0.00044422969222068787]",0,"[4.731118679046631e-07, 5.569308996200562e-07, 4.0978193283081055e-07]",8.381903171539307e-08,"Claim: Vic Mensa was born June 12, 1993. || Evidence: Victor Kwesi Mensah -LRB- born June 6 , 1993 -RRB- , better known by his stage name Vic Mensa , is a Grammy-nominated American rapper from Chicago , Illinois. || Labels: SUPPORTS: Supports | REFUTES: Refutes | NOT_ENOUGH_INFO: Not enough info || Decide the correct label.",-0.0023375977762043476,-0.0023375139571726322,8.381903171539307e-08,0.009220158477546647,179831,Refutes,-0.00032574593205936253,0.008894412545487285,0.008894496364519,0.0065568985883146524,0.006556814769282937,-0.008894412545487285,0.0,"[0.0010304853785783052, 0.00992489792406559, -0.03194081410765648]",True,REFUTES,correct_min_abs,near_threshold_bad,"[0.0010304853785783052, 0.00992489792406559, -0.03194081410765648]",True,shared_helped,"[0.0010304853785783052, 0.010250643856124952, 0.0002732314169406891]",non_negative,REFUTES,0.0
"[0.007786537520587444, 0.01544666476547718, -0.018457086756825447]",True,REFUTES,"[0.007787450682371855, 0.01544845663011074, -0.018456164747476578]",True,REFUTES,"[0.006676195655018091, 0.016998568549752235, -0.01890227571129799]",True,REFUTES,"[0.0, -0.0003408804477658123, -0.02710399590432644]",False,SUPPORTS,fever,True,B,True,B,"[0.001110341865569353, -0.001551903784275055, 0.0004451889544725418]","[0.0011094287037849426, -0.0015536956489086151, 0.0004442669451236725]",0,"[-9.131617844104767e-07, -1.7918646335601807e-06, -9.220093488693237e-07]",-8.78702849149704e-07,"Claim: Aphrodite plays tennis with Hephaestus. || Evidence: In Greek myth , the other gods feared that Aphrodite 's beauty might lead to conflict and war , through rivalry for her favours ; so Zeus married her off to Hephaestus. || Labels: SUPPORTS: Supports | REFUTES: Refutes | NOT_ENOUGH_INFO: Not enough info || Decide the correct label.",-0.002662245649844408,-0.0026631243526935577,-8.78702849149704e-07,0.010664132045349106,1799,Refutes,-0.0003408804477658123,0.010323251597583294,0.010322372894734144,0.007660127244889736,0.007661005947738886,-0.010323251597583294,0.0,"[0.006677108816802502, 0.017000360414385796, -0.01890135370194912]",True,REFUTES,correct_min_abs,near_threshold_bad,"[0.006677108816802502, 0.017000360414385796, -0.01890135370194912]",True,shared_helped,"[0.006677108816802502, 0.017341240862151608, 0.00820264220237732]",non_negative,REFUTES,0.0
"[-0.0013864545617252588, 0.00888615008443594, -0.01736244559288025]",False,REFUTES,"[-0.001388760982081294, 0.008883723057806492, -0.01736433245241642]",False,REFUTES,"[-0.0013841481413692236, 0.008888577111065388, -0.017360558733344078]",False,REFUTES,"[0.0, -0.0011539950501173735, -0.016292884945869446]",True,SUPPORTS,fever,False,B,False,B,"[-2.3064203560352325e-06, -2.427026629447937e-06, -1.8868595361709595e-06]","[0.0, 0.0, 0.0]",-1,"[2.3064203560352325e-06, 2.427026629447937e-06, 1.8868595361709595e-06]",-1.2060627341270447e-07,"Claim: Simi Valley, California, reported that its median household income was $87,894 in the 2012 U.S. Census. || Evidence: The U.S. Census Bureau of 2012 reported a median household income of $ 87,894 , which is higher than the California median of $ 70,231 and the national average of $ 62,527. || Labels: SUPPORTS: Supports | REFUTES: Refutes | NOT_ENOUGH_INFO: Not enough info || Decide the correct label.",1.2060627341270447e-07,0.0,-1.2060627341270447e-07,-0.011426599696278572,183417,Supports,0.0011539950501173735,-0.010272604646161199,-0.010272725252434611,-0.010272604646161199,-0.010272484039887786,0.010272604646161199,-4096.0,"[-0.010833552340045571, -0.0010549509897828102, -0.0250910222530365]",False,REFUTES,best_margin_when_all_wrong,base_correct_control,"[-0.0013864545617252588, 0.00888615008443594, -0.01736244559288025]",False,shared_hurt,"[-0.0013864545617252588, 0.010040145134553313, -0.0010695606470108032]",near_threshold,REFUTES,-1.2060615600708032e-07
"[1.3952434528619051e-05, 0.006965061649680138, -0.021869316697120667]",False,REFUTES,"[1.551193417981267e-05, 0.006966863758862019, -0.021868009120225906]",False,REFUTES,"[-0.0008691749535501003, 0.008253886364400387, -0.022279683500528336]",False,REFUTES,"[0.0, -0.00015496007108595222, -0.02059331163764]",True,SUPPORTS,fever,False,B,False,B,"[0.0008831273880787194, -0.0012888247147202492, 0.00041036680340766907]","[0.0008815678884275258, -0.0012906268239021301, 0.00040905922651290894]",1,"[-1.5594996511936188e-06, -1.802109181880951e-06, -1.3075768947601318e-06]",2.4260953068733215e-07,"Claim: Vera Wang is an American Fashion Designer. || Evidence: Vera Ellen Wang -LRB- , -LSB- u̯ɑ̌ŋ u̯éɪ̯u̯éɪ̯ -RSB- ; born June 27 , 1949 -RRB- is an American fashion designer based in New York City. || Labels: SUPPORTS: Supports | REFUTES: Refutes | NOT_ENOUGH_INFO: Not enough info || Decide the correct label.",0.0021719521027989686,0.002172194712329656,2.4260953068733215e-07,-0.009278263998567127,184285,Supports,0.00015496007108595222,-0.009123303927481174,-0.009123061317950487,-0.006951109215151519,-0.006951351824682206,0.009123303927481174,4096.0,"[-0.007255326025187969, 0.0008742492645978928, -0.027634210884571075]",False,REFUTES,best_margin_when_all_wrong,base_correct_control,"[-0.0008676154538989067, 0.008255688473582268, -0.022278375923633575]",False,shared_hurt,"[-0.0008676154538989067, 0.00841064854466822, -0.001685064285993576]",near_threshold,REFUTES,2.42609264764738e-07
"[0.004576527513563633, 0.0028670839965343475, -0.040956851094961166]",True,SUPPORTS,"[0.0045773945748806, 0.0028681568801403046, -0.04095607250928879]",True,SUPPORTS,"[0.001274232054129243, 0.007787726819515228, -0.04257791489362717]",False,REFUTES,"[0.0, -0.0006146925734356046, -0.04232894256711006]",True,SUPPORTS,fever,False,B,True,F,"[0.00330229545943439, -0.004920642822980881, 0.0016210637986660004]","[0.003301428398117423, -0.004921715706586838, 0.0016202852129936218]",1,"[-8.670613169670105e-07, -1.0728836059570312e-06, -7.7858567237854e-07]",2.0582228899002075e-07,Claim: Kyra Sedgwick received a Golden Globe Award. || Evidence: Sedgwick 's role in the series won her a Golden Globe Award in 2007 and an Emmy Award in 2010. || Labels: SUPPORTS: Supports | REFUTES: Refutes | NOT_ENOUGH_INFO: Not enough info || Decide the correct label.,0.00822293828241527,0.00822314410470426,2.0582228899002075e-07,-0.00712839316111058,185999,Supports,0.0006146925734356046,-0.006513700587674975,-0.006513494765385985,0.0017094435170292854,0.0017092376947402954,0.006513700587674975,4096.0,"[-0.002276384038850665, 0.0033942684531211853, -0.04576622322201729]",False,REFUTES,best_margin_when_all_wrong,base_correct_control,"[0.00127509911544621, 0.007788799703121185, -0.04257713630795479]",False,shared_hurt,"[0.00127509911544621, 0.00840349227655679, -0.00024819374084472656]",near_threshold,REFUTES,2.0582197300685536e-07
"[0.0016567608108744025, 0.006608172319829464, -0.028537707403302193]",False,REFUTES,"[0.0016568319406360388, 0.006608245894312859, -0.028537634760141373]",False,REFUTES,"[0.00020575581584125757, 0.008788585662841797, -0.029267333447933197]",False,REFUTES,"[0.0, -0.0002076410164590925, -0.028270749375224113]",True,SUPPORTS,fever,False,B,False,B,"[0.001451004995033145, -0.002180413343012333, 0.0007296260446310043]","[0.0014509338652715087, -0.0021804869174957275, 0.0007295534014701843]",1,"[-7.112976163625717e-08, -7.35744833946228e-08, -7.264316082000732e-08]",2.444721758365631e-09,Claim: Color of Night came out in 1994. || Evidence: Color of Night is a 1994 American erotic mystery thriller film produced by Cinergi Pictures and released in the United States by Hollywood Pictures. || Labels: SUPPORTS: Supports | REFUTES: Refutes | NOT_ENOUGH_INFO: Not enough info || Decide the correct label.,0.003631418338045478,0.0036314207827672362,2.444721758365631e-09,-0.00879047330818139,19068,Supports,0.0002076410164590925,-0.008582832291722298,-0.00858282984700054,-0.0049514115089550614,-0.00495141395367682,0.008582832291722298,4096.0,"[-8.552055805921555e-05, 0.008487298153340816, -0.029564807191491127]",False,REFUTES,best_margin_when_all_wrong,base_correct_control,"[0.00020582694560289383, 0.008788659237325191, -0.029267260804772377]",False,shared_hurt,"[0.00020582694560289383, 0.008996300253784284, -0.0009965114295482635]",near_threshold,REFUTES,2.4447189099831546e-09
"[0.008318360894918442, 0.011209968477487564, -0.01895167864859104]",False,REFUTES,"[0.00831686519086361, 0.011208107694983482, -0.01895296759903431]",False,REFUTES,"[0.006256388500332832, 0.014322949573397636, -0.019998041912913322]",False,REFUTES,"[0.0, -0.00016115797916427255, -0.02539876662194729]",True,SUPPORTS,fever,False,B,False,B,"[0.0020619723945856094, -0.0031129810959100723, 0.0010463632643222809]","[0.002063468098640442, -0.0031111203134059906, 0.0010476522147655487]",-1,"[1.4957040548324585e-06, 1.860782504081726e-06, 1.2889504432678223e-06]",-3.650784492492676e-07,"Claim: Dissociative identity disorder is known as multiple personality disorder. || Evidence: Dissociative identity disorder -LRB- DID -RRB- , also known as multiple personality disorder -LRB- MPD -RRB- , is a mental disorder characterized by at least two distinct and relatively enduring identities or dissociated personality states. || Labels: SUPPORTS: Supports | REFUTES: Refutes | NOT_ENOUGH_INFO: Not enough info || Decide the correct label.",0.005174953490495682,0.0051745884120464325,-3.650784492492676e-07,-0.008227353973779827,1933,Supports,0.00016115797916427255,-0.008066195994615555,-0.008066561073064804,-0.0028916075825691223,-0.002891242504119873,0.008066195994615555,-4096.0,"[0.00012848898768424988, 0.006699323654174805, -0.02527887187898159]",False,REFUTES,best_margin_when_all_wrong,base_correct_control,"[0.006254892796278, 0.014321088790893555, -0.01999933086335659]",False,shared_hurt,"[0.006254892796278, 0.014482246770057827, 0.005399435758590698]",near_threshold,REFUTES,-3.650779966468303e-07
"[0.0036058062687516212, 0.006040116772055626, -0.03700453042984009]",False,REFUTES,"[0.003607433056458831, 0.0060433996841311455, -0.037002913653850555]",False,REFUTES,"[0.0012445139000192285, 0.009386937133967876, -0.03799658268690109]",False,REFUTES,"[0.0, -0.0008011230966076255, -0.040058478713035583]",True,SUPPORTS,fever,False,B,False,B,"[0.002361292368732393, -0.0033468203619122505, 0.0009920522570610046]","[0.002359665581025183, -0.00335010327398777, 0.0009904354810714722]",1,"[-1.626787707209587e-06, -3.2829120755195618e-06, -1.6167759895324707e-06]",1.6561243683099747e-06,Claim: Backing vocalists provide vocal harmony. || Evidence: Backing vocalists are singers who provide vocal harmony with the lead vocalist or other backing vocalists. || Labels: SUPPORTS: Supports | REFUTES: Refutes | NOT_ENOUGH_INFO: Not enough info || Decide the correct label.,0.005708112730644643,0.005709768855012953,1.6561243683099747e-06,-0.008945202454924583,195124,Supports,0.0008011230966076255,-0.008144079358316958,-0.008142423233948648,-0.0024343105033040047,-0.0024359666276723146,0.008144079358316958,4096.0,"[-0.005417181761004031, -0.004056587815284729, -0.04461728036403656]",False,REFUTES,best_margin_when_all_wrong,base_correct_control,"[0.001246140687726438, 0.009390220046043396, -0.03799496591091156]",False,shared_hurt,"[0.001246140687726438, 0.010191343142651021, 0.0020635128021240234]",near_threshold,REFUTES,1.6561223347807543e-06
"[0.001614773878827691, 0.008097035810351372, -0.027609214186668396]",True,REFUTES,"[0.0016137880738824606, 0.00809510424733162, -0.02761017717421055]",True,REFUTES,"[0.0005720353219658136, 0.00962273869663477, -0.028088297694921494]",True,REFUTES,"[0.0, -0.0002867764269467443, -0.028849510475993156]",False,SUPPORTS,fever,True,B,True,B,"[0.0010427385568618774, -0.0015257028862833977, 0.00047908350825309753]","[0.001043724361807108, -0.0015237713232636452, 0.00048004649579524994]",0,"[9.85804945230484e-07, 1.9315630197525024e-06, 9.629875421524048e-07]",9.457580745220184e-07,"Claim: Kevin Bacon has yet to be in a film. || Evidence: His notable films include musical-drama film Footloose -LRB- 1984 -RRB- , the controversial historical conspiracy legal thriller JFK -LRB- 1991 -RRB- , the legal drama A Few Good Men -LRB- 1992 -RRB- , the historical docudrama Apollo 13 -LRB- 1995 -RRB- , and the mystery drama Mystic River -LRB- 2003 -RRB-. || Labels: SUPPORTS: Supports | REFUTES: Refutes | NOT_ENOUGH_INFO: Not enough info || Decide the correct label.",-0.002568441443145275,-0.002567495685070753,9.457580745220184e-07,0.009336534043541178,195202,Refutes,-0.0002867764269467443,0.009049757616594434,0.009050703374668956,0.006482261931523681,0.006481316173449159,-0.009049757616594434,0.0,"[0.0005710495170205832, 0.009620807133615017, -0.028089260682463646]",True,REFUTES,correct_min_abs,stubborn_wrong,"[0.0005710495170205832, 0.009620807133615017, -0.028089260682463646]",True,shared_helped,"[0.0005710495170205832, 0.009907583560561761, 0.0007602497935295105]",non_negative,REFUTES,0.0
"[0.004588848911225796, 0.000794711522758007, -0.01836533471941948]",False,SUPPORTS,"[0.004589675460010767, 0.0007963213138282299, -0.018364472314715385]",False,SUPPORTS,"[0.00033386773429811, 0.006701031234115362, -0.020019972696900368]",True,REFUTES,"[0.0, -0.0002951186615973711, -0.02057647332549095]",False,SUPPORTS,fever,True,B,True,B,"[0.004254981176927686, -0.005906319711357355, 0.0016546379774808884]","[0.0042541546281427145, -0.005907929502427578, 0.0016537755727767944]",0,"[-8.265487849712372e-07, -1.6097910702228546e-06, -8.624047040939331e-07]",-7.832422852516174e-07,"Claim: Catherine Hardwicke has been unable to ever do any production design. || Evidence: Catherine Hardwicke -LRB- born Helen Catherine Hardwicke ; -RRB- is an American film director , production designer and screenwriter. || Labels: SUPPORTS: Supports | REFUTES: Refutes | NOT_ENOUGH_INFO: Not enough info || Decide the correct label.",-0.01016130088828504,-0.010162084130570292,-7.832422852516174e-07,0.006663065403699875,198544,Refutes,-0.0002951186615973711,0.006367946742102504,0.006367163499817252,-0.0037941373884677887,-0.003793354146182537,-0.006367946742102504,0.0,"[0.00033469428308308125, 0.006702641025185585, -0.020019110292196274]",True,REFUTES,correct_min_abs,stubborn_wrong,"[0.00033469428308308125, 0.006702641025185585, -0.020019110292196274]",True,shared_helped,"[0.00033469428308308125, 0.006997759686782956, 0.0005573630332946777]",non_negative,REFUTES,0.0
"[0.003222473431378603, 0.009969283826649189, -0.01752941496670246]",True,REFUTES,"[0.003222387284040451, 0.009969203732907772, -0.017529476433992386]",True,REFUTES,"[0.002335751662030816, 0.01132295373827219, -0.017996134236454964]",True,REFUTES,"[0.0, -0.00027736154152080417, -0.019548621028661728]",False,SUPPORTS,fever,True,B,True,B,"[0.0008867217693477869, -0.001353669911623001, 0.00046671926975250244]","[0.0008868079166859388, -0.0013535898178815842, 0.00046678073704242706]",0,"[8.614733815193176e-08, 8.009374141693115e-08, 6.146728992462158e-08]",-6.05359673500061e-09,"Claim: Commodore is ranked above a navy captain and a rear admiral. || Evidence: Commodore is a naval rank used in many navies that is superior to a navy captain , but below a rear admiral. || Labels: SUPPORTS: Supports | REFUTES: Refutes | NOT_ENOUGH_INFO: Not enough info || Decide the correct label.",-0.002240391680970788,-0.002240397734567523,-6.05359673500061e-09,0.009264569671358913,204560,Refutes,-0.00027736154152080417,0.008987208129838109,0.008987202076241374,0.006746810395270586,0.006746816448867321,-0.008987208129838109,0.0,"[0.002335665514692664, 0.011322873644530773, -0.01799619570374489]",True,REFUTES,correct_min_abs,stubborn_wrong,"[0.002335665514692664, 0.011322873644530773, -0.01799619570374489]",True,shared_helped,"[0.002335665514692664, 0.011600235186051577, 0.0015524253249168396]",non_negative,REFUTES,0.0
"[0.004287940450012684, 0.00953099224716425, -0.014972859993577003]",True,REFUTES,"[0.004287010990083218, 0.00953010655939579, -0.014973616227507591]",True,REFUTES,"[0.002944006584584713, 0.011595819145441055, -0.015691181644797325]",True,REFUTES,"[0.0, -0.00021765247220173478, -0.017597515136003494]",False,SUPPORTS,fever,True,B,True,B,"[0.0013439338654279709, -0.002064826898276806, 0.0007183216512203217]","[0.0013448633253574371, -0.0020639412105083466, 0.0007190778851509094]",0,"[9.294599294662476e-07, 8.856877684593201e-07, 7.562339305877686e-07]",-4.377216100692749e-08,"Claim: Commodore is ranked above a rear admiral. || Evidence: Commodore is a naval rank used in many navies that is superior to a navy captain , but below a rear admiral. || Labels: SUPPORTS: Supports | REFUTES: Refutes | NOT_ENOUGH_INFO: Not enough info || Decide the correct label.",-0.0034087607637047768,-0.0034088045358657837,-4.377216100692749e-08,0.008869508805219084,204575,Refutes,-0.00021765247220173478,0.00865185633301735,0.008651812560856342,0.0052430517971515656,0.0052430955693125725,-0.00865185633301735,0.0,"[0.0029430771246552467, 0.011594933457672596, -0.015691937878727913]",True,REFUTES,correct_min_abs,near_threshold_bad,"[0.0029430771246552467, 0.011594933457672596, -0.015691937878727913]",True,shared_helped,"[0.0029430771246552467, 0.01181258592987433, 0.0019055772572755814]",non_negative,REFUTES,0.0
"[0.005496490281075239, 0.0075729601085186005, -0.02406320720911026]",True,REFUTES,"[0.005498331971466541, 0.0075768521055579185, -0.02406127005815506]",True,REFUTES,"[0.002908998169004917, 0.011139435693621635, -0.025049859657883644]",True,REFUTES,"[0.0, -0.0002671123365871608, -0.02854815497994423]",False,SUPPORTS,fever,True,B,True,B,"[0.002587492112070322, -0.003566475585103035, 0.000986652448773384]","[0.00258565042167902, -0.003570367582142353, 0.000984715297818184]",0,"[-1.8416903913021088e-06, -3.891997039318085e-06, -1.9371509552001953e-06]",-2.050306648015976e-06,"Claim: Spider-Man 2 was directed by Barack Obama. || Evidence: Spider-Man 2 is a 2004 American superhero film directed by Sam Raimi and written by Alvin Sargent from a story by Alfred Gough , Miles Millar , and Michael Chabon. || Labels: SUPPORTS: Supports | REFUTES: Refutes | NOT_ENOUGH_INFO: Not enough info || Decide the correct label.",-0.006153967697173357,-0.006156018003821373,-2.050306648015976e-06,0.008499600167851895,21190,Refutes,-0.0002671123365871608,0.008232487831264734,0.008230437524616718,0.0020764698274433613,0.0020785201340913773,-0.008232487831264734,0.0,"[0.0029108398593962193, 0.011143327690660954, -0.025047922506928444]",True,REFUTES,correct_min_abs,near_threshold_bad,"[0.0029108398593962193, 0.011143327690660954, -0.025047922506928444]",True,shared_helped,"[0.0029108398593962193, 0.011410440027248114, 0.0035002324730157852]",non_negative,REFUTES,0.0
"[0.003526935586705804, 0.01494099386036396, -0.015468082390725613]",True,REFUTES,"[0.0035241444129496813, 0.014938128180801868, -0.015470277518033981]",True,REFUTES,"[0.0035297267604619265, 0.014943859539926052, -0.015465887263417244]",True,REFUTES,"[0.0, -0.0002703301142901182, -0.01933341659605503]",False,SUPPORTS,fever,True,B,True,B,"[-2.791173756122589e-06, -2.8656795620918274e-06, -2.195127308368683e-06]","[0.0, 0.0, 0.0]",0,"[2.791173756122589e-06, 2.8656795620918274e-06, 2.195127308368683e-06]",7.450580596923828e-08,"Claim: Species distribution can be understood through many factors except glaciation. || Evidence: It is very useful in understanding species distribution through factors such as speciation , extinction , continental drift , glaciation , variation of sea levels , river capture and available resources. || Labels: SUPPORTS: Supports | REFUTES: Refutes | NOT_ENOUGH_INFO: Not enough info || Decide the correct label.",-7.450580596923828e-08,0.0,7.450580596923828e-08,0.011684388387948275,219200,Refutes,-0.0002703301142901182,0.011414058273658156,0.011414132779464126,0.011414058273658156,0.011413983767852187,-0.011414058273658156,0.0,"[0.003526935586705804, 0.01494099386036396, -0.015468082390725613]",True,REFUTES,correct_min_abs,near_threshold_bad,"[0.003526935586705804, 0.01494099386036396, -0.015468082390725613]",True,shared_helped,"[0.003526935586705804, 0.015211323974654078, 0.003865334205329418]",non_negative,REFUTES,0.0
"[0.00607232516631484, 0.004432033281773329, -0.006990587804466486]",False,SUPPORTS,"[0.0060726553201675415, 0.00443267822265625, -0.006990252994000912]",False,SUPPORTS,"[0.0025387797504663467, 0.00943386321887374, -0.0084601822309196]",True,REFUTES,"[0.0, -0.0003046525234822184, -0.011098256334662437]",False,SUPPORTS,fever,True,B,True,B,"[0.0035335454158484936, -0.0050018299371004105, 0.0014695944264531136]","[0.0035332152619957924, -0.005002474877983332, 0.0014692596159875393]",0,"[-3.3015385270118713e-07, -6.449408829212189e-07, -3.348104655742645e-07]",-3.1478703022003174e-07,"Claim: Corsica belongs to Italy. || Evidence: While being part of France , Corsica is also designated as a territorial collectivity -LRB- collectivité territoriale -RRB- by law. || Labels: SUPPORTS: Supports | REFUTES: Refutes | NOT_ENOUGH_INFO: Not enough info || Decide the correct label.",-0.008535375352948904,-0.008535690139979124,-3.1478703022003174e-07,0.007200050778919831,219675,Refutes,-0.0003046525234822184,0.0068953982554376125,0.0068950834684073925,-0.0016402918845415115,-0.0016399770975112915,-0.0068953982554376125,0.0,"[0.002539109904319048, 0.00943450815975666, -0.008459847420454025]",True,REFUTES,correct_min_abs,stubborn_wrong,"[0.002539109904319048, 0.00943450815975666, -0.008459847420454025]",True,shared_helped,"[0.002539109904319048, 0.009739160683238879, 0.002638408914208412]",non_negative,REFUTES,0.0
"[0.005807308945804834, 0.008720599114894867, -0.01194338034838438]",False,REFUTES,"[0.005807376001030207, 0.008720727637410164, -0.011943306773900986]",False,REFUTES,"[0.003740686224773526, 0.01165054365992546, -0.012806971557438374]",False,REFUTES,"[0.0, -0.0008860476082190871, -0.016978725790977478]",True,SUPPORTS,fever,False,B,False,B,"[0.002066622721031308, -0.002929944545030594, 0.0008635912090539932]","[0.002066555665805936, -0.002930073067545891, 0.0008635176345705986]",1,"[-6.705522537231445e-08, -1.2852251529693604e-07, -7.35744833946228e-08]",6.146728992462158e-08,"Claim: Ted Cruz is an American male. || Evidence: Rafael Edward `` Ted '' Cruz -LSB- ˈkruːz -RSB- -LRB- born December 22 , 1970 -RRB- is an American politician and attorney , who has served as the junior United States Senator from Texas since 2013.
He was a candidate for the Republican nomination for President of the United States in the 2016 election.
From 1999 to 2003 , he served in various political appointee positions : the Director of the Office of Policy Planning at the Federal Trade Commission -LRB- FTC -RRB- , an Associate Deputy Attorney General at the United States Department of Justice , and a Domestic Policy Advisor to George W. Bush on the 2000 George W. Bush Presidential campaign.
He was the first Hispanic , and the longest-serving , Solicitor General in Texas history.
From 2004 to 2009 , Cruz was an Adjunct Professor at the University of Texas School of Law in Austin , Texas , where he taught U.S. Supreme Court litigation.
He defeated former State Representative Paul Sadler in the November 2012 general election , winning 56 -- 41 %.
He is the first Hispanic American to serve as a U.S. Senator representing Texas , and is one of three senators of Cuban descent.
President of the United States	President of the United States	2016 election	United States presidential election, 2016
.
In November 2012 , he was appointed Vice-Chairman of the National Republican Senatorial Committee.
During the primary campaign , his base of support was strongest with `` women , white evangelical Protestants , people over the age of 50 , and those who identified themselves as conservatives '' , though he had crossover appeal to other factions within his party , including libertarian conservatives and millennials.
He eventually emerged as the main challenger to frontrunner Donald Trump.
He suspended his campaign for president on May 3 , 2016 , after losing the Republican primary in Indiana to Trump. || Labels: SUPPORTS: Supports | REFUTES: Refutes | NOT_ENOUGH_INFO: Not enough info || Decide the correct label.",0.004996567266061902,0.004996628733351827,6.146728992462158e-08,-0.008795966510660946,221137,Supports,0.0008860476082190871,-0.00790991890244186,-0.007909857435151935,-0.0029132901690900326,-0.002913351636379957,0.00790991890244186,4096.0,"[0.0034660950768738985, 0.011124243959784508, -0.013108259066939354]",False,REFUTES,best_margin_when_all_wrong,base_correct_control,"[0.0037407532799988985, 0.011650672182440758, -0.012806897982954979]",False,shared_hurt,"[0.0037407532799988985, 0.012536719790659845, 0.004171827808022499]",near_threshold,REFUTES,6.146721221559198e-08
"[0.00023550307378172874, 0.006329039577394724, -0.035601310431957245]",False,REFUTES,"[0.00023558869725093246, 0.00632916996255517, -0.035601235926151276]",False,REFUTES,"[-0.0006891214870847762, 0.007706028409302235, -0.036053966730833054]",False,REFUTES,"[0.0, -0.0008981961291283369, -0.03540514409542084]",True,SUPPORTS,fever,False,B,False,B,"[0.0009246245608665049, -0.0013769888319075108, 0.0004526562988758087]","[0.0009245389373973012, -0.001377119217067957, 0.0004525817930698395]",1,"[-8.562346920371056e-08, -1.30385160446167e-07, -7.450580596923828e-08]",4.4761691242456436e-08,Claim: Revolver topped America's Billboard Top LP's list for six weeks in 1965. || Evidence: The record topped the UK Albums Chart for seven weeks and America 's Billboard Top LPs list for six weeks. || Labels: SUPPORTS: Supports | REFUTES: Refutes | NOT_ENOUGH_INFO: Not enough info || Decide the correct label.,0.0023016133927740157,0.002301658154465258,4.4761691242456436e-08,-0.00929339078720659,225863,Supports,0.0008981961291283369,-0.008395194658078253,-0.00839514989638701,-0.006093536503612995,-0.006093581265304238,0.008395194658078253,4096.0,"[-0.0010397495934739709, 0.007172101177275181, -0.036359068006277084]",False,REFUTES,best_margin_when_all_wrong,base_correct_control,"[-0.0006890358636155725, 0.007706158794462681, -0.036053892225027084]",False,shared_hurt,"[-0.0006890358636155725, 0.008604354923591018, -0.000648748129606247]",near_threshold,REFUTES,4.476163792429081e-08
"[0.006202907767146826, 0.006329413969069719, -0.006387308705598116]",True,REFUTES,"[0.00620218925178051, 0.006327999755740166, -0.006388040259480476]",True,REFUTES,"[0.0027796279173344374, 0.011224204208701849, -0.007855954114347696]",True,REFUTES,"[0.0, -0.00021669900161214173, -0.012075790204107761]",False,SUPPORTS,fever,True,B,True,B,"[0.0034232798498123884, -0.00489479023963213, 0.0014686454087495804]","[0.0034239983651787043, -0.004893376026302576, 0.0014693769626319408]",0,"[7.185153663158417e-07, 1.4142133295536041e-06, 7.315538823604584e-07]",6.956979632377625e-07,"Claim: In Kentucky, the electric chair has been kept in operation except for those whose capital crimes were committed prior to March 31, 1998, and who choose electrocution. || Evidence: In the state of Kentucky the electric chair has been retired except for those whose capital crimes were committed prior to March 31 , 1998 , and who choose electrocution ; inmates who do not choose electrocution and inmates who committed their crimes after the designated date are executed by lethal injection. || Labels: SUPPORTS: Supports | REFUTES: Refutes | NOT_ENOUGH_INFO: Not enough info || Decide the correct label.",-0.008318070089444518,-0.00831737439148128,6.956979632377625e-07,0.008660579595016316,22726,Refutes,-0.00021669900161214173,0.008443880593404174,0.008444576291367412,0.00012650620192289352,0.00012581050395965576,-0.008443880593404174,0.0,"[0.0027789094019681215, 0.011222789995372295, -0.007856685668230057]",True,REFUTES,correct_min_abs,near_threshold_bad,"[0.0027789094019681215, 0.011222789995372295, -0.007856685668230057]",True,shared_helped,"[0.0027789094019681215, 0.011439488996984437, 0.004219104535877705]",non_negative,REFUTES,0.0
"[0.003148783929646015, 0.0030761724337935448, -0.03504496067762375]",False,SUPPORTS,"[0.0031497033778578043, 0.003078049048781395, -0.03504401817917824]",False,SUPPORTS,"[-6.803788710385561e-05, 0.007522327359765768, -0.03627803176641464]",True,REFUTES,"[0.0, -0.00033885458833537996, -0.036821406334638596]",False,SUPPORTS,fever,True,B,True,B,"[0.0032168218167498708, -0.004446154925972223, 0.0012330710887908936]","[0.0032159023685380816, -0.0044480315409600735, 0.0012321285903453827]",0,"[-9.194482117891312e-07, -1.8766149878501892e-06, -9.424984455108643e-07]",-9.57166776061058e-07,"Claim: Jed Whedon has only ever lived on Mars. || Evidence: Jed Tucker Whedon -LRB- born July 18 , 1974 -RRB- is an American screenwriter and musician , and the son of screenwriter Tom Whedon , grandson of screenwriter John Whedon , and the brother of screenwriter Zack Whedon and producer/director/writer Joss Whedon. || Labels: SUPPORTS: Supports | REFUTES: Refutes | NOT_ENOUGH_INFO: Not enough info || Decide the correct label.",-0.007662976742722094,-0.007663933909498155,-9.57166776061058e-07,0.007930177001981065,3588,Refutes,-0.00033885458833537996,0.007591322413645685,0.007590365246869624,-7.26114958524704e-05,-7.165432907640934e-05,-0.007591322413645685,0.0,"[-6.711843889206648e-05, 0.007524203974753618, -0.03627708926796913]",True,REFUTES,correct_min_abs,near_threshold_bad,"[-6.711843889206648e-05, 0.007524203974753618, -0.03627708926796913]",True,shared_helped,"[-6.711843889206648e-05, 0.007863058563088998, 0.0005443170666694641]",non_negative,REFUTES,0.0
"[0.002367164008319378, 0.011593183502554893, -0.02049608901143074]",True,REFUTES,"[0.002366179134696722, 0.011591966263949871, -0.020496927201747894]",True,REFUTES,"[0.002225586213171482, 0.011804775334894657, -0.02056306228041649]",True,REFUTES,"[0.0, -0.0003044141922146082, -0.022329645231366158]",False,SUPPORTS,fever,True,B,True,B,"[0.0001415777951478958, -0.00021159183233976364, 6.697326898574829e-05]","[0.00014256266877055168, -0.0002103745937347412, 6.781145930290222e-05]",0,"[9.848736226558685e-07, 1.2172386050224304e-06, 8.381903171539307e-07]",2.323649823665619e-07,"Claim: Ed and Lorraine Warren were Anglican. || Evidence: Edward Warren Miney -LRB- September 7 , 1926 -- August 23 , 2006 -RRB- and Lorraine Rita Warren -LRB- née Moran , born January 31 , 1927 -RRB- were a married Roman Catholic couple who were highly controversial American paranormal investigators and authors associated with prominent cases of hauntings. || Labels: SUPPORTS: Supports | REFUTES: Refutes | NOT_ENOUGH_INFO: Not enough info || Decide the correct label.",-0.00035316962748765945,-0.0003529372625052929,2.323649823665619e-07,0.009883370948955417,39150,Refutes,-0.0003044141922146082,0.009578956756740808,0.009579189121723175,0.009226019494235516,0.009225787129253149,-0.009578956756740808,0.0,"[0.0022246013395488262, 0.011803558096289635, -0.020563900470733643]",True,REFUTES,correct_min_abs,stubborn_wrong,"[0.0022246013395488262, 0.011803558096289635, -0.020563900470733643]",True,shared_helped,"[0.0022246013395488262, 0.012107972288504243, 0.001765744760632515]",non_negative,REFUTES,0.0
"[0.004294194746762514, 0.008648812770843506, -0.006587744690477848]",True,REFUTES,"[0.004294208250939846, 0.008648800663650036, -0.006587735842913389]",True,REFUTES,"[0.0023416164331138134, 0.011422817595303059, -0.007409181445837021]",True,REFUTES,"[0.0, -0.0003411188081372529, -0.0107768215239048]",False,SUPPORTS,fever,True,B,True,B,"[0.0019525783136487007, -0.0027740048244595528, 0.0008214367553591728]","[0.0019525648094713688, -0.0027739927172660828, 0.000821427907794714]",0,"[-1.3504177331924438e-08, 1.210719347000122e-08, -8.847564458847046e-09]",2.561137080192566e-08,"Claim: Benjamin Franklin was not born on April 17th, 1790. || Evidence: Benjamin Franklin FRS , FRSE -LRB- April 17 , 1790 -RRB- was one of the Founding Fathers of the United States. || Labels: SUPPORTS: Supports | REFUTES: Refutes | NOT_ENOUGH_INFO: Not enough info || Decide the correct label.",-0.0047265831381082535,-0.0047265575267374516,2.561137080192566e-08,0.009422294358955696,39811,Refutes,-0.0003411188081372529,0.009081175550818443,0.009081201162189245,0.004354618024080992,0.00435459241271019,-0.009081175550818443,0.0,"[0.0023416299372911453, 0.011422805488109589, -0.007409172598272562]",True,REFUTES,correct_min_abs,near_threshold_bad,"[0.0023416299372911453, 0.011422805488109589, -0.007409172598272562]",True,shared_helped,"[0.0023416299372911453, 0.011763924296246842, 0.0033676489256322384]",non_negative,REFUTES,0.0
"[0.003496602876111865, 0.006367756053805351, -0.028171738609671593]",True,REFUTES,"[0.003495671320706606, 0.006366739980876446, -0.028172526508569717]",True,REFUTES,"[0.001385687617585063, 0.009399882517755032, -0.029090214520692825]",True,REFUTES,"[0.0, -0.00024959311122074723, -0.029868541285395622]",False,SUPPORTS,fever,True,B,True,B,"[0.002110915258526802, -0.0030321264639496803, 0.0009184759110212326]","[0.002111846813932061, -0.003031110391020775, 0.0009192638099193573]",0,"[9.315554052591324e-07, 1.016072928905487e-06, 7.878988981246948e-07]",8.451752364635468e-08,"Claim: The Paper only stars Robin Wright. || Evidence: The Paper is a 1994 American comedy-drama film directed by Ron Howard and starring Michael Keaton , Glenn Close , Marisa Tomei , Randy Quaid and Robert Duvall. || Labels: SUPPORTS: Supports | REFUTES: Refutes | NOT_ENOUGH_INFO: Not enough info || Decide the correct label.",-0.005143041722476482,-0.005142957204952836,8.451752364635468e-08,0.00826370349386707,44397,Refutes,-0.00024959311122074723,0.008014110382646322,0.008014194900169969,0.002871153177693486,0.00287106866016984,-0.008014110382646322,0.0,"[0.0013847560621798038, 0.009398866444826126, -0.02909100241959095]",True,REFUTES,correct_min_abs,near_threshold_bad,"[0.0013847560621798038, 0.009398866444826126, -0.02909100241959095]",True,shared_helped,"[0.0013847560621798038, 0.009648459556046873, 0.0007775388658046722]",non_negative,REFUTES,0.0
"[0.007435412146151066, 0.006332431919872761, -0.006731738802045584]",False,SUPPORTS,"[0.007436417043209076, 0.0063336752355098724, -0.006730856839567423]",False,SUPPORTS,"[0.00423392141237855, 0.011149303056299686, -0.008350248448550701]",True,REFUTES,"[0.0, -0.0003301552205812186, -0.011506088078022003]",False,SUPPORTS,fever,True,B,True,B,"[0.0032014907337725163, -0.004816871136426926, 0.0016185096465051174]","[0.003200485836714506, -0.004818114452064037, 0.0016176276840269566]",0,"[-1.0048970580101013e-06, -1.2433156371116638e-06, -8.819624781608582e-07]",-2.384185791015625e-07,"Claim: Phoenix, Arizona is the capital of the Atlantic Ocean. || Evidence: Phoenix -LRB- -LSB- ˈfiːnᵻks -RSB- -RRB- is the capital and most populous city of the U.S. state of Arizona. || Labels: SUPPORTS: Supports | REFUTES: Refutes | NOT_ENOUGH_INFO: Not enough info || Decide the correct label.",-0.008018361870199442,-0.008018600288778543,-2.384185791015625e-07,0.007245775283081457,45394,Refutes,-0.0003301552205812186,0.006915620062500238,0.006915381643921137,-0.001102980226278305,-0.0011027418076992035,-0.006915620062500238,0.0,"[0.00423492630943656, 0.011150546371936798, -0.00834936648607254]",True,REFUTES,correct_min_abs,near_threshold_bad,"[0.00423492630943656, 0.011150546371936798, -0.00834936648607254]",True,shared_helped,"[0.00423492630943656, 0.011480701592518017, 0.003156721591949463]",non_negative,REFUTES,0.0
"[0.002469093771651387, 0.006235804408788681, -0.029017219319939613]",True,REFUTES,"[0.0024696059990674257, 0.006236391142010689, -0.029016785323619843]",True,REFUTES,"[0.0006851601647213101, 0.008873848244547844, -0.029872862622141838]",True,REFUTES,"[0.0, -0.000309657771140337, -0.03012254647910595]",False,SUPPORTS,fever,True,B,True,B,"[0.001783933606930077, -0.002638043835759163, 0.0008556433022022247]","[0.0017834213795140386, -0.0026386305689811707, 0.0008552093058824539]",0,"[-5.122274160385132e-07, -5.867332220077515e-07, -4.33996319770813e-07]",-7.450580596923828e-08,"Claim: Shannon Lee was born in 1234. || Evidence: Shannon Emery Lee -LRB- born April 19 , 1969 -RRB- is an American actress , martial artist and businesswoman. || Labels: SUPPORTS: Supports | REFUTES: Refutes | NOT_ENOUGH_INFO: Not enough info || Decide the correct label.",-0.00442197744268924,-0.004422051948495209,-7.450580596923828e-08,0.00849842035677284,46582,Refutes,-0.000309657771140337,0.008188762585632503,0.008188688079826534,0.003766710637137294,0.003766785142943263,-0.008188762585632503,0.0,"[0.0006856723921373487, 0.008874434977769852, -0.029872428625822067]",True,REFUTES,correct_min_abs,stubborn_wrong,"[0.0006856723921373487, 0.008874434977769852, -0.029872428625822067]",True,shared_helped,"[0.0006856723921373487, 0.009184092748910189, 0.00025011785328388214]",non_negative,REFUTES,0.0
"[0.0041265226900577545, 0.0067752934992313385, -0.017259251326322556]",True,REFUTES,"[0.004125544801354408, 0.006773272063583136, -0.017260203137993813]",True,REFUTES,"[0.00192862912081182, 0.009956047404557467, -0.018238160759210587]",True,REFUTES,"[0.0, -0.0002735478919930756, -0.02023027464747429]",False,SUPPORTS,fever,True,B,True,B,"[0.0021978935692459345, -0.003180753905326128, 0.000978909432888031]","[0.0021988714579492807, -0.003178732469677925, 0.000979861244559288]",0,"[9.778887033462524e-07, 2.021435648202896e-06, 9.51811671257019e-07]",1.0435469448566437e-06,"Claim: The Hunger Games are a series of sporting events. || Evidence: The Hunger Games film series consists of four science fiction dystopian adventure films based on The Hunger Games trilogy of novels , by the American author Suzanne Collins. || Labels: SUPPORTS: Supports | REFUTES: Refutes | NOT_ENOUGH_INFO: Not enough info || Decide the correct label.",-0.0053786474745720625,-0.005377603927627206,1.0435469448566437e-06,0.008299922628793865,52287,Refutes,-0.0002735478919930756,0.00802637473680079,0.008027418283745646,0.002648770809173584,0.0026477272622287273,-0.00802637473680079,0.0,"[0.0019276512321084738, 0.009954025968909264, -0.018239112570881844]",True,REFUTES,correct_min_abs,near_threshold_bad,"[0.0019276512321084738, 0.009954025968909264, -0.018239112570881844]",True,shared_helped,"[0.0019276512321084738, 0.01022757386090234, 0.0019911620765924454]",non_negative,REFUTES,0.0
"[0.004057005047798157, 0.011645421385765076, -0.0072732833214104176]",True,REFUTES,"[0.004056720528751612, 0.011644955724477768, -0.007273547351360321]",True,REFUTES,"[0.0032866159453988075, 0.012779651209712029, -0.007636109832674265]",True,REFUTES,"[0.0, -0.0003725788265001029, -0.011392747052013874]",False,SUPPORTS,fever,True,B,True,B,"[0.0007703891023993492, -0.0011342298239469528, 0.00036282651126384735]","[0.0007706736214458942, -0.001133764162659645, 0.00036309054121375084]",0,"[2.845190465450287e-07, 4.6566128730773926e-07, 2.6402994990348816e-07]",1.8114224076271057e-07,"Claim: Virginia exports only crops. || Evidence: Virginia 's economy changed from primarily agricultural to industrial during the 1960s and 1970s , and in 2002 computer chips became the state 's leading export by monetary value. || Labels: SUPPORTS: Supports | REFUTES: Refutes | NOT_ENOUGH_INFO: Not enough info || Decide the correct label.",-0.001904618926346302,-0.0019044377841055393,1.8114224076271057e-07,0.009865432948572561,54789,Refutes,-0.0003725788265001029,0.009492854122072458,0.009493035264313221,0.007588416337966919,0.007588235195726156,-0.009492854122072458,0.0,"[0.0032863314263522625, 0.01277918554842472, -0.007636373862624168]",True,REFUTES,correct_min_abs,near_threshold_bad,"[0.0032863314263522625, 0.01277918554842472, -0.007636373862624168]",True,shared_helped,"[0.0032863314263522625, 0.013151764374924824, 0.0037563731893897057]",non_negative,REFUTES,0.0
"[0.0044986894354224205, 0.005241456441581249, -0.010785553604364395]",True,REFUTES,"[0.00450055580586195, 0.005245100241154432, -0.010783637873828411]",True,REFUTES,"[0.0015455922111868858, 0.009376849513500929, -0.011975276283919811]",True,REFUTES,"[0.0, -0.00030191155383363366, -0.014052784070372581]",False,SUPPORTS,fever,True,B,True,B,"[0.0029530972242355347, -0.00413539307191968, 0.001189722679555416]","[0.0029512308537960052, -0.004139036871492863, 0.001187806949019432]",0,"[-1.866370439529419e-06, -3.6437995731830597e-06, -1.9157305359840393e-06]",-1.7774291336536407e-06,"Claim: Sausage Party was only written by Barack Obama. || Evidence: Sausage Party is a 2016 adult computer-animated comedy film directed by Greg Tiernan and Conrad Vernon and written by Kyle Hunter , Ariel Shaffir , Seth Rogen and Evan Goldberg. || Labels: SUPPORTS: Supports | REFUTES: Refutes | NOT_ENOUGH_INFO: Not enough info || Decide the correct label.",-0.007088490296155214,-0.007090267725288868,-1.7774291336536407e-06,0.00813494628528133,55835,Refutes,-0.00030191155383363366,0.007833034731447697,0.007831257302314043,0.0007427670061588287,0.0007445444352924824,-0.007833034731447697,0.0,"[0.0015474585816264153, 0.009380493313074112, -0.011973360553383827]",True,REFUTES,correct_min_abs,stubborn_wrong,"[0.0015474585816264153, 0.009380493313074112, -0.011973360553383827]",True,shared_helped,"[0.0015474585816264153, 0.009682404866907746, 0.0020794235169887543]",non_negative,REFUTES,0.0
"[0.0021344320848584175, 0.011336216703057289, -0.016846073791384697]",True,REFUTES,"[0.0021344285923987627, 0.011336220428347588, -0.016846073791384697]",True,REFUTES,"[0.001851112931035459, 0.011748254299163818, -0.016974791884422302]",True,REFUTES,"[0.0, -0.00027616979787126184, -0.019215067848563194]",False,SUPPORTS,fever,True,B,True,B,"[0.00028331915382295847, -0.00041203759610652924, 0.00012871809303760529]","[0.0002833226462826133, -0.0004120413213968277, 0.00012871809303760529]",0,"[3.4924596548080444e-09, -3.725290298461914e-09, 0.0]",-7.2177499532699585e-09,"Claim: In the 1970's, Samsung entered the shipbuilding industries. || Evidence: Samsung entered the electronics industry in the late 1960s and the construction and shipbuilding industries in the mid-1970s ; these areas would drive its subsequent growth. || Labels: SUPPORTS: Supports | REFUTES: Refutes | NOT_ENOUGH_INFO: Not enough info || Decide the correct label.",-0.0006953567499294877,-0.000695363967679441,-7.2177499532699585e-09,0.010173318383749574,56960,Refutes,-0.00027616979787126184,0.009897148585878313,0.00989714136812836,0.009201784618198872,0.009201791835948825,-0.009897148585878313,0.0,"[0.0018511094385758042, 0.011748258024454117, -0.016974791884422302]",True,REFUTES,correct_min_abs,stubborn_wrong,"[0.0018511094385758042, 0.011748258024454117, -0.016974791884422302]",True,shared_helped,"[0.0018511094385758042, 0.012024427822325379, 0.002240275964140892]",non_negative,REFUTES,0.0
"[0.0024494645185768604, 0.004250676371157169, -0.03240959718823433]",False,REFUTES,"[0.002448959741741419, 0.004249692894518375, -0.03241010382771492]",False,REFUTES,"[3.482261672616005e-05, 0.007679415866732597, -0.033421698957681656]",False,REFUTES,"[0.0, -0.0005627478822134435, -0.03358239680528641]",True,SUPPORTS,fever,False,B,False,B,"[0.0024146419018507004, -0.003428739495575428, 0.0010121017694473267]","[0.002415146678686142, -0.003427756018936634, 0.0010126084089279175]",-1,"[5.047768354415894e-07, 9.834766387939453e-07, 5.066394805908203e-07]",-4.78699803352356e-07,"Claim: Konidela Production Company was established. || Evidence: Konidela Production Company is an Indian film production company established by actor Ram Charan , son of Chiranjeevi. || Labels: SUPPORTS: Supports | REFUTES: Refutes | NOT_ENOUGH_INFO: Not enough info || Decide the correct label.",0.005843381397426128,0.005842902697622776,-4.78699803352356e-07,-0.008206862432416528,58396,Supports,0.0005627478822134435,-0.007644114550203085,-0.007644593250006437,-0.001801211852580309,-0.0018007331527769566,0.007644114550203085,-4096.0,"[-0.0020332480780780315, 0.0036501120775938034, -0.03549740090966225]",False,REFUTES,best_margin_when_all_wrong,base_correct_control,"[3.431783989071846e-05, 0.007678432390093803, -0.03342220559716225]",False,shared_hurt,"[3.431783989071846e-05, 0.008241180272307247, 0.00016019120812416077]",near_threshold,REFUTES,-4.786991771200121e-07
"[0.003881547600030899, 0.00554373674094677, -0.02048301137983799]",True,REFUTES,"[0.003880908712744713, 0.005543036386370659, -0.020483549684286118]",True,REFUTES,"[0.001408300595358014, 0.009161770343780518, -0.02162591926753521]",True,REFUTES,"[0.0, -0.00020668754586949944, -0.022668657824397087]",False,SUPPORTS,fever,True,B,True,B,"[0.002473247004672885, -0.003618033602833748, 0.0011429078876972198]","[0.002473885891959071, -0.003617333248257637, 0.0011434461921453476]",0,"[6.388872861862183e-07, 7.003545761108398e-07, 5.383044481277466e-07]",6.146728992462158e-08,"Claim: Robert Zemeckis has rarely made movies for adults. || Evidence: The movies he has directed have ranged across a wide variety of genres , for both adults and families. || Labels: SUPPORTS: Supports | REFUTES: Refutes | NOT_ENOUGH_INFO: Not enough info || Decide the correct label.",-0.006091280607506633,-0.006091219140216708,6.146728992462158e-08,0.007960095827002078,59603,Refutes,-0.00020668754586949944,0.007753408281132579,0.0077534697484225035,0.0016621891409158707,0.001662127673625946,-0.007753408281132579,0.0,"[0.0014076617080718279, 0.009161069989204407, -0.021626457571983337]",True,REFUTES,correct_min_abs,near_threshold_bad,"[0.0014076617080718279, 0.009161069989204407, -0.021626457571983337]",True,shared_helped,"[0.0014076617080718279, 0.009367757535073906, 0.0010422002524137497]",non_negative,REFUTES,0.0
"[0.0027336240746080875, 0.007280218414962292, -0.030968647450208664]",False,REFUTES,"[0.0027331665623933077, 0.007279610261321068, -0.030969059094786644]",False,REFUTES,"[0.0011567140463739634, 0.009605874307453632, -0.031715916469693184]",False,REFUTES,"[0.0, -0.00020621081057470292, -0.03209080919623375]",True,SUPPORTS,fever,False,B,False,B,"[0.0015769100282341242, -0.0023256558924913406, 0.00074726901948452]","[0.001577367540448904, -0.0023250477388501167, 0.0007476806640625]",-1,"[4.575122147798538e-07, 6.081536412239075e-07, 4.116445779800415e-07]",-1.5064142644405365e-07,"Claim: Natasha Lyonne was born in 1979. || Evidence: Natasha Bianca Lyonne Braunstein -LRB- born April 4 , 1979 -RRB- , better known as Natasha Lyonne , is an American actress. || Labels: SUPPORTS: Supports | REFUTES: Refutes | NOT_ENOUGH_INFO: Not enough info || Decide the correct label.",0.003902565920725465,0.0039024152792990208,-1.5064142644405365e-07,-0.008655220430227928,59890,Supports,0.00020621081057470292,-0.008449009619653225,-0.008449160261079669,-0.004546594340354204,-0.00454644369892776,0.008449009619653225,-4096.0,"[-0.0007177134975790977, 0.0071142688393592834, -0.033402424305677414]",False,REFUTES,best_margin_when_all_wrong,base_correct_control,"[0.0011562565341591835, 0.009605266153812408, -0.031716328114271164]",False,shared_hurt,"[0.0011562565341591835, 0.009811476964387111, 0.00037448108196258545]",near_threshold,REFUTES,-1.5064124814949023e-07
"[0.0018976052524521947, 0.009102407842874527, -0.04499140754342079]",True,REFUTES,"[0.0018975387793034315, 0.009102337062358856, -0.04499146714806557]",True,REFUTES,"[0.0011258170707151294, 0.010231688618659973, -0.04534870386123657]",True,REFUTES,"[0.0, -0.00025042734341695905, -0.04603506252169609]",False,SUPPORTS,fever,True,B,True,B,"[0.0007717881817370653, -0.0011292807757854462, 0.00035729631781578064]","[0.0007718546548858285, -0.0011292099952697754, 0.00035735592246055603]",0,"[6.647314876317978e-08, 7.078051567077637e-08, 5.960464477539063e-08]",4.307366907596588e-09,Claim: Barbarella was directed in 2011 by Roger Vadim. || Evidence: Barbarella is a 1968 science fiction film directed by Roger Vadim based on the French comic Barbarella. || Labels: SUPPORTS: Supports | REFUTES: Refutes | NOT_ENOUGH_INFO: Not enough info || Decide the correct label.,-0.0019010689575225115,-0.0019010646501556039,4.307366907596588e-09,0.009356294583994895,60241,Refutes,-0.00025042734341695905,0.009105867240577936,0.009105871547944844,0.007204802590422332,0.007204798283055425,-0.009105867240577936,0.0,"[0.0011257505975663662, 0.010231617838144302, -0.04534876346588135]",True,REFUTES,correct_min_abs,near_threshold_bad,"[0.0011257505975663662, 0.010231617838144302, -0.04534876346588135]",True,shared_helped,"[0.0011257505975663662, 0.010482045181561261, 0.000686299055814743]",non_negative,REFUTES,0.0
"[0.005434257909655571, 0.006885885260999203, -0.017085891216993332]",True,REFUTES,"[0.005437081679701805, 0.006888640113174915, -0.01708352006971836]",True,REFUTES,"[0.0029558248352259398, 0.010607524774968624, -0.01833704672753811]",True,REFUTES,"[0.0, -0.0002731903805397451, -0.01973242312669754]",False,SUPPORTS,fever,True,B,True,B,"[0.0024784330744296312, -0.0037216395139694214, 0.001251155510544777]","[0.002475609304383397, -0.003724394366145134, 0.001248784363269806]",0,"[-2.823770046234131e-06, -2.7548521757125854e-06, -2.3711472749710083e-06]",6.891787052154541e-08,"Claim: Aruba is the only ABC Island. || Evidence: The ABC islands are the three western-most islands of the Leeward Antilles in the Caribbean Sea that lie north of Falcón State , Venezuela. || Labels: SUPPORTS: Supports | REFUTES: Refutes | NOT_ENOUGH_INFO: Not enough info || Decide the correct label.",-0.006200072588399053,-0.006200003670528531,6.891787052154541e-08,0.007924821402411908,6032,Refutes,-0.0002731903805397451,0.007651631021872163,0.007651699939742684,0.0014516273513436317,0.0014515584334731102,-0.007651631021872163,0.0,"[0.002958648605272174, 0.010610279627144337, -0.018334675580263138]",True,REFUTES,correct_min_abs,near_threshold_bad,"[0.002958648605272174, 0.010610279627144337, -0.018334675580263138]",True,shared_helped,"[0.002958648605272174, 0.010883470007684082, 0.0013977475464344025]",non_negative,REFUTES,0.0
"[0.0013228433672338724, 0.00953430961817503, -0.03754473477602005]",True,REFUTES,"[0.0013211948098614812, 0.009532328695058823, -0.03754611313343048]",True,REFUTES,"[0.0009028034983202815, 0.01019312534481287, -0.03777850419282913]",True,REFUTES,"[0.0, -0.00036161558819003403, -0.037914298474788666]",False,SUPPORTS,fever,True,B,True,B,"[0.0004200398689135909, -0.0006588157266378403, 0.00023376941680908203]","[0.00042168842628598213, -0.0006568348035216331, 0.00023514777421951294]",0,"[1.648557372391224e-06, 1.980923116207123e-06, 1.3783574104309082e-06]",3.323657438158989e-07,"Claim: Physics is not one of the oldest academic disciplines. || Evidence: Physics is one of the oldest academic disciplines , perhaps the oldest through its inclusion of astronomy. || Labels: SUPPORTS: Supports | REFUTES: Refutes | NOT_ENOUGH_INFO: Not enough info || Decide the correct label.",-0.0010788555955514312,-0.0010785232298076153,3.323657438158989e-07,0.009651605068938807,61136,Refutes,-0.00036161558819003403,0.009289989480748773,0.009290321846492589,0.008211466250941157,0.008211133885197341,-0.009289989480748773,0.0,"[0.0009011549409478903, 0.010191144421696663, -0.03777988255023956]",True,REFUTES,correct_min_abs,near_threshold_bad,"[0.0009011549409478903, 0.010191144421696663, -0.03777988255023956]",True,shared_helped,"[0.0009011549409478903, 0.010552760009886697, 0.00013441592454910278]",non_negative,REFUTES,0.0
"[-0.001041071955114603, 0.008943721652030945, -0.03750504180788994]",True,REFUTES,"[-0.001040728879161179, 0.008944074623286724, -0.03750476613640785]",True,REFUTES,"[-0.001041415031068027, 0.008943368680775166, -0.037505317479372025]",True,REFUTES,"[0.0, -0.0003250309091527015, -0.03629440441727638]",False,SUPPORTS,fever,True,B,True,B,"[3.430759534239769e-07, 3.5297125577926636e-07, 2.7567148208618164e-07]","[0.0, 0.0, 0.0]",0,"[-3.430759534239769e-07, -3.5297125577926636e-07, -2.7567148208618164e-07]",-9.89530235528946e-09,"Claim: The Beverly Hillbillies had nine seasons starting in 1972. || Evidence: The Beverly Hillbillies is an American sitcom originally broadcast on CBS for nine seasons , from September 26 , 1962 , to March 23 , 1971. || Labels: SUPPORTS: Supports | REFUTES: Refutes | NOT_ENOUGH_INFO: Not enough info || Decide the correct label.",9.89530235528946e-09,0.0,-9.89530235528946e-09,0.01030982451629825,75288,Refutes,-0.0003250309091527015,0.009984793607145548,0.009984783711843193,0.009984793607145548,0.009984803502447903,-0.009984793607145548,0.0,"[-0.001041071955114603, 0.008943721652030945, -0.03750504180788994]",True,REFUTES,correct_min_abs,near_threshold_bad,"[-0.001041071955114603, 0.008943721652030945, -0.03750504180788994]",True,shared_helped,"[-0.001041071955114603, 0.009268752561183646, -0.001210637390613556]",non_negative,REFUTES,0.0
"[0.0034218321088701487, 0.013551929965615273, -0.04293925687670708]",True,REFUTES,"[0.0034211925230920315, 0.01355128362774849, -0.042939767241477966]",True,REFUTES,"[0.003422471694648266, 0.013552576303482056, -0.04293874651193619]",True,REFUTES,"[0.0, -0.0002809368306770921, -0.046158500015735626]",False,SUPPORTS,fever,True,B,True,B,"[-6.395857781171799e-07, -6.463378667831421e-07, -5.103647708892822e-07]","[0.0, 0.0, 0.0]",0,"[6.395857781171799e-07, 6.463378667831421e-07, 5.103647708892822e-07]",6.752088665962219e-09,Claim: Moscovium's atomic symbol contains a G and at least two E's. || Evidence: Moscovium is a superheavy synthetic element with symbol Mc and atomic number 115. || Labels: SUPPORTS: Supports | REFUTES: Refutes | NOT_ENOUGH_INFO: Not enough info || Decide the correct label.,-6.752088665962219e-09,0.0,6.752088665962219e-09,0.010411034687422216,75311,Refutes,-0.0002809368306770921,0.010130097856745124,0.01013010460883379,0.010130097856745124,0.010130091104656458,-0.010130097856745124,0.0,"[0.0034218321088701487, 0.013551929965615273, -0.04293925687670708]",True,REFUTES,correct_min_abs,stubborn_wrong,"[0.0034218321088701487, 0.013551929965615273, -0.04293925687670708]",True,shared_helped,"[0.0034218321088701487, 0.013832866796292365, 0.003219243139028549]",non_negative,REFUTES,0.0
"[0.002219381043687463, 0.0036629620008170605, -0.014118019491434097]",False,REFUTES,"[0.0022209682501852512, 0.0036648244131356478, -0.014116641134023666]",False,REFUTES,"[-0.00023617851547896862, 0.00747139728628099, -0.015475722961127758]",False,REFUTES,"[0.0, -0.00019905969384126365, -0.01361999474465847]",True,SUPPORTS,fever,False,B,False,B,"[0.0024555595591664314, -0.003808435285463929, 0.0013577034696936607]","[0.002453972352668643, -0.0038102976977825165, 0.0013563251122832298]",1,"[-1.5872064977884293e-06, -1.8624123185873032e-06, -1.3783574104309082e-06]",2.752058207988739e-07,"Claim: Brown University's main campus is located in the College Hill Historic District of Providence. || Evidence: Brown 's main campus is located in the College Hill Historic District in the city of Providence , the third largest city in New England. || Labels: SUPPORTS: Supports | REFUTES: Refutes | NOT_ENOUGH_INFO: Not enough info || Decide the correct label.",0.006263994844630361,0.0062642700504511595,2.752058207988739e-07,-0.00790691070142202,75778,Supports,0.00019905969384126365,-0.007707851007580757,-0.007707575801759958,-0.0014435809571295977,-0.0014438561629503965,0.007707851007580757,4096.0,"[-0.0067357891239225864, -0.0001551811583340168, -0.021120096556842327]",False,REFUTES,best_margin_when_all_wrong,base_correct_control,"[-0.0002345913089811802, 0.007473259698599577, -0.015474344603717327]",False,shared_hurt,"[-0.0002345913089811802, 0.007672319392440841, -0.001854349859058857]",near_threshold,REFUTES,2.7520546375322854e-07
"[-0.0017225324409082532, 0.008102169260382652, -0.018730206415057182]",True,REFUTES,"[-0.001721690408885479, 0.00810305867344141, -0.018729519098997116]",True,REFUTES,"[-0.0017233744729310274, 0.008101279847323895, -0.01873089373111725]",True,REFUTES,"[0.0, -0.0003197873884346336, -0.01653769426047802]",False,SUPPORTS,fever,True,B,True,B,"[8.420320227742195e-07, 8.89413058757782e-07, 6.873160600662231e-07]","[0.0, 0.0, 0.0]",0,"[-8.420320227742195e-07, -8.89413058757782e-07, -6.873160600662231e-07]",-4.738103598356247e-08,"Claim: Westworld (TV series)'s first season has one episode. || Evidence: The first season premiered on October 2 , 2016 , concluded on December 4 , 2016 , and consists of ten episodes. || Labels: SUPPORTS: Supports | REFUTES: Refutes | NOT_ENOUGH_INFO: Not enough info || Decide the correct label.",4.738103598356247e-08,0.0,-4.738103598356247e-08,0.010144489089725539,80212,Refutes,-0.0003197873884346336,0.009824701701290905,0.009824654320254922,0.009824701701290905,0.009824749082326889,-0.009824701701290905,0.0,"[-0.0017225324409082532, 0.008102169260382652, -0.018730206415057182]",True,REFUTES,correct_min_abs,stubborn_wrong,"[-0.0017225324409082532, 0.008102169260382652, -0.018730206415057182]",True,shared_helped,"[-0.0017225324409082532, 0.008421956648817286, -0.0021925121545791626]",non_negative,REFUTES,0.0
"[0.002664824016392231, 0.010046166367828846, -0.0182766392827034]",True,REFUTES,"[0.002661746460944414, 0.01003995444625616, -0.01827958971261978]",True,REFUTES,"[0.0015509033109992743, 0.011714081279933453, -0.018818393349647522]",True,REFUTES,"[0.0, -0.00019035911827813834, -0.02159922383725643]",False,SUPPORTS,fever,True,B,True,B,"[0.0011139207053929567, -0.0016679149121046066, 0.0005417540669441223]","[0.0011169982608407736, -0.0016617029905319214, 0.0005447044968605042]",0,"[3.0775554478168488e-06, 6.211921572685242e-06, 2.950429916381836e-06]",3.134366124868393e-06,"Claim: Dopamine prevents neuromodulation. || Evidence: Major neuromodulators in the central nervous system include dopamine , serotonin , acetylcholine , histamine , and norepinephrine. || Labels: SUPPORTS: Supports | REFUTES: Refutes | NOT_ENOUGH_INFO: Not enough info || Decide the correct label.",-0.0027818356174975634,-0.002778701251372695,3.134366124868393e-06,0.010350402721087448,80650,Refutes,-0.00019035911827813834,0.01016004360280931,0.010163177968934178,0.007381342351436615,0.007378207985311747,-0.01016004360280931,0.0,"[0.0015478257555514574, 0.011707869358360767, -0.018821343779563904]",True,REFUTES,correct_min_abs,near_threshold_bad,"[0.0015478257555514574, 0.011707869358360767, -0.018821343779563904]",True,shared_helped,"[0.0015478257555514574, 0.011898228476638906, 0.0027778800576925278]",non_negative,REFUTES,0.0
"[0.0032696302514523268, 0.005989583674818277, -0.03976944461464882]",True,REFUTES,"[0.0032704463228583336, 0.005990457255393267, -0.039768755435943604]",True,REFUTES,"[0.0011177260894328356, 0.009120769798755646, -0.040751103311777115]",True,REFUTES,"[0.0, -0.00023505308490712196, -0.04140996187925339]",False,SUPPORTS,fever,True,B,True,B,"[0.002151904162019491, -0.0031311861239373684, 0.000981658697128296]","[0.0021510880906134844, -0.0031320597045123577, 0.0009809695184230804]",0,"[-8.16071406006813e-07, -8.735805749893188e-07, -6.891787052154541e-07]",-5.75091689825058e-08,"Claim: Gray Matters is a sandwich. || Evidence: Gray Matters is a 2006 romantic comedy film directed by Sue Kramer , starring Heather Graham , Tom Cavanagh and Bridget Moynahan. || Labels: SUPPORTS: Supports | REFUTES: Refutes | NOT_ENOUGH_INFO: Not enough info || Decide the correct label.",-0.00528309028595686,-0.005283147795125842,-5.75091689825058e-08,0.008238154303398915,82580,Refutes,-0.00023505308490712196,0.008003101218491793,0.00800304370932281,0.0027199534233659506,0.002720010932534933,-0.008003101218491793,0.0,"[0.0011185421608388424, 0.009121643379330635, -0.0407504141330719]",True,REFUTES,correct_min_abs,near_threshold_bad,"[0.0011185421608388424, 0.009121643379330635, -0.0407504141330719]",True,shared_helped,"[0.0011185421608388424, 0.009356696464237757, 0.000659547746181488]",non_negative,REFUTES,0.0
"[0.00022286700550466776, 0.005427581258118153, -0.037898071110248566]",True,REFUTES,"[0.00022393092513084412, 0.005428818054497242, -0.03789714723825455]",True,REFUTES,"[-0.0011200554436072707, 0.007397295441478491, -0.038528088480234146]",True,REFUTES,"[0.0, -0.00037043384509161115, -0.03646489977836609]",False,SUPPORTS,fever,True,B,True,B,"[0.0013429224491119385, -0.001969714183360338, 0.0006300173699855804]","[0.0013418585294857621, -0.0019709509797394276, 0.0006290934979915619]",0,"[-1.0639196261763573e-06, -1.2367963790893555e-06, -9.238719940185547e-07]",-1.728767529129982e-07,"Claim: Simon Pegg is only a banker. || Evidence: Simon John Pegg -LRB- né Beckingham ; born 14 February 1970 -RRB- is an English actor , comedian , screenwriter , and producer. || Labels: SUPPORTS: Supports | REFUTES: Refutes | NOT_ENOUGH_INFO: Not enough info || Decide the correct label.",-0.0033126366324722767,-0.0033128095092251897,-1.728767529129982e-07,0.008887957606930286,8298,Refutes,-0.00037043384509161115,0.008517523761838675,0.008517350885085762,0.005204714252613485,0.005204887129366398,-0.008517523761838675,0.0,"[-0.0011189915239810944, 0.00739853223785758, -0.03852716460824013]",True,REFUTES,correct_min_abs,near_threshold_bad,"[-0.0011189915239810944, 0.00739853223785758, -0.03852716460824013]",True,shared_helped,"[-0.0011189915239810944, 0.007768966082949191, -0.0020622648298740387]",non_negative,REFUTES,0.0
"[0.0036186398938298225, 0.004648778587579727, -0.031162813305854797]",True,REFUTES,"[0.0036190696991980076, 0.004649542272090912, -0.031162401661276817]",True,REFUTES,"[0.0009251044830307364, 0.008509855717420578, -0.032331960275769234]",True,REFUTES,"[0.0, -0.0003295593778602779, -0.03334289416670799]",False,SUPPORTS,fever,True,B,True,B,"[0.002693535410799086, -0.003861077129840851, 0.0011691469699144363]","[0.002693105605430901, -0.0038618408143520355, 0.0011687353253364563]",0,"[-4.2980536818504333e-07, -7.636845111846924e-07, -4.116445779800415e-07]",-3.3387914299964905e-07,"Claim: A Good Day to Die Hard was a documentary film about the death of Bruce Willis. || Evidence: The main plot finds McClane travelling to Russia to get his estranged son , Jack , an undercover CIA agent , out of prison. || Labels: SUPPORTS: Supports | REFUTES: Refutes | NOT_ENOUGH_INFO: Not enough info || Decide the correct label.",-0.006554612540639937,-0.006554946419782937,-3.3387914299964905e-07,0.007914644491393119,84675,Refutes,-0.0003295593778602779,0.007585085113532841,0.0075847512343898416,0.0010301386937499046,0.0010304725728929043,-0.007585085113532841,0.0,"[0.0009255342883989215, 0.008510619401931763, -0.032331548631191254]",True,REFUTES,correct_min_abs,near_threshold_bad,"[0.0009255342883989215, 0.008510619401931763, -0.032331548631191254]",True,shared_helped,"[0.0009255342883989215, 0.00884017877979204, 0.001011345535516739]",non_negative,REFUTES,0.0
"[-0.0014608092606067657, 0.008467310108244419, -0.02996768429875374]",True,REFUTES,"[-0.0014625367475673556, 0.0084654800593853, -0.02996908873319626]",True,REFUTES,"[-0.0014590817736461759, 0.008469140157103539, -0.029966279864311218]",True,REFUTES,"[0.0, -0.00033444532891735435, -0.028657786548137665]",False,SUPPORTS,fever,True,B,True,B,"[-1.7274869605898857e-06, -1.8300488591194153e-06, -1.4044344425201416e-06]","[0.0, 0.0, 0.0]",0,"[1.7274869605898857e-06, 1.8300488591194153e-06, 1.4044344425201416e-06]",1.0256189852952957e-07,"Claim: Louie (season 1) is a romance-disaster TV series. || Evidence: The first season of the American television comedy series Louie premiered on June 29 , 2010 and concluded on September 7 , 2010. || Labels: SUPPORTS: Supports | REFUTES: Refutes | NOT_ENOUGH_INFO: Not enough info || Decide the correct label.",-1.0256189852952957e-07,0.0,1.0256189852952957e-07,0.01026256469776854,85093,Refutes,-0.00033444532891735435,0.009928119368851185,0.009928221930749714,0.009928119368851185,0.009928016806952655,-0.009928119368851185,0.0,"[-0.0014608092606067657, 0.008467310108244419, -0.02996768429875374]",True,REFUTES,correct_min_abs,near_threshold_bad,"[-0.0014608092606067657, 0.008467310108244419, -0.02996768429875374]",True,shared_helped,"[-0.0014608092606067657, 0.008801755437161773, -0.0013098977506160736]",non_negative,REFUTES,0.0
"[0.0027651714626699686, 0.001866205595433712, -0.009172297082841396]",False,SUPPORTS,"[0.0027678755577653646, 0.0018692752346396446, -0.00916994921863079]",False,SUPPORTS,"[-0.00036184978671371937, 0.006706933956593275, -0.010894124396145344]",True,REFUTES,"[0.0, -0.00019071667338721454, -0.008458728902041912]",False,SUPPORTS,fever,True,B,True,B,"[0.003127021249383688, -0.004840728361159563, 0.0017218273133039474]","[0.003124317154288292, -0.004843798000365496, 0.0017194794490933418]",0,"[-2.704095095396042e-06, -3.069639205932617e-06, -2.3478642106056213e-06]",-3.655441105365753e-07,"Claim: Brown University's main campus is located in Paris France. || Evidence: Brown University is a private Ivy League research university in Providence , Rhode Island , United States , founded in 1764 as `` The College in the English Colony of Rhode Island and Providence Plantations. || Labels: SUPPORTS: Supports | REFUTES: Refutes | NOT_ENOUGH_INFO: Not enough info || Decide the correct label.",-0.007967749610543251,-0.007968115154653788,-3.655441105365753e-07,0.0072598659608047456,94252,Refutes,-0.00019071667338721454,0.007069149287417531,0.0070687837433069944,-0.0008989658672362566,-0.00089860032312572,-0.007069149287417531,0.0,"[-0.0003591456916183233, 0.006710003595799208, -0.010891776531934738]",True,REFUTES,correct_min_abs,near_threshold_bad,"[-0.0003591456916183233, 0.006710003595799208, -0.010891776531934738]",True,shared_helped,"[-0.0003591456916183233, 0.006900720269186422, -0.002433047629892826]",non_negative,REFUTES,0.0
"[0.007699283305555582, 0.015457567758858204, -0.04049123078584671]",True,REFUTES,"[0.007696146611124277, 0.015454023145139217, -0.04049377888441086]",True,REFUTES,"[0.007111990824341774, 0.016337774693965912, -0.04077491536736488]",True,REFUTES,"[0.0, -0.00029702542815357447, -0.04676828160881996]",False,SUPPORTS,fever,True,B,True,B,"[0.0005872924812138081, -0.000880206935107708, 0.0002836845815181732]","[0.000590429175645113, -0.0008766623213887215, 0.00028623268008232117]",0,"[3.1366944313049316e-06, 3.5446137189865112e-06, 2.5480985641479492e-06]",4.079192876815796e-07,"Claim: Watchmen is a film set in the future. || Evidence: Watchmen is a 2009 American superhero film directed by Zack Snyder , based on the 1986 -- 87 DC Comics limited series of the same name by Alan Moore and Dave Gibbons.
A dark satirical and dystopian take on the superhero genre , the film is set in an alternate history in the year 1985 at the height of the Cold War between the United States and the Soviet Union , as a group of mostly retired American superheroes investigates the murder of one of their own before uncovering an elaborate and deadly conspiracy , while their moral limitations are challenged by the complex nature of the circumstances. || Labels: SUPPORTS: Supports | REFUTES: Refutes | NOT_ENOUGH_INFO: Not enough info || Decide the correct label.",-0.001467499416321516,-0.0014670914970338345,4.079192876815796e-07,0.00952240137849003,97937,Refutes,-0.00029702542815357447,0.009225375950336456,0.009225783869624138,0.007758284453302622,0.00775787653401494,-0.009225375950336456,0.0,"[0.007108854129910469, 0.016334230080246925, -0.04077746346592903]",True,REFUTES,correct_min_abs,stubborn_wrong,"[0.007108854129910469, 0.016334230080246925, -0.04077746346592903]",True,shared_helped,"[0.007108854129910469, 0.0166312555084005, 0.00599081814289093]",non_negative,REFUTES,0.0
