alignment_aux_active,alignment_aux_loss,alignment_aux_mode,arm_alias,fuser_grad_norm,layer_index,loss,memory_long_effective_rank,memory_long_l2,memory_long_slot_norm_max,memory_long_slot_norm_mean,memory_long_slot_norm_std,memory_long_slots,memory_short_effective_rank,memory_short_l2,memory_short_pairwise_cosine_mean,memory_short_slot_norm_max,memory_short_slot_norm_mean,memory_short_slot_norm_std,memory_short_slots,pilot_fuser_short_slots,pilot_memory_path_variant,pilot_projector_token_source,pilot_reader_context_mode,pilot_reader_num_queries,pilot_support_encoder_mode,pilot_trainable_variant,prefix_hidden_l2,prefix_hidden_slot_norm_max,prefix_hidden_slot_norm_mean,prefix_hidden_slot_norm_std,prefix_l2,prefix_projector_grad_norm,prefix_slot_norm_max,prefix_slot_norm_mean,prefix_slot_norm_std,prefix_tokens,projected_k_l2,projected_v_l2,reader_attention_entropy_max,reader_attention_entropy_mean,reader_attention_entropy_min,reader_attention_pairwise_cosine_mean,reader_grad_norm,reader_num_queries,reader_slot_count,reader_slot_coverage_fraction,row_type,step,suite,support_encoder_grad_norm,support_item_count,support_item_hidden_l2,support_item_hidden_norm_max,support_item_hidden_norm_mean,support_item_hidden_norm_std,total_grad_norm_pre_clip,writer_grad_norm,writer_memory_l2,writer_slot_norm_max,writer_slot_norm_mean,writer_slot_norm_std,writer_to_projector_grad_ratio
,,,I_real,,,,,117.72467803955078,41.62196350097656,41.62196350097656,0.0,8.0,,78.38320985387583,0.999520305727349,39.191607428378745,39.19160511454598,2.764204043801254e-06,4.0,4.0,two_level,short_slots,prompt_summary,4.0,structured_support_set,,,,,,5.862476294157935,,1.3733920249782625,1.3105290776393452,0.030637441172462997,4.0,,,2.079441547393799,2.079441547393799,2.079441547393799,1.0,,4.0,8.0,0.4016393442622951,snapshot_aggregate,0,phase2-selected,,6.0,96.0983657836914,39.233707427978516,39.23198699951172,0.0013412327971309423,,,117.72467803955078,41.62196350097656,41.62196350097656,0.0,
,,,I_real,,0,,,,,,,,,,,,,,,,,,,,,,2.6455841025368114,1.359044436548577,1.3225835581294825,0.023585860785402236,,,,,,4.0,2203.396828573258,11.797309828586267,,,,,,,,,snapshot_layer,0,phase2-selected,,,,,,,,,,,,,
,,,I_real,,7,,,,,,,,,,,,,,,,,,,,,,2.6751175513033005,1.3710762965874594,1.337359926739677,0.02258897368170199,,,,,,4.0,102.98977423495934,24.596013678879036,,,,,,,,,snapshot_layer,0,phase2-selected,,,,,,,,,,,,,
,,,I_real,,14,,,,,,,,,,,,,,,,,,,,,,2.554212456843892,1.3097590012628524,1.2769157544511263,0.02149007304525766,,,,,,4.0,60.10922447579806,47.03594720559042,,,,,,,,,snapshot_layer,0,phase2-selected,,,,,,,,,,,,,
,,,I_real,,21,,,,,,,,,,,,,,,,,,,,,,2.615494176989696,1.340215202237739,1.3075748017576874,0.021372932146807185,,,,,,4.0,41.97604757840516,50.55020460535268,,,,,,,,,snapshot_layer,0,phase2-selected,,,,,,,,,,,,,
,,,I_real,,27,,,,,,,,,,,,,,,,,,,,,,2.6167935308862904,1.3421031471158638,1.3082113832723898,0.02206683998591587,,,,,,4.0,57.20645004022317,147.37411398965804,,,,,,,,,snapshot_layer,0,phase2-selected,,,,,,,,,,,,,
,,,I_shuffle,,,,,117.72469329833984,41.62196731567383,41.62196731567383,1.9073486328125e-06,8.0,,78.3832573812516,0.9995825065941107,39.19163094192255,39.191628565553756,2.385112558661857e-06,4.0,4.0,two_level,short_slots,prompt_summary,4.0,structured_support_set,,,,,,8.58888572161315,,1.9806759474707432,1.920335877137106,0.02749531313044126,4.0,,,2.079441547393799,2.079441547393799,2.079441547393799,1.0,,4.0,8.0,0.47540983606557374,snapshot_aggregate,0,phase2-selected,,6.0,96.09864044189453,39.23369216918945,39.23210906982422,0.001507753157056868,,,117.72469329833984,41.62196731567383,41.62196731567383,1.9073486328125e-06,
,,,I_shuffle,,0,,,,,,,,,,,,,,,,,,,,,,3.8541397110360567,1.9503428291101925,1.927023150881783,0.013857500597101743,,,,,,4.0,2204.5281842341187,13.638540736964492,,,,,,,,,snapshot_layer,0,phase2-selected,,,,,,,,,,,,,
,,,I_shuffle,,7,,,,,,,,,,,,,,,,,,,,,,3.7698301370026637,1.9080098261598681,1.8848780589025529,0.01382349671215796,,,,,,4.0,105.76276685370773,24.140541514412302,,,,,,,,,snapshot_layer,0,phase2-selected,,,,,,,,,,,,,
,,,I_shuffle,,14,,,,,,,,,,,,,,,,,,,,,,3.9146394143339065,1.9806759474707432,1.9572784099422518,0.013995003657507115,,,,,,4.0,64.0733181062292,46.29189144197058,,,,,,,,,snapshot_layer,0,phase2-selected,,,,,,,,,,,,,
,,,I_shuffle,,21,,,,,,,,,,,,,,,,,,,,,,3.824161889123135,1.936329921738046,1.912046489168386,0.014400370953390832,,,,,,4.0,42.67492244282707,48.75229169501633,,,,,,,,,snapshot_layer,0,phase2-selected,,,,,,,,,,,,,
,,,I_shuffle,,27,,,,,,,,,,,,,,,,,,,,,,3.8409989857282794,1.94423258500021,1.9204533549605822,0.014281660837472463,,,,,,4.0,55.44936176987945,153.92498579181608,,,,,,,,,snapshot_layer,0,phase2-selected,,,,,,,,,,,,,
,,,I_zero,,,,,0.0,0.0,0.0,0.0,8.0,,0.0,0.0,0.0,0.0,0.0,4.0,4.0,two_level,short_slots,prompt_summary,4.0,pooled_block,,,,,,0.7305009961128235,,0.1903059035539627,0.16207483410835266,0.0203310027718544,4.0,,,1.473654492656351e-06,1.473654492656351e-06,1.473654492656351e-06,0.0,,4.0,8.0,0.0,snapshot_aggregate,0,phase2-selected,,0.0,0.0,0.0,0.0,0.0,,,0.0,0.0,0.0,0.0,
,,,I_zero,,0,,,,,,,,,,,,,,,,,,,,,,0.25756314396858215,0.1287918984889984,0.1287918984889984,0.0,,,,,,4.0,2201.83984375,20.545042037963867,,,,,,,,,snapshot_layer,0,phase2-selected,,,,,,,,,,,,,
,,,I_zero,,7,,,,,,,,,,,,,,,,,,,,,,0.33719608187675476,0.16858261823654175,0.16858261823654175,0.0,,,,,,4.0,111.42253112792969,52.062889099121094,,,,,,,,,snapshot_layer,0,phase2-selected,,,,,,,,,,,,,
,,,I_zero,,14,,,,,,,,,,,,,,,,,,,,,,0.30731281638145447,0.1536465436220169,0.1536465436220169,0.0,,,,,,4.0,113.9097671508789,88.87667083740234,,,,,,,,,snapshot_layer,0,phase2-selected,,,,,,,,,,,,,
,,,I_zero,,21,,,,,,,,,,,,,,,,,,,,,,0.3380793333053589,0.16904719173908234,0.16904719173908234,0.0,,,,,,4.0,65.71013641357422,82.4453125,,,,,,,,,snapshot_layer,0,phase2-selected,,,,,,,,,,,,,
,,,I_zero,,27,,,,,,,,,,,,,,,,,,,,,,0.3806008994579315,0.1903059035539627,0.1903059035539627,0.0,,,,,,4.0,89.14120483398438,152.27183532714844,,,,,,,,,snapshot_layer,0,phase2-selected,,,,,,,,,,,,,
,,,I_real,,,,,117.72187805175781,41.6209831237793,41.620975494384766,3.814697265625e-06,8.0,,78.3875726168273,0.99960708422739,39.193791373831324,39.19378655855773,4.560746100516971e-06,4.0,4.0,two_level,short_slots,prompt_summary,4.0,structured_support_set,,,,,,26.56914279499992,,6.09196916173716,5.939888696201512,0.11699603009419363,4.0,,,2.079441547393799,2.079441547393799,2.079441547393799,0.9999999990228747,,4.0,8.0,0.46311475409836067,snapshot_aggregate,2,phase2-selected,,6.0,96.09915924072266,39.234039306640625,39.23231887817383,0.0013337472919374704,,,117.72187805175781,41.6209831237793,41.620975494384766,3.814697265625e-06,
,,,I_real,,0,,,,,,,,,,,,,,,,,,,,,,11.762409178937068,5.90218153156218,5.881205316449775,0.013279418491559928,,,,,,4.0,2202.488893602715,13.137697860842845,,,,,,,,,snapshot_layer,2,phase2-selected,,,,,,,,,,,,,
,,,I_real,,7,,,,,,,,,,,,,,,,,,,,,,12.016887711696937,6.028377353167925,6.008410774293493,0.012993729780199097,,,,,,4.0,101.2925907822906,26.194370551187482,,,,,,,,,snapshot_layer,2,phase2-selected,,,,,,,,,,,,,
,,,I_real,,14,,,,,,,,,,,,,,,,,,,,,,11.484299737899029,5.764669254177907,5.742156302342649,0.013876466966066205,,,,,,4.0,70.16122699174724,45.70156072397701,,,,,,,,,snapshot_layer,2,phase2-selected,,,,,,,,,,,,,
,,,I_real,,21,,,,,,,,,,,,,,,,,,,,,,12.138768524420065,6.09196916173716,6.06936499329864,0.014129812126887626,,,,,,4.0,48.63849120843606,51.01000720164815,,,,,,,,,snapshot_layer,2,phase2-selected,,,,,,,,,,,,,
,,,I_real,,27,,,,,,,,,,,,,,,,,,,,,,11.996589801350577,6.020577477627113,5.998306188427034,0.014003500617185577,,,,,,4.0,51.97466909689982,143.39629801765818,,,,,,,,,snapshot_layer,2,phase2-selected,,,,,,,,,,,,,
,,,I_shuffle,,,,,117.72905731201172,41.62350845336914,41.623504638671875,2.336015541004599e-06,8.0,,78.38797559894499,0.999655484176073,39.19399117641762,39.19398829976066,2.8197287997127353e-06,4.0,4.0,two_level,short_slots,prompt_summary,4.0,structured_support_set,,,,,,25.485816986834415,,5.896964182619189,5.697591500204117,0.11746156875227319,4.0,,,2.079441547393799,2.079441547393799,2.079441547393799,1.0,,4.0,8.0,0.5102459016393442,snapshot_aggregate,2,phase2-selected,,6.0,96.09935760498047,39.233924865722656,39.23239517211914,0.001447104150429368,,,117.72905731201172,41.62350845336914,41.623504638671875,2.336015541004599e-06,
,,,I_shuffle,,0,,,,,,,,,,,,,,,,,,,,,,11.473719080940622,5.743688294144928,5.736803336221664,0.006583785913029655,,,,,,4.0,2205.444680135758,12.39923517821265,,,,,,,,,snapshot_layer,2,phase2-selected,,,,,,,,,,,,,
,,,I_shuffle,,7,,,,,,,,,,,,,,,,,,,,,,11.06404001204694,5.538276828703333,5.5320026835457226,0.005796064950953253,,,,,,4.0,102.59762985979924,22.9095585619817,,,,,,,,,snapshot_layer,2,phase2-selected,,,,,,,,,,,,,
,,,I_shuffle,,14,,,,,,,,,,,,,,,,,,,,,,11.780363223591788,5.896964182619189,5.890231914207583,0.006319789635780893,,,,,,4.0,57.88299429221232,44.1385380479156,,,,,,,,,snapshot_layer,2,phase2-selected,,,,,,,,,,,,,
,,,I_shuffle,,21,,,,,,,,,,,,,,,,,,,,,,11.360585400315582,5.687078452501141,5.680306450265353,0.006370723186457743,,,,,,4.0,41.595029111768376,46.91676862122583,,,,,,,,,snapshot_layer,2,phase2-selected,,,,,,,,,,,,,
,,,I_shuffle,,27,,,,,,,,,,,,,,,,,,,,,,11.29718098874952,5.655059869172143,5.648613171499283,0.005916526877000684,,,,,,4.0,56.46626100383821,142.19495579453766,,,,,,,,,snapshot_layer,2,phase2-selected,,,,,,,,,,,,,
,,,I_zero,,,,,0.0,0.0,0.0,0.0,8.0,,0.0,0.0,0.0,0.0,0.0,4.0,4.0,two_level,short_slots,prompt_summary,4.0,pooled_block,,,,,,0.7305009961128235,,0.1903059035539627,0.16207483410835266,0.0203310027718544,4.0,,,1.473654492656351e-06,1.473654492656351e-06,1.473654492656351e-06,0.0,,4.0,8.0,0.0,snapshot_aggregate,2,phase2-selected,,0.0,0.0,0.0,0.0,0.0,,,0.0,0.0,0.0,0.0,
,,,I_zero,,0,,,,,,,,,,,,,,,,,,,,,,0.25756314396858215,0.1287918984889984,0.1287918984889984,0.0,,,,,,4.0,2201.83984375,20.545042037963867,,,,,,,,,snapshot_layer,2,phase2-selected,,,,,,,,,,,,,
,,,I_zero,,7,,,,,,,,,,,,,,,,,,,,,,0.33719608187675476,0.16858261823654175,0.16858261823654175,0.0,,,,,,4.0,111.42253112792969,52.062889099121094,,,,,,,,,snapshot_layer,2,phase2-selected,,,,,,,,,,,,,
,,,I_zero,,14,,,,,,,,,,,,,,,,,,,,,,0.30731281638145447,0.1536465436220169,0.1536465436220169,0.0,,,,,,4.0,113.9097671508789,88.87667083740234,,,,,,,,,snapshot_layer,2,phase2-selected,,,,,,,,,,,,,
,,,I_zero,,21,,,,,,,,,,,,,,,,,,,,,,0.3380793333053589,0.16904719173908234,0.16904719173908234,0.0,,,,,,4.0,65.71013641357422,82.4453125,,,,,,,,,snapshot_layer,2,phase2-selected,,,,,,,,,,,,,
,,,I_zero,,27,,,,,,,,,,,,,,,,,,,,,,0.3806008994579315,0.1903059035539627,0.1903059035539627,0.0,,,,,,4.0,89.14120483398438,152.27183532714844,,,,,,,,,snapshot_layer,2,phase2-selected,,,,,,,,,,,,,
,,,I_real,,,,,117.72158813476562,41.62086868286133,41.62086868286133,3.303624680484063e-06,8.0,,78.39277423796106,0.9996948808920189,39.1963927472224,39.196387056444514,4.569060153147295e-06,4.0,4.0,two_level,short_slots,prompt_summary,4.0,structured_support_set,,,,,,38.64717214615619,,8.836720685489842,8.640131825306376,0.1683185408349897,4.0,,,2.079441547393799,2.079441547393799,2.079441547393799,0.9999999990228747,,4.0,8.0,0.47540983606557374,snapshot_aggregate,4,phase2-selected,,6.0,96.09993743896484,39.234371185302734,39.23263168334961,0.0013863035710528493,,,117.72158813476562,41.62086868286133,41.62086868286133,3.303624680484063e-06,
,,,I_real,,0,,,,,,,,,,,,,,,,,,,,,,17.118611695336515,8.580402733849697,8.559315665823515,0.013395353205135612,,,,,,4.0,2204.8278368340166,12.890067976029194,,,,,,,,,snapshot_layer,4,phase2-selected,,,,,,,,,,,,,
,,,I_real,,7,,,,,,,,,,,,,,,,,,,,,,17.45279740505531,8.746371722612224,8.726426452886862,0.012863003480874125,,,,,,4.0,100.69220821193007,26.23591945210441,,,,,,,,,snapshot_layer,4,phase2-selected,,,,,,,,,,,,,
,,,I_real,,14,,,,,,,,,,,,,,,,,,,,,,16.700176754935843,8.371965126913102,8.350059008989177,0.013774214785729275,,,,,,4.0,71.661991807281,46.07624522975234,,,,,,,,,snapshot_layer,4,phase2-selected,,,,,,,,,,,,,
,,,I_real,,21,,,,,,,,,,,,,,,,,,,,,,17.62897972982438,8.836720685489842,8.814533452518651,0.013952442292185103,,,,,,4.0,47.89508713268843,50.625024826800235,,,,,,,,,snapshot_layer,4,phase2-selected,,,,,,,,,,,,,
,,,I_real,,27,,,,,,,,,,,,,,,,,,,,,,17.500623046374713,8.772287243702372,8.750323764613418,0.013909184984618524,,,,,,4.0,51.431064855856974,141.7240768182473,,,,,,,,,snapshot_layer,4,phase2-selected,,,,,,,,,,,,,
,,,I_shuffle,,,,,117.7315673828125,41.62439727783203,41.624393463134766,1.3486991292666062e-06,8.0,,78.39298185754996,0.9997253691563841,39.196494430792136,39.196491303991095,3.131193941536352e-06,4.0,4.0,two_level,short_slots,prompt_summary,4.0,structured_support_set,,,,,,33.25727412739738,,7.654652392277952,7.435320721297968,0.13536991130133144,4.0,,,2.079441547393799,2.079441547393799,2.079441547393799,1.0000000039085013,,4.0,8.0,0.5225409836065574,snapshot_aggregate,4,phase2-selected,,6.0,96.10018157958984,39.23428726196289,39.232730865478516,0.0015678529161959887,,,117.7315673828125,41.62439727783203,41.624393463134766,1.3486991292666062e-06,
,,,I_shuffle,,0,,,,,,,,,,,,,,,,,,,,,,15.04346164328153,7.531409349597868,7.521727819911769,0.006602665126995474,,,,,,4.0,2205.4419025358607,11.959930138509781,,,,,,,,,snapshot_layer,4,phase2-selected,,,,,,,,,,,,,
,,,I_shuffle,,7,,,,,,,,,,,,,,,,,,,,,,14.516705043980332,7.2670221563245425,7.258391435029076,0.0061494748978341215,,,,,,4.0,102.8697018232502,22.397715459104443,,,,,,,,,snapshot_layer,4,phase2-selected,,,,,,,,,,,,,
,,,I_shuffle,,14,,,,,,,,,,,,,,,,,,,,,,15.291726925333993,7.654652392277952,7.645853120772565,0.006109065902953754,,,,,,4.0,56.5853223331639,45.11479299576556,,,,,,,,,snapshot_layer,4,phase2-selected,,,,,,,,,,,,,
,,,I_shuffle,,21,,,,,,,,,,,,,,,,,,,,,,14.798138899881332,7.408038115892254,7.399018842665876,0.00615010317414999,,,,,,4.0,41.17599406007861,47.34362717925525,,,,,,,,,snapshot_layer,4,phase2-selected,,,,,,,,,,,,,
,,,I_shuffle,,27,,,,,,,,,,,,,,,,,,,,,,14.703154438831767,7.3597897623406086,7.351612067613446,0.005961516093401635,,,,,,4.0,57.63068239806128,138.79175004802767,,,,,,,,,snapshot_layer,4,phase2-selected,,,,,,,,,,,,,
,,,I_zero,,,,,0.0,0.0,0.0,0.0,8.0,,0.0,0.0,0.0,0.0,0.0,4.0,4.0,two_level,short_slots,prompt_summary,4.0,pooled_block,,,,,,0.7305009961128235,,0.1903059035539627,0.16207483410835266,0.0203310027718544,4.0,,,1.473654492656351e-06,1.473654492656351e-06,1.473654492656351e-06,0.0,,4.0,8.0,0.0,snapshot_aggregate,4,phase2-selected,,0.0,0.0,0.0,0.0,0.0,,,0.0,0.0,0.0,0.0,
,,,I_zero,,0,,,,,,,,,,,,,,,,,,,,,,0.25756314396858215,0.1287918984889984,0.1287918984889984,0.0,,,,,,4.0,2201.83984375,20.545042037963867,,,,,,,,,snapshot_layer,4,phase2-selected,,,,,,,,,,,,,
,,,I_zero,,7,,,,,,,,,,,,,,,,,,,,,,0.33719608187675476,0.16858261823654175,0.16858261823654175,0.0,,,,,,4.0,111.42253112792969,52.062889099121094,,,,,,,,,snapshot_layer,4,phase2-selected,,,,,,,,,,,,,
,,,I_zero,,14,,,,,,,,,,,,,,,,,,,,,,0.30731281638145447,0.1536465436220169,0.1536465436220169,0.0,,,,,,4.0,113.9097671508789,88.87667083740234,,,,,,,,,snapshot_layer,4,phase2-selected,,,,,,,,,,,,,
,,,I_zero,,21,,,,,,,,,,,,,,,,,,,,,,0.3380793333053589,0.16904719173908234,0.16904719173908234,0.0,,,,,,4.0,65.71013641357422,82.4453125,,,,,,,,,snapshot_layer,4,phase2-selected,,,,,,,,,,,,,
,,,I_zero,,27,,,,,,,,,,,,,,,,,,,,,,0.3806008994579315,0.1903059035539627,0.1903059035539627,0.0,,,,,,4.0,89.14120483398438,152.27183532714844,,,,,,,,,snapshot_layer,4,phase2-selected,,,,,,,,,,,,,
,,,I_real,,,,,117.71971130371094,41.620208740234375,41.620208740234375,1.3486991292666062e-06,8.0,,78.39944145327709,0.9997795546641115,39.199724979087954,39.199720163814355,5.196077914720785e-06,4.0,4.0,two_level,short_slots,prompt_summary,4.0,structured_support_set,,,,,,50.93506509749616,,11.634752977089803,11.387797777769995,0.19264442827857908,4.0,,,2.079441547393799,2.079441547393799,2.079441547393799,1.0,,4.0,8.0,0.4959016393442623,snapshot_aggregate,8,phase2-selected,,6.0,96.10149383544922,39.2350959777832,39.233272552490234,0.0014226323692128062,,,117.71971130371094,41.620208740234375,41.620208740234375,1.3486991292666062e-06,
,,,I_real,,0,,,,,,,,,,,,,,,,,,,,,,22.54083858552526,11.289271604819376,11.270470541031635,0.011919177259455939,,,,,,4.0,2203.4269339139346,13.620934502023164,,,,,,,,,snapshot_layer,8,phase2-selected,,,,,,,,,,,,,
,,,I_real,,7,,,,,,,,,,,,,,,,,,,,,,22.870435964865763,11.453156971540608,11.435178053183634,0.011418028795694719,,,,,,4.0,101.60884732105693,27.194118030735705,,,,,,,,,snapshot_layer,8,phase2-selected,,,,,,,,,,,,,
,,,I_real,,14,,,,,,,,,,,,,,,,,,,,,,22.160408489039686,11.100043203009934,11.080225475498887,0.012401824481174594,,,,,,4.0,74.48626108638575,47.78414160306336,,,,,,,,,snapshot_layer,8,phase2-selected,,,,,,,,,,,,,
,,,I_real,,21,,,,,,,,,,,,,,,,,,,,,,23.22826007155121,11.634752977089803,11.614059542046219,0.012940057522815759,,,,,,4.0,46.946870710028975,51.358637700315384,,,,,,,,,snapshot_layer,8,phase2-selected,,,,,,,,,,,,,
,,,I_real,,27,,,,,,,,,,,,,,,,,,,,,,23.077991641935753,11.559510559332175,11.539054854971464,0.01293920638558806,,,,,,4.0,51.2561586723953,142.37543049796682,,,,,,,,,snapshot_layer,8,phase2-selected,,,,,,,,,,,,,
,,,I_shuffle,,,,,117.734130859375,41.62529754638672,41.625301361083984,3.814697265625e-06,8.0,,78.3997595114786,0.9997994880207249,39.199884821156985,39.19987981827533,4.124992554978712e-06,4.0,4.0,two_level,short_slots,prompt_summary,4.0,structured_support_set,,,,,,39.49110625220127,,9.106615863862585,8.828721859416024,0.17621969688134115,4.0,,,2.079441547393799,2.079441547393799,2.079441547393799,1.0,,4.0,8.0,0.4569672131147541,snapshot_aggregate,8,phase2-selected,,6.0,96.1014404296875,39.23484802246094,39.23324966430664,0.0015418857801705599,,,117.734130859375,41.62529754638672,41.625301361083984,3.814697265625e-06,
,,,I_shuffle,,0,,,,,,,,,,,,,,,,,,,,,,17.882450604047932,8.951015941432265,8.941279833434058,0.006413487267115566,,,,,,4.0,2205.186743564293,12.114178157243572,,,,,,,,,snapshot_layer,8,phase2-selected,,,,,,,,,,,,,
,,,I_shuffle,,7,,,,,,,,,,,,,,,,,,,,,,17.20279202695753,8.610202429724522,8.601338652313732,0.005963257628447208,,,,,,4.0,102.40251259725602,22.99198769741371,,,,,,,,,snapshot_layer,8,phase2-selected,,,,,,,,,,,,,
,,,I_shuffle,,14,,,,,,,,,,,,,,,,,,,,,,18.19503649727243,9.106615863862585,9.097534351661556,0.006041842986081467,,,,,,4.0,56.4513204605853,44.5325930861176,,,,,,,,,snapshot_layer,8,phase2-selected,,,,,,,,,,,,,
,,,I_shuffle,,21,,,,,,,,,,,,,,,,,,,,,,17.618189545928455,8.818510571464163,8.809103293497055,0.006143651085859928,,,,,,4.0,42.106512413650265,48.20329853745758,,,,,,,,,snapshot_layer,8,phase2-selected,,,,,,,,,,,,,
,,,I_shuffle,,27,,,,,,,,,,,,,,,,,,,,,,17.38891098147533,8.702816978829805,8.694353322513768,0.005752274781831952,,,,,,4.0,58.25582985799821,136.8515802602299,,,,,,,,,snapshot_layer,8,phase2-selected,,,,,,,,,,,,,
,,,I_zero,,,,,0.0,0.0,0.0,0.0,8.0,,0.0,0.0,0.0,0.0,0.0,4.0,4.0,two_level,short_slots,prompt_summary,4.0,pooled_block,,,,,,0.7305009961128235,,0.1903059035539627,0.16207483410835266,0.0203310027718544,4.0,,,1.473654492656351e-06,1.473654492656351e-06,1.473654492656351e-06,0.0,,4.0,8.0,0.0,snapshot_aggregate,8,phase2-selected,,0.0,0.0,0.0,0.0,0.0,,,0.0,0.0,0.0,0.0,
,,,I_zero,,0,,,,,,,,,,,,,,,,,,,,,,0.25756314396858215,0.1287918984889984,0.1287918984889984,0.0,,,,,,4.0,2201.83984375,20.545042037963867,,,,,,,,,snapshot_layer,8,phase2-selected,,,,,,,,,,,,,
,,,I_zero,,7,,,,,,,,,,,,,,,,,,,,,,0.33719608187675476,0.16858261823654175,0.16858261823654175,0.0,,,,,,4.0,111.42253112792969,52.062889099121094,,,,,,,,,snapshot_layer,8,phase2-selected,,,,,,,,,,,,,
,,,I_zero,,14,,,,,,,,,,,,,,,,,,,,,,0.30731281638145447,0.1536465436220169,0.1536465436220169,0.0,,,,,,4.0,113.9097671508789,88.87667083740234,,,,,,,,,snapshot_layer,8,phase2-selected,,,,,,,,,,,,,
,,,I_zero,,21,,,,,,,,,,,,,,,,,,,,,,0.3380793333053589,0.16904719173908234,0.16904719173908234,0.0,,,,,,4.0,65.71013641357422,82.4453125,,,,,,,,,snapshot_layer,8,phase2-selected,,,,,,,,,,,,,
,,,I_zero,,27,,,,,,,,,,,,,,,,,,,,,,0.3806008994579315,0.1903059035539627,0.1903059035539627,0.0,,,,,,4.0,89.14120483398438,152.27183532714844,,,,,,,,,snapshot_layer,8,phase2-selected,,,,,,,,,,,,,
,,,I_real,,,,,117.71894836425781,41.619930267333984,41.619930267333984,0.0,8.0,,78.40397819143827,0.999820595881978,39.20199428620886,39.20198972107934,5.0490350270697264e-06,4.0,4.0,two_level,short_slots,prompt_summary,4.0,structured_support_set,,,,,,57.485554992175494,,13.09735354439157,12.852585589299437,0.20128946665857658,4.0,,,2.079441547393799,2.079441547393799,2.079441547393799,1.0,,4.0,8.0,0.5348360655737705,snapshot_aggregate,12,phase2-selected,,6.0,96.10398864746094,39.23612594604492,39.234283447265625,0.0014160870341584086,,,117.71894836425781,41.619930267333984,41.619930267333984,0.0,
,,,I_real,,0,,,,,,,,,,,,,,,,,,,,,,25.476267830270235,12.753924745028137,12.738113481490338,0.010124819734912426,,,,,,4.0,2203.5008204725923,13.918800963730108,,,,,,,,,snapshot_layer,12,phase2-selected,,,,,,,,,,,,,
,,,I_real,,7,,,,,,,,,,,,,,,,,,,,,,25.846105638097544,12.938183268562693,12.923096312851202,0.009638893204267885,,,,,,4.0,102.29296987564837,27.341184678624888,,,,,,,,,snapshot_layer,12,phase2-selected,,,,,,,,,,,,,
,,,I_real,,14,,,,,,,,,,,,,,,,,,,,,,25.041399346023308,12.537601345875224,12.520721607520931,0.010650441264275645,,,,,,4.0,74.35042084240523,48.29960526012984,,,,,,,,,snapshot_layer,12,phase2-selected,,,,,,,,,,,,,
,,,I_real,,21,,,,,,,,,,,,,,,,,,,,,,26.15899336142618,13.09735354439157,13.079576476675566,0.011199927415515556,,,,,,4.0,46.50855073772493,51.92133481385278,,,,,,,,,snapshot_layer,12,phase2-selected,,,,,,,,,,,,,
,,,I_real,,27,,,,,,,,,,,,,,,,,,,,,,26.002884661565062,13.019004305855173,13.00141969274302,0.01125571716454674,,,,,,4.0,50.82708621415936,143.94927503241868,,,,,,,,,snapshot_layer,12,phase2-selected,,,,,,,,,,,,,
,,,I_shuffle,,,,,117.73518371582031,41.625667572021484,41.625667572021484,1.9073486328125e-06,8.0,,78.40390202256499,0.9998338075934864,39.201956702060386,39.20195107381852,5.05847515341884e-06,4.0,4.0,two_level,short_slots,prompt_summary,4.0,structured_support_set,,,,,,41.95497000022013,,9.689115321049925,9.37935983939249,0.19647033097314054,4.0,,,2.079441547393799,2.079441547393799,2.079441547393799,1.0,,4.0,8.0,0.4426229508196721,snapshot_aggregate,12,phase2-selected,,6.0,96.10332489013672,39.23548889160156,39.2340202331543,0.0015119552845135331,,,117.73518371582031,41.625667572021484,41.625667572021484,1.9073486328125e-06,
,,,I_shuffle,,0,,,,,,,,,,,,,,,,,,,,,,18.988563381257606,9.503147562996286,9.494289382559355,0.0057872404023760655,,,,,,4.0,2204.912769755379,12.297337532043457,,,,,,,,,snapshot_layer,12,phase2-selected,,,,,,,,,,,,,
,,,I_shuffle,,7,,,,,,,,,,,,,,,,,,,,,,18.254767714953815,9.135352087802575,9.127280891918746,0.0053816661696697845,,,,,,4.0,102.2584957685627,23.579840019101002,,,,,,,,,snapshot_layer,12,phase2-selected,,,,,,,,,,,,,
,,,I_shuffle,,14,,,,,,,,,,,,,,,,,,,,,,19.361527020813988,9.689115321049925,9.680818041817087,0.0054915524545873775,,,,,,4.0,56.227991573146134,44.13027722718286,,,,,,,,,snapshot_layer,12,phase2-selected,,,,,,,,,,,,,
,,,I_shuffle,,21,,,,,,,,,,,,,,,,,,,,,,18.74735353813797,9.382421024510117,9.373736381530762,0.00563033256435492,,,,,,4.0,42.92008077902872,48.73373506889968,,,,,,,,,snapshot_layer,12,phase2-selected,,,,,,,,,,,,,
,,,I_shuffle,,27,,,,,,,,,,,,,,,,,,,,,,18.441192970901238,9.22838728545142,9.220674499136503,0.005157865583896637,,,,,,4.0,58.669341165511334,136.22688368500255,,,,,,,,,snapshot_layer,12,phase2-selected,,,,,,,,,,,,,
,,,I_zero,,,,,0.0,0.0,0.0,0.0,8.0,,0.0,0.0,0.0,0.0,0.0,4.0,4.0,two_level,short_slots,prompt_summary,4.0,pooled_block,,,,,,0.7305009961128235,,0.1903059035539627,0.16207483410835266,0.0203310027718544,4.0,,,1.473654492656351e-06,1.473654492656351e-06,1.473654492656351e-06,0.0,,4.0,8.0,0.0,snapshot_aggregate,12,phase2-selected,,0.0,0.0,0.0,0.0,0.0,,,0.0,0.0,0.0,0.0,
,,,I_zero,,0,,,,,,,,,,,,,,,,,,,,,,0.25756314396858215,0.1287918984889984,0.1287918984889984,0.0,,,,,,4.0,2201.83984375,20.545042037963867,,,,,,,,,snapshot_layer,12,phase2-selected,,,,,,,,,,,,,
,,,I_zero,,7,,,,,,,,,,,,,,,,,,,,,,0.33719608187675476,0.16858261823654175,0.16858261823654175,0.0,,,,,,4.0,111.42253112792969,52.062889099121094,,,,,,,,,snapshot_layer,12,phase2-selected,,,,,,,,,,,,,
,,,I_zero,,14,,,,,,,,,,,,,,,,,,,,,,0.30731281638145447,0.1536465436220169,0.1536465436220169,0.0,,,,,,4.0,113.9097671508789,88.87667083740234,,,,,,,,,snapshot_layer,12,phase2-selected,,,,,,,,,,,,,
,,,I_zero,,21,,,,,,,,,,,,,,,,,,,,,,0.3380793333053589,0.16904719173908234,0.16904719173908234,0.0,,,,,,4.0,65.71013641357422,82.4453125,,,,,,,,,snapshot_layer,12,phase2-selected,,,,,,,,,,,,,
,,,I_zero,,27,,,,,,,,,,,,,,,,,,,,,,0.3806008994579315,0.1903059035539627,0.1903059035539627,0.0,,,,,,4.0,89.14120483398438,152.27183532714844,,,,,,,,,snapshot_layer,12,phase2-selected,,,,,,,,,,,,,
,,,I_real,,,,,117.71874237060547,41.61986541748047,41.61986541748047,2.336015541004599e-06,8.0,,78.40705934118051,0.9998428479569857,39.20353486107998,39.20352967059026,5.107110785159376e-06,4.0,4.0,two_level,short_slots,prompt_summary,4.0,structured_support_set,,,,,,61.25238812556032,,13.937872339467534,13.694880391730637,0.20738687915880172,4.0,,,2.079441547393799,2.079441547393799,2.079441547393799,1.0,,4.0,8.0,0.4918032786885246,snapshot_aggregate,16,phase2-selected,,6.0,96.10721588134766,39.2374382019043,39.23561096191406,0.0014516122173517942,,,117.71874237060547,41.61986541748047,41.61986541748047,2.336015541004599e-06,
,,,I_real,,0,,,,,,,,,,,,,,,,,,,,,,27.170526692124664,13.599491181920786,13.585253496639064,0.009149579361813967,,,,,,4.0,2202.4438916816084,14.031043349719438,,,,,,,,,snapshot_layer,16,phase2-selected,,,,,,,,,,,,,
,,,I_real,,7,,,,,,,,,,,,,,,,,,,,,,27.561553110841846,13.794591575372415,13.780994446551214,0.008719636402169212,,,,,,4.0,102.49043861764376,27.333414921995068,,,,,,,,,snapshot_layer,16,phase2-selected,,,,,,,,,,,,,
,,,I_real,,14,,,,,,,,,,,,,,,,,,,,,,26.690795179273263,13.36066791659496,13.345349171122567,0.009713851663543552,,,,,,4.0,74.10196785848649,48.43636797295242,,,,,,,,,snapshot_layer,16,phase2-selected,,,,,,,,,,,,,
,,,I_real,,21,,,,,,,,,,,,,,,,,,,,,,27.843660385882266,13.937872339467534,13.92172811852127,0.010188572444632405,,,,,,4.0,46.359442976654556,52.21201831004659,,,,,,,,,snapshot_layer,16,phase2-selected,,,,,,,,,,,,,
,,,I_real,,27,,,,,,,,,,,,,,,,,,,,,,27.68242657770876,13.857060526238113,13.841076850891113,0.010278659307810127,,,,,,4.0,50.589946121465964,144.89848777896069,,,,,,,,,snapshot_layer,16,phase2-selected,,,,,,,,,,,,,
,,,I_shuffle,,,,,117.73548889160156,41.62579345703125,41.62579345703125,3.5683226542460034e-06,8.0,,78.40661496021708,0.99985243062504,39.20331460921491,39.2033070423564,6.2563498782079386e-06,4.0,4.0,two_level,short_slots,prompt_summary,4.0,structured_support_set,,,,,,43.26763415727459,,10.00075746755131,9.672702429724522,0.20796000126932487,4.0,,,2.079441547393799,2.079441547393799,2.079441547393799,0.9999999980457493,,4.0,8.0,0.48360655737704916,snapshot_aggregate,16,phase2-selected,,6.0,96.10567474365234,39.236473083496094,39.234981536865234,0.0015730458544567227,,,117.73548889160156,41.62579345703125,41.62579345703125,3.5683226542460034e-06,
,,,I_shuffle,,0,,,,,,,,,,,,,,,,,,,,,,19.57577561550453,9.796069379712714,9.787842093921098,0.005359214257265701,,,,,,4.0,2204.2068311347334,12.421270604993476,,,,,,,,,snapshot_layer,16,phase2-selected,,,,,,,,,,,,,
,,,I_shuffle,,7,,,,,,,,,,,,,,,,,,,,,,18.814229589993836,9.414634829661885,9.40715841387139,0.004973538540547989,,,,,,4.0,102.03933152996126,23.995059029000704,,,,,,,,,snapshot_layer,16,phase2-selected,,,,,,,,,,,,,
,,,I_shuffle,,14,,,,,,,,,,,,,,,,,,,,,,19.985842032510725,10.00075746755131,9.993047479723321,0.0051013080281068065,,,,,,4.0,56.169881289122536,43.9379343126641,,,,,,,,,snapshot_layer,16,phase2-selected,,,,,,,,,,,,,
,,,I_shuffle,,21,,,,,,,,,,,,,,,,,,,,,,19.350069577576683,9.683220159812052,9.675098028339324,0.0052552061445522505,,,,,,4.0,43.42458005811347,49.090523016257364,,,,,,,,,snapshot_layer,16,phase2-selected,,,,,,,,,,,,,
,,,I_shuffle,,27,,,,,,,,,,,,,,,,,,,,,,19.000688646660475,9.507515813483566,9.500365945159412,0.004746441034691744,,,,,,4.0,58.97701707433482,136.02200892714202,,,,,,,,,snapshot_layer,16,phase2-selected,,,,,,,,,,,,,
,,,I_zero,,,,,0.0,0.0,0.0,0.0,8.0,,0.0,0.0,0.0,0.0,0.0,4.0,4.0,two_level,short_slots,prompt_summary,4.0,pooled_block,,,,,,0.7305009961128235,,0.1903059035539627,0.16207483410835266,0.0203310027718544,4.0,,,1.473654492656351e-06,1.473654492656351e-06,1.473654492656351e-06,0.0,,4.0,8.0,0.0,snapshot_aggregate,16,phase2-selected,,0.0,0.0,0.0,0.0,0.0,,,0.0,0.0,0.0,0.0,
,,,I_zero,,0,,,,,,,,,,,,,,,,,,,,,,0.25756314396858215,0.1287918984889984,0.1287918984889984,0.0,,,,,,4.0,2201.83984375,20.545042037963867,,,,,,,,,snapshot_layer,16,phase2-selected,,,,,,,,,,,,,
,,,I_zero,,7,,,,,,,,,,,,,,,,,,,,,,0.33719608187675476,0.16858261823654175,0.16858261823654175,0.0,,,,,,4.0,111.42253112792969,52.062889099121094,,,,,,,,,snapshot_layer,16,phase2-selected,,,,,,,,,,,,,
,,,I_zero,,14,,,,,,,,,,,,,,,,,,,,,,0.30731281638145447,0.1536465436220169,0.1536465436220169,0.0,,,,,,4.0,113.9097671508789,88.87667083740234,,,,,,,,,snapshot_layer,16,phase2-selected,,,,,,,,,,,,,
,,,I_zero,,21,,,,,,,,,,,,,,,,,,,,,,0.3380793333053589,0.16904719173908234,0.16904719173908234,0.0,,,,,,4.0,65.71013641357422,82.4453125,,,,,,,,,snapshot_layer,16,phase2-selected,,,,,,,,,,,,,
,,,I_zero,,27,,,,,,,,,,,,,,,,,,,,,,0.3806008994579315,0.1903059035539627,0.1903059035539627,0.0,,,,,,4.0,89.14120483398438,152.27183532714844,,,,,,,,,snapshot_layer,16,phase2-selected,,,,,,,,,,,,,
,,,I_real,,,,,117.7189712524414,41.61994171142578,41.61993408203125,3.303624680484063e-06,8.0,,78.41067692490874,0.9998642079165725,39.20534484112849,39.20533865006244,5.353695135707938e-06,4.0,4.0,two_level,short_slots,prompt_summary,4.0,structured_support_set,,,,,,65.17625940041464,,14.80954360961914,14.572280821253042,0.21423985772445553,4.0,,,2.079441547393799,2.079441547393799,2.079441547393799,1.0,,4.0,8.0,0.5102459016393442,snapshot_aggregate,24,phase2-selected,,6.0,96.11348724365234,39.240325927734375,39.238162994384766,0.0016982658999040723,,,117.7189712524414,41.61994171142578,41.61993408203125,3.303624680484063e-06,
,,,I_real,,0,,,,,,,,,,,,,,,,,,,,,,28.93785858154297,14.4814893222246,14.468854732200748,0.00813362932168558,,,,,,4.0,2202.5957351434427,14.0759135699663,,,,,,,,,snapshot_layer,24,phase2-selected,,,,,,,,,,,,,
,,,I_real,,7,,,,,,,,,,,,,,,,,,,,,,29.322543566344216,14.673459522059707,14.661237388360696,0.007948474355469474,,,,,,4.0,102.59767113357294,27.253193276827453,,,,,,,,,snapshot_layer,24,phase2-selected,,,,,,,,,,,,,
,,,I_real,,14,,,,,,,,,,,,,,,,,,,,,,28.408838490970798,14.218216301964931,14.204448246565022,0.008820404817701364,,,,,,4.0,73.72602444007748,48.40095069760182,,,,,,,,,snapshot_layer,24,phase2-selected,,,,,,,,,,,,,
,,,I_real,,21,,,,,,,,,,,,,,,,,,,,,,29.59045738470359,14.80954360961914,14.795218905464548,0.008983904465300138,,,,,,4.0,46.14967139822538,52.622145668405004,,,,,,,,,snapshot_layer,24,phase2-selected,,,,,,,,,,,,,
,,,I_real,,27,,,,,,,,,,,,,,,,,,,,,,29.463241295736346,14.74585175123371,14.731644771138175,0.009107821865282098,,,,,,4.0,50.11876540887551,145.61306262407146,,,,,,,,,snapshot_layer,24,phase2-selected,,,,,,,,,,,,,
,,,I_shuffle,,,,,117.73541259765625,41.62574768066406,41.62574768066406,0.0,8.0,,78.40959717797452,0.9998703120184727,39.204807531638224,39.20479883913134,6.748602431127706e-06,4.0,4.0,two_level,short_slots,prompt_summary,4.0,structured_support_set,,,,,,44.49839463781138,,10.293892547732494,9.947753030745709,0.2181219756603241,4.0,,,2.079441547393799,2.079441547393799,2.079441547393799,0.9999999990228747,,4.0,8.0,0.3975409836065574,snapshot_aggregate,24,phase2-selected,,6.0,96.10846710205078,39.237632751464844,39.23611068725586,0.0016100831562653184,,,117.73541259765625,41.62574768066406,41.62574768066406,0.0,
,,,I_shuffle,,0,,,,,,,,,,,,,,,,,,,,,,20.124040509833666,10.069469514440318,10.062028134455446,0.004865567917462255,,,,,,4.0,2204.1804799564547,12.535639090616195,,,,,,,,,snapshot_layer,24,phase2-selected,,,,,,,,,,,,,
,,,I_shuffle,,7,,,,,,,,,,,,,,,,,,,,,,19.342904356659435,9.678178146237233,9.671444986687332,0.0044987776515180945,,,,,,4.0,102.0003119296715,24.31991949237761,,,,,,,,,snapshot_layer,24,phase2-selected,,,,,,,,,,,,,
,,,I_shuffle,,14,,,,,,,,,,,,,,,,,,,,,,20.573664993536276,10.293892547732494,10.286916764056096,0.004640343476880769,,,,,,4.0,56.1640040288206,43.83424289890977,,,,,,,,,snapshot_layer,24,phase2-selected,,,,,,,,,,,,,
,,,I_shuffle,,21,,,,,,,,,,,,,,,,,,,,,,19.906154882712443,9.96049729331595,9.953117292435444,0.0047932526737940115,,,,,,4.0,43.786013806452516,49.57164101522477,,,,,,,,,snapshot_layer,24,phase2-selected,,,,,,,,,,,,,
,,,I_shuffle,,27,,,,,,,,,,,,,,,,,,,,,,19.530528271784547,9.771692276000977,9.765257897924204,0.0042910596248922775,,,,,,4.0,59.245438059822455,136.5114936203253,,,,,,,,,snapshot_layer,24,phase2-selected,,,,,,,,,,,,,
,,,I_zero,,,,,0.0,0.0,0.0,0.0,8.0,,0.0,0.0,0.0,0.0,0.0,4.0,4.0,two_level,short_slots,prompt_summary,4.0,pooled_block,,,,,,0.7305009961128235,,0.1903059035539627,0.16207483410835266,0.0203310027718544,4.0,,,1.473654492656351e-06,1.473654492656351e-06,1.473654492656351e-06,0.0,,4.0,8.0,0.0,snapshot_aggregate,24,phase2-selected,,0.0,0.0,0.0,0.0,0.0,,,0.0,0.0,0.0,0.0,
,,,I_zero,,0,,,,,,,,,,,,,,,,,,,,,,0.25756314396858215,0.1287918984889984,0.1287918984889984,0.0,,,,,,4.0,2201.83984375,20.545042037963867,,,,,,,,,snapshot_layer,24,phase2-selected,,,,,,,,,,,,,
,,,I_zero,,7,,,,,,,,,,,,,,,,,,,,,,0.33719608187675476,0.16858261823654175,0.16858261823654175,0.0,,,,,,4.0,111.42253112792969,52.062889099121094,,,,,,,,,snapshot_layer,24,phase2-selected,,,,,,,,,,,,,
,,,I_zero,,14,,,,,,,,,,,,,,,,,,,,,,0.30731281638145447,0.1536465436220169,0.1536465436220169,0.0,,,,,,4.0,113.9097671508789,88.87667083740234,,,,,,,,,snapshot_layer,24,phase2-selected,,,,,,,,,,,,,
,,,I_zero,,21,,,,,,,,,,,,,,,,,,,,,,0.3380793333053589,0.16904719173908234,0.16904719173908234,0.0,,,,,,4.0,65.71013641357422,82.4453125,,,,,,,,,snapshot_layer,24,phase2-selected,,,,,,,,,,,,,
,,,I_zero,,27,,,,,,,,,,,,,,,,,,,,,,0.3806008994579315,0.1903059035539627,0.1903059035539627,0.0,,,,,,4.0,89.14120483398438,152.27183532714844,,,,,,,,,snapshot_layer,24,phase2-selected,,,,,,,,,,,,,
,,,I_real,,,,,117.71955108642578,41.620140075683594,41.62014389038086,3.814697265625e-06,8.0,,78.41256826432024,0.9998733196102205,39.20629044829822,39.206284945128395,5.233887823571243e-06,4.0,4.0,two_level,short_slots,prompt_summary,4.0,structured_support_set,,,,,,66.98833365518539,,15.196155407389657,14.977584479285069,0.20937304320882577,4.0,,,2.079441547393799,2.079441547393799,2.079441547393799,0.9999999980457493,,4.0,8.0,0.4610655737704918,snapshot_aggregate,32,phase2-selected,,6.0,96.11474609375,39.24069595336914,39.23867416381836,0.0016744580352678895,,,117.71955108642578,41.620140075683594,41.62014389038086,3.814697265625e-06,
,,,I_real,,0,,,,,,,,,,,,,,,,,,,,,,29.76443872295442,14.893860598079494,14.882137720702124,0.00756471736173405,,,,,,4.0,2202.6077100409834,14.099770561593477,,,,,,,,,snapshot_layer,32,phase2-selected,,,,,,,,,,,,,
,,,I_real,,7,,,,,,,,,,,,,,,,,,,,,,30.145396873599193,15.084156192717005,15.072726828153016,0.007499772475146857,,,,,,4.0,102.57291687512007,27.179463746117765,,,,,,,,,snapshot_layer,32,phase2-selected,,,,,,,,,,,,,
,,,I_real,,14,,,,,,,,,,,,,,,,,,,,,,29.225945957371447,14.625820425690197,14.612946182000833,0.008308811464392747,,,,,,4.0,73.33610347059907,48.368558414646834,,,,,,,,,snapshot_layer,32,phase2-selected,,,,,,,,,,,,,
,,,I_real,,21,,,,,,,,,,,,,,,,,,,,,,30.36553360985928,15.196155407389657,15.182851228557649,0.008319422671357627,,,,,,4.0,45.92423535956711,52.92230124551742,,,,,,,,,snapshot_layer,32,phase2-selected,,,,,,,,,,,,,
,,,I_real,,27,,,,,,,,,,,,,,,,,,,,,,30.27463706594999,15.150477362460778,15.137260030527584,0.008459516877277952,,,,,,4.0,49.712708645179625,146.04193690565765,,,,,,,,,snapshot_layer,32,phase2-selected,,,,,,,,,,,,,
,,,I_shuffle,,,,,117.73471069335938,41.62550735473633,41.62550735473633,3.814697265625e-06,8.0,,78.41076384997758,0.9998774782556002,39.20539080510374,39.20538230020492,6.751326132930966e-06,4.0,4.0,two_level,short_slots,prompt_summary,4.0,structured_support_set,,,,,,44.84402715964396,,10.37973985515657,10.025015690287606,0.2200031957176865,4.0,,,2.079441547393799,2.079441547393799,2.079441547393799,1.0,,4.0,8.0,0.4959016393442623,snapshot_aggregate,32,phase2-selected,,6.0,96.11068725585938,39.238548278808594,39.23701477050781,0.0016130735166370869,,,117.73471069335938,41.62550735473633,41.62550735473633,3.814697265625e-06,
,,,I_shuffle,,0,,,,,,,,,,,,,,,,,,,,,,20.27411370199235,10.144050973360656,10.137149513744918,0.004609715949255424,,,,,,4.0,2205.0013327676743,12.49748197149058,,,,,,,,,snapshot_layer,32,phase2-selected,,,,,,,,,,,,,
,,,I_shuffle,,7,,,,,,,,,,,,,,,,,,,,,,19.505707005985446,9.759127163496174,9.752899076117844,0.0042614925301587975,,,,,,4.0,102.37810716472688,24.02788474911549,,,,,,,,,snapshot_layer,32,phase2-selected,,,,,,,,,,,,,
,,,I_shuffle,,14,,,,,,,,,,,,,,,,,,,,,,20.74652787505603,10.37973985515657,10.373266438968846,0.004398518967152131,,,,,,4.0,56.288565151026994,43.870193919197455,,,,,,,,,snapshot_layer,32,phase2-selected,,,,,,,,,,,,,
,,,I_shuffle,,21,,,,,,,,,,,,,,,,,,,,,,20.041962764302237,10.027934668494053,10.0211085178813,0.004522470322239106,,,,,,4.0,43.519465462106176,50.02025410386383,,,,,,,,,snapshot_layer,32,phase2-selected,,,,,,,,,,,,,
,,,I_shuffle,,27,,,,,,,,,,,,,,,,,,,,,,19.681292393168466,9.846570859189894,9.84065520177122,0.004073764892203398,,,,,,4.0,59.10784699486904,138.27525704805967,,,,,,,,,snapshot_layer,32,phase2-selected,,,,,,,,,,,,,
,,,I_zero,,,,,0.0,0.0,0.0,0.0,8.0,,0.0,0.0,0.0,0.0,0.0,4.0,4.0,two_level,short_slots,prompt_summary,4.0,pooled_block,,,,,,0.7305009961128235,,0.1903059035539627,0.16207483410835266,0.0203310027718544,4.0,,,1.473654492656351e-06,1.473654492656351e-06,1.473654492656351e-06,0.0,,4.0,8.0,0.0,snapshot_aggregate,32,phase2-selected,,0.0,0.0,0.0,0.0,0.0,,,0.0,0.0,0.0,0.0,
,,,I_zero,,0,,,,,,,,,,,,,,,,,,,,,,0.25756314396858215,0.1287918984889984,0.1287918984889984,0.0,,,,,,4.0,2201.83984375,20.545042037963867,,,,,,,,,snapshot_layer,32,phase2-selected,,,,,,,,,,,,,
,,,I_zero,,7,,,,,,,,,,,,,,,,,,,,,,0.33719608187675476,0.16858261823654175,0.16858261823654175,0.0,,,,,,4.0,111.42253112792969,52.062889099121094,,,,,,,,,snapshot_layer,32,phase2-selected,,,,,,,,,,,,,
,,,I_zero,,14,,,,,,,,,,,,,,,,,,,,,,0.30731281638145447,0.1536465436220169,0.1536465436220169,0.0,,,,,,4.0,113.9097671508789,88.87667083740234,,,,,,,,,snapshot_layer,32,phase2-selected,,,,,,,,,,,,,
,,,I_zero,,21,,,,,,,,,,,,,,,,,,,,,,0.3380793333053589,0.16904719173908234,0.16904719173908234,0.0,,,,,,4.0,65.71013641357422,82.4453125,,,,,,,,,snapshot_layer,32,phase2-selected,,,,,,,,,,,,,
,,,I_zero,,27,,,,,,,,,,,,,,,,,,,,,,0.3806008994579315,0.1903059035539627,0.1903059035539627,0.0,,,,,,4.0,89.14120483398438,152.27183532714844,,,,,,,,,snapshot_layer,32,phase2-selected,,,,,,,,,,,,,
False,0.0,off,I_real,0.6679697342465695,,0.4689214527606964,1.0000029802322388,117.72467041015625,41.62196731567383,41.62196731567383,0.0,8.0,1.1905388832092285,78.38322448730469,0.9995304942131042,39.19160842895508,39.19160461425781,2.6973982585332124e-06,4.0,4.0,two_level,short_slots,prompt_summary,4.0,structured_support_set,full,,,,,6.096314907073975,147.96739397887825,,,,4.0,,,2.079441547393799,2.079441547393799,2.079441547393799,1.0,0.5399795868734143,4.0,8.0,0.5,train_event,1,phase2-selected,0.0008652580126121443,5.0,87.72477722167969,39.23240661621094,39.231712341308594,0.0007240090635605156,288.9753723144531,2.084544383381574,117.72467041015625,41.62196731567383,41.62196731567383,0.0,0.014093710683935343
False,0.0,off,I_real,0.5497052007222897,,0.004277159925550222,1.0000027418136597,117.72232055664062,41.62112045288086,41.62112045288086,4.2649612623790745e-06,8.0,1.1947674751281738,78.3849868774414,0.9995059370994568,39.1925048828125,39.192501068115234,2.6973982585332124e-06,4.0,4.0,two_level,short_slots,prompt_summary,4.0,structured_support_set,full,,,,,18.010459899902344,1.033343404540029,,,,4.0,,,2.079441547393799,2.079441547393799,2.079441547393799,1.0,0.45544390592012846,4.0,8.0,0.75,train_event,2,phase2-selected,0.00035671512578026854,5.0,87.72895050048828,39.23506546020508,39.233577728271484,0.0009393842192366719,1.4756715297698975,0.00934966431467091,117.72232055664062,41.62112045288086,41.62112045288086,4.2649612623790745e-06,0.009393178877230816
False,0.0,off,I_real,0.02641006382114451,,0.00039768271381035447,1.0000032186508179,117.72187042236328,41.62097930908203,41.620975494384766,3.5683226542460034e-06,8.0,1.1978739500045776,78.38761138916016,0.9994874000549316,39.193817138671875,39.193809509277344,5.7220458984375e-06,4.0,4.0,two_level,short_slots,prompt_summary,4.0,structured_support_set,full,,,,,28.27661895751953,0.08253011548749806,,,,4.0,,,2.079441547393799,2.079441547393799,2.079441547393799,1.0,0.021869072221143145,4.0,8.0,0.25,train_event,3,phase2-selected,0.0025579492940133765,5.0,87.72776794433594,39.23485565185547,39.233055114746094,0.0017806539544835687,0.08940697461366653,0.00030957085600483495,117.72187042236328,41.62097930908203,41.620975494384766,3.5683226542460034e-06,0.034745136767106465
False,0.0,off,I_real,0.029935311238014975,,0.0007440069457516074,1.0000025033950806,117.7217025756836,41.620906829833984,41.620906829833984,1.9073486328125e-06,8.0,1.1495048999786377,78.39014434814453,0.9997321963310242,39.195072174072266,39.195068359375,3.303624680484063e-06,4.0,4.0,two_level,short_slots,prompt_summary,4.0,structured_support_set,full,,,,,32.56149673461914,0.1367176805199058,,,,4.0,,,2.079441547393799,2.079441547393799,2.079441547393799,1.0,0.02358084212020221,4.0,8.0,0.75,train_event,4,phase2-selected,0.0025319039430006626,5.0,87.72834777832031,39.235042572021484,39.233314514160156,0.001137527171522379,0.1419520229101181,0.00025779188611686684,117.7217025756836,41.620906829833984,41.620906829833984,1.9073486328125e-06,0.020404791966254547
False,0.0,off,I_real,0.33807850616033336,,0.01859058439731598,1.0000028610229492,117.72161865234375,41.62086486816406,41.62086486816406,3.303624680484063e-06,8.0,1.1699297428131104,78.39269256591797,0.9996398687362671,39.19635009765625,39.19634246826172,4.672031082009198e-06,4.0,4.0,two_level,short_slots,prompt_summary,4.0,structured_support_set,full,,,,,39.09769058227539,26.586143599977195,,,,4.0,,,2.079441547393799,2.079441547393799,2.079441547393799,1.0,0.2678963969593781,4.0,8.0,0.5,train_event,5,phase2-selected,0.0047735368781809,5.0,87.72730255126953,39.233577728271484,39.232845306396484,0.00048718927428126335,29.4688777923584,0.09775056138042944,117.72161865234375,41.62086486816406,41.62086486816406,3.303624680484063e-06,0.003856298220652742
False,0.0,off,I_real,0.008933658931514153,,0.0001861147757153958,1.0000022649765015,117.72100830078125,41.62065124511719,41.62064743041992,1.3486991292666062e-06,8.0,1.1439058780670166,78.3944320678711,0.9997549057006836,39.19722366333008,39.19721603393555,6.031566044839565e-06,4.0,4.0,two_level,short_slots,prompt_summary,4.0,structured_support_set,full,,,,,41.20242691040039,0.04101787740163236,,,,4.0,,,2.079441547393799,2.079441547393799,2.079441547393799,1.0,0.006690933958778077,4.0,8.0,0.375,train_event,6,phase2-selected,0.0018195562016452168,5.0,87.72936248779297,39.235816955566406,39.2337646484375,0.0010589230805635452,0.042548343539237976,7.570698644806753e-05,117.72100830078125,41.62065124511719,41.62064743041992,1.3486991292666062e-06,0.04620578411543694
False,0.0,off,I_real,0.010020732334062669,,0.00045285242958925664,1.000002384185791,117.72047424316406,41.6204719543457,41.6204719543457,0.0,8.0,1.149261236190796,78.39645385742188,0.9997333288192749,39.1982307434082,39.19822692871094,3.303624680484063e-06,4.0,4.0,two_level,short_slots,prompt_summary,4.0,structured_support_set,full,,,,,45.13756561279297,0.0534136750528388,,,,4.0,,,2.079441547393799,2.079441547393799,2.079441547393799,1.0,0.007115471273843126,4.0,8.0,0.5,train_event,7,phase2-selected,0.004917656961923526,5.0,87.72593688964844,39.23295211791992,39.232234954833984,0.0007287848857231438,0.05502958595752716,8.166554270225562e-05,117.72047424316406,41.6204719543457,41.6204719543457,0.0,0.09359630281346988
False,0.0,off,I_real,0.08587376315791156,,0.0016539843054488301,1.0000028610229492,117.72010040283203,41.620338439941406,41.620330810546875,3.5683226542460034e-06,8.0,1.1476976871490479,78.39801788330078,0.9997398257255554,39.19901657104492,39.199012756347656,4.672031082009198e-06,4.0,4.0,two_level,short_slots,prompt_summary,4.0,structured_support_set,full,,,,,48.821563720703125,0.5614546307717002,,,,4.0,,,2.079441547393799,2.079441547393799,2.079441547393799,1.0,0.06002895236492663,4.0,8.0,0.625,train_event,8,phase2-selected,0.004231874266632704,5.0,87.72915649414062,39.23505783081055,39.23367691040039,0.0011512121418491006,0.5711632966995239,0.0007456735772515427,117.72010040283203,41.620338439941406,41.620330810546875,3.5683226542460034e-06,0.008865449799644144
False,0.0,off,I_real,0.005394443755655108,,0.00022150721633806825,1.0000032186508179,117.71971893310547,41.62021255493164,41.620208740234375,1.9073486328125e-06,8.0,1.1316808462142944,78.39924621582031,0.9998005628585815,39.19963455200195,39.19962692260742,4.2649612623790745e-06,4.0,4.0,two_level,short_slots,prompt_summary,4.0,structured_support_set,full,,,,,49.99274826049805,0.03637303888049628,,,,4.0,,,2.079441547393799,2.079441547393799,2.079441547393799,1.0,0.003757104208281018,4.0,8.0,0.75,train_event,9,phase2-selected,0.0026770475822625664,5.0,87.72962188720703,39.235595703125,39.2338752746582,0.0011064871214330196,0.03705916926264763,3.921331611855274e-05,117.71971893310547,41.62021255493164,41.620208740234375,1.9073486328125e-06,0.07467786530857105
False,0.0,off,I_real,0.017307900559787617,,0.0005378948990255594,1.0000027418136597,117.71946716308594,41.620113372802734,41.620113372802734,2.336015541004599e-06,8.0,1.133968710899353,78.40077209472656,0.9997923374176025,39.20038986206055,39.20038604736328,4.672031082009198e-06,4.0,4.0,two_level,short_slots,prompt_summary,4.0,structured_support_set,full,,,,,53.04698944091797,0.0958953431465783,,,,4.0,,,2.079441547393799,2.079441547393799,2.079441547393799,1.0,0.012327451743141888,4.0,8.0,0.5,train_event,10,phase2-selected,0.001562533020035701,5.0,87.73030853271484,39.23493957519531,39.23418426513672,0.0007108798599801958,0.09823393076658249,0.00013022382888668263,117.71946716308594,41.620113372802734,41.620113372802734,2.336015541004599e-06,0.01765212776114649
False,0.0,off,I_real,0.000712091157843903,,0.00010337140702176839,1.0000027418136597,117.71923828125,41.62003707885742,41.620033264160156,3.303624680484063e-06,8.0,1.1389222145080566,78.4018783569336,0.999774158000946,39.200950622558594,39.20094299316406,6.8770432335441e-06,4.0,4.0,two_level,short_slots,prompt_summary,4.0,structured_support_set,full,,,,,54.38787841796875,0.005393258656700487,,,,4.0,,,2.079441547393799,2.079441547393799,2.079441547393799,1.0,0.0005016632952312485,4.0,8.0,0.5,train_event,11,phase2-selected,0.0025298012634225307,5.0,87.73187255859375,39.23621368408203,39.234886169433594,0.0013512527802959085,0.0060204737819731236,1.5068312236457955e-05,117.71923828125,41.62003707885742,41.620033264160156,3.303624680484063e-06,0.47186121372044504
False,0.0,off,I_real,0.00106224413750917,,0.00011026700667571276,1.000002384185791,117.71910095214844,41.6199836730957,41.61997985839844,1.9073486328125e-06,8.0,1.1206738948822021,78.40312194824219,0.9998369216918945,39.20156478881836,39.20156478881836,5.7220458984375e-06,4.0,4.0,two_level,short_slots,prompt_summary,4.0,structured_support_set,full,,,,,55.57168197631836,0.006033201902384472,,,,4.0,,,2.079441547393799,2.079441547393799,2.079441547393799,1.0,0.0007432284114050854,4.0,8.0,0.875,train_event,12,phase2-selected,0.003093540056303855,5.0,87.73239135742188,39.23678207397461,39.23511505126953,0.00107823486905545,0.006902933120727539,1.4617309577766885e-05,117.71910095214844,41.6199836730957,41.61997985839844,1.9073486328125e-06,0.5151754269409085
False,0.0,off,I_real,0.00494531455741963,,0.00015410929336212575,1.0000025033950806,117.71894836425781,41.61993408203125,41.61993408203125,2.6973982585332124e-06,8.0,1.1386260986328125,78.40376281738281,0.9997753500938416,39.20188522338867,39.201881408691406,6.031566044839565e-06,4.0,4.0,two_level,short_slots,prompt_summary,4.0,structured_support_set,full,,,,,57.86463928222656,0.017449859475882238,,,,4.0,,,2.079441547393799,2.079441547393799,2.079441547393799,1.0,0.0033333281476799837,4.0,8.0,0.25,train_event,13,phase2-selected,0.0017760144452447248,5.0,87.73184204101562,39.23653030395508,39.234867095947266,0.0013063285732641816,0.018526218831539154,4.1076338798870324e-05,117.71894836425781,41.61993408203125,41.61993408203125,2.6973982585332124e-06,0.10413211559411288
False,0.0,off,I_real,0.0006424870202789768,,6.817420944571495e-05,1.0000020265579224,117.71891021728516,41.61990737915039,41.61990737915039,0.0,8.0,1.131583571434021,78.40491485595703,0.9998008608818054,39.20246505737305,39.202457427978516,6.607249360968126e-06,4.0,4.0,two_level,short_slots,prompt_summary,4.0,structured_support_set,full,,,,,58.72444152832031,0.0038931200371817147,,,,4.0,,,2.079441547393799,2.079441547393799,2.079441547393799,1.0,0.000417286335061626,4.0,8.0,0.375,train_event,14,phase2-selected,0.0015508870148703627,5.0,87.73272705078125,39.23693084716797,39.23526382446289,0.0013614996569231153,0.004260126035660505,1.1090559133701196e-05,117.71891021728516,41.61990737915039,41.61990737915039,0.0,0.40121485057902345
False,0.0,off,I_real,0.0016309033839552421,,6.42667873762548e-05,1.000003695487976,117.71881866455078,41.6198844909668,41.6198844909668,0.0,8.0,1.1181926727294922,78.40576171875,0.9998445510864258,39.20288848876953,39.202884674072266,2.6973982585332124e-06,4.0,4.0,two_level,short_slots,prompt_summary,4.0,structured_support_set,full,,,,,59.52231216430664,0.007755890351215355,,,,4.0,,,2.079441547393799,2.079441547393799,2.079441547393799,1.0,0.0011030907669985208,4.0,8.0,0.375,train_event,15,phase2-selected,0.0008590325620161422,5.0,87.73188781738281,39.236778259277344,39.234901428222656,0.0018394453218206763,0.008047894574701786,1.3608138729852095e-05,117.71881866455078,41.6198844909668,41.6198844909668,0.0,0.11251328490084322
False,0.0,off,I_real,0.010481492958935607,,0.00023359977058134973,1.0000019073486328,117.7187728881836,41.619873046875,41.619873046875,0.0,8.0,1.1218948364257812,78.40643310546875,0.9998331069946289,39.20322036743164,39.203216552734375,4.672031082009198e-06,4.0,4.0,two_level,short_slots,prompt_summary,4.0,structured_support_set,full,,,,,60.28017807006836,0.060087713886238354,,,,4.0,,,2.079441547393799,2.079441547393799,2.079441547393799,1.0,0.007094462971970434,4.0,8.0,0.375,train_event,16,phase2-selected,0.0004008991245510011,5.0,87.73419952392578,39.23723602294922,39.23591995239258,0.0016850135289132595,0.06140759214758873,7.177431904438943e-05,117.7187728881836,41.619873046875,41.619873046875,0.0,0.00786639086469963
False,0.0,off,I_real,0.0019971573723167003,,8.059994434006512e-05,1.0000025033950806,117.71875,41.6198616027832,41.6198616027832,0.0,8.0,1.1234890222549438,78.40711975097656,0.999828040599823,39.20356369018555,39.20355987548828,4.2649612623790745e-06,4.0,4.0,two_level,short_slots,prompt_summary,4.0,structured_support_set,full,,,,,60.770362854003906,0.00963260694603999,,,,4.0,,,2.079441547393799,2.079441547393799,2.079441547393799,1.0,0.0013658009983112396,4.0,8.0,0.375,train_event,17,phase2-selected,0.0008317259459125123,5.0,87.73456573486328,39.2367057800293,39.2360954284668,0.0006734512862749398,0.009966603480279446,1.5353503822377644e-05,117.71875,41.6198616027832,41.6198616027832,0.0,0.08793875370188632
False,0.0,off,I_real,0.0036015120025560694,,0.00014468982408288866,1.0000025033950806,117.71873474121094,41.619869232177734,41.619869232177734,0.0,8.0,1.108490228652954,78.4075927734375,0.9998724460601807,39.20380783081055,39.20380401611328,6.325959930109093e-06,4.0,4.0,two_level,short_slots,prompt_summary,4.0,structured_support_set,full,,,,,61.166297912597656,0.0257233487574909,,,,4.0,,,2.079441547393799,2.079441547393799,2.079441547393799,1.0,0.0024078581531378237,4.0,8.0,0.5,train_event,18,phase2-selected,0.0004221724345991027,5.0,87.73627471923828,39.2387809753418,39.23685836791992,0.001233801944181323,0.02608904242515564,2.2241182229221868e-05,117.71873474121094,41.619869232177734,41.619869232177734,0.0,0.017276662576792487
False,0.0,off,I_real,0.0003711983246564885,,3.0201616027625278e-05,1.0000028610229492,117.71876525878906,41.61986541748047,41.61986541748047,1.9073486328125e-06,8.0,1.1267300844192505,78.4076919555664,0.9998173713684082,39.20384979248047,39.20384216308594,5.046370006311918e-06,4.0,4.0,two_level,short_slots,prompt_summary,4.0,structured_support_set,full,,,,,62.31935501098633,0.0022705067068019007,,,,4.0,,,2.079441547393799,2.079441547393799,2.079441547393799,1.0,0.00023809411567322585,4.0,8.0,0.5,train_event,19,phase2-selected,0.0016552311485794281,5.0,87.73628234863281,39.23834228515625,39.23685836791992,0.001503332401625812,0.0028442093171179295,7.665507178818491e-06,117.71876525878906,41.61986541748047,41.61986541748047,1.9073486328125e-06,0.7323901095630336
False,0.0,off,I_real,0.0026211420915476596,,9.134189167525619e-05,1.0000030994415283,117.7187728881836,41.61988067626953,41.619876861572266,3.303624680484063e-06,8.0,1.1166085004806519,78.40878295898438,0.9998493194580078,39.20439529418945,39.20439147949219,5.046370006311918e-06,4.0,4.0,two_level,short_slots,prompt_summary,4.0,structured_support_set,full,,,,,63.384979248046875,0.016222685053582004,,,,4.0,,,2.079441547393799,2.079441547393799,2.079441547393799,1.0,0.0017134100488890552,4.0,8.0,0.5,train_event,20,phase2-selected,0.0006194041542082614,5.0,87.73590087890625,39.23808288574219,39.23668670654297,0.0010028707329183817,0.01653377152979374,1.78465188574932e-05,117.7187728881836,41.61988067626953,41.619876861572266,3.303624680484063e-06,0.039281455009511405
False,0.0,off,I_real,0.0004009320643582053,,2.828826109180227e-05,1.0000032186508179,117.71881866455078,41.6198844909668,41.6198844909668,0.0,8.0,1.1114345788955688,78.40917205810547,0.9998642802238464,39.204593658447266,39.20458221435547,7.136645308492007e-06,4.0,4.0,two_level,short_slots,prompt_summary,4.0,structured_support_set,full,,,,,62.932735443115234,0.0034182718357245847,,,,4.0,,,2.079441547393799,2.079441547393799,2.079441547393799,1.0,0.0002541148492063594,4.0,8.0,0.75,train_event,21,phase2-selected,0.0005132668977051246,5.0,87.7374496459961,39.238487243652344,39.23738479614258,0.0009213737794198096,0.0034890410024672747,7.754448005718046e-06,117.71881866455078,41.6198844909668,41.6198844909668,0.0,0.152422443489021
False,0.0,off,I_real,0.029298279041184254,,0.0008723718929104507,1.0000025033950806,117.71883392333984,41.61989974975586,41.61989974975586,3.303624680484063e-06,8.0,1.1201871633529663,78.40950012207031,0.9998384714126587,39.20475387573242,39.204750061035156,5.046370006311918e-06,4.0,4.0,two_level,short_slots,prompt_summary,4.0,structured_support_set,full,,,,,64.02799224853516,0.3511616063028578,,,,4.0,,,2.079441547393799,2.079441547393799,2.079441547393799,1.0,0.017605097765225886,4.0,8.0,0.375,train_event,22,phase2-selected,0.001098911257838061,5.0,87.73831939697266,39.239952087402344,39.23776626586914,0.0018864787416532636,0.3528229594230652,0.00018325211975379278,117.71883392333984,41.61989974975586,41.61989974975586,3.303624680484063e-06,0.003651206038982683
False,0.0,off,I_real,0.0025767298999342988,,6.927357753738761e-05,1.000002384185791,117.71887969970703,41.61990737915039,41.61990737915039,0.0,8.0,1.1102211475372314,78.40985870361328,0.9998677968978882,39.20493698120117,39.20492935180664,5.7220458984375e-06,4.0,4.0,two_level,short_slots,prompt_summary,4.0,structured_support_set,full,,,,,64.44237518310547,0.009616293552786218,,,,4.0,,,2.079441547393799,2.079441547393799,2.079441547393799,1.0,0.0016495507795336773,4.0,8.0,0.5,train_event,23,phase2-selected,0.0007388014980582952,5.0,87.73987579345703,39.24073028564453,39.23845672607422,0.0016006780788302422,0.010118288919329643,1.6515903960403117e-05,117.71887969970703,41.61990737915039,41.61990737915039,0.0,0.07854558493587721
False,0.0,off,I_real,0.0003373439723216602,,2.7022320864489302e-05,1.0000027418136597,117.71891784667969,41.61992645263672,41.61992645263672,3.5683226542460034e-06,8.0,1.1101558208465576,78.4104232788086,0.9998677968978882,39.20521926879883,39.20521545410156,5.046370006311918e-06,4.0,4.0,two_level,short_slots,prompt_summary,4.0,structured_support_set,full,,,,,64.36447143554688,0.002038434069499503,,,,4.0,,,2.079441547393799,2.079441547393799,2.079441547393799,1.0,0.0002066546774585149,4.0,8.0,0.625,train_event,24,phase2-selected,0.0005094545988838007,5.0,87.73963165283203,39.23911666870117,39.23835754394531,0.0006712219910696149,0.00213806563988328,7.804029986472007e-06,117.71891784667969,41.61992645263672,41.61992645263672,3.5683226542460034e-06,0.25375293545661515
False,0.0,off,I_real,8.961087259978218e-05,,3.215311880921945e-05,1.0000032186508179,117.7189712524414,41.61994552612305,41.61994552612305,0.0,8.0,1.128496527671814,78.40969848632812,0.9998113512992859,39.204856872558594,39.20484924316406,7.38712969905464e-06,4.0,4.0,two_level,short_slots,prompt_summary,4.0,structured_support_set,full,,,,,65.00347900390625,0.0007114822232789482,,,,4.0,,,2.079441547393799,2.079441547393799,2.079441547393799,1.0,5.681741641192674e-05,4.0,8.0,0.375,train_event,25,phase2-selected,0.001249293726542561,5.0,87.73820495605469,39.23897933959961,39.23772048950195,0.0012943363981321454,0.0014416163321584463,7.588381644106752e-06,117.7189712524414,41.61994552612305,41.61994552612305,0.0,1.766568534058632
False,0.0,off,I_real,0.00356170801274722,,0.00016512011643499136,1.0000038146972656,117.7190170288086,41.61996078491211,41.61996078491211,1.9073486328125e-06,8.0,1.1311718225479126,78.40995788574219,0.9998022317886353,39.204978942871094,39.20497512817383,5.046370006311918e-06,4.0,4.0,two_level,short_slots,prompt_summary,4.0,structured_support_set,full,,,,,64.9620361328125,0.027100793436520384,,,,4.0,,,2.079441547393799,2.079441547393799,2.079441547393799,1.0,0.002208750569243457,4.0,8.0,0.25,train_event,26,phase2-selected,0.0004130766248554969,5.0,87.74165344238281,39.240299224853516,39.2392578125,0.0009472654783166945,0.027426056563854218,2.650595602501335e-05,117.7190170288086,41.61996078491211,41.61996078491211,1.9073486328125e-06,0.016220284542966156
False,0.0,off,I_real,8.822632859180145e-05,,2.674102142918855e-05,1.0000029802322388,117.7190933227539,41.61997985839844,41.61997604370117,1.9073486328125e-06,8.0,1.1117104291915894,78.4109878540039,0.9998635053634644,39.20549774169922,39.20549392700195,4.672031082009198e-06,4.0,4.0,two_level,short_slots,prompt_summary,4.0,structured_support_set,full,,,,,65.6933364868164,0.0006887630789520916,,,,4.0,,,2.079441547393799,2.079441547393799,2.079441547393799,1.0,5.649289087560712e-05,4.0,8.0,0.375,train_event,27,phase2-selected,0.0015756253250450289,5.0,87.74153900146484,39.240257263183594,39.23920440673828,0.0008818174246698618,0.0017227954231202602,7.687933187195025e-06,117.7190933227539,41.61997985839844,41.61997604370117,1.9073486328125e-06,2.29877777514023
False,0.0,off,I_real,0.0011404369008644441,,3.1763120205141604e-05,1.0000025033950806,117.71915435791016,41.62000274658203,41.619998931884766,3.0157830224197824e-06,8.0,1.1183265447616577,78.41133880615234,0.9998441934585571,39.20567321777344,39.205665588378906,4.2649612623790745e-06,4.0,4.0,two_level,short_slots,prompt_summary,4.0,structured_support_set,full,,,,,65.85839080810547,0.008984180810474245,,,,4.0,,,2.079441547393799,2.079441547393799,2.079441547393799,1.0,0.0006748077400054393,4.0,8.0,0.5,train_event,28,phase2-selected,0.0004454409151973942,5.0,87.74161529541016,39.24182891845703,39.23925018310547,0.002181839430704713,0.009092302992939949,9.954557180722806e-06,117.71915435791016,41.62000274658203,41.619998931884766,3.0157830224197824e-06,0.050688591646240275
False,0.0,off,I_real,0.000341186156106235,,3.347439269418828e-05,1.0000028610229492,117.7192153930664,41.62002944946289,41.620025634765625,2.336015541004599e-06,8.0,1.1103270053863525,78.4114990234375,0.9998675584793091,39.20575714111328,39.20574951171875,5.046370006311918e-06,4.0,4.0,two_level,short_slots,prompt_summary,4.0,structured_support_set,full,,,,,66.12002563476562,0.0035509296880659696,,,,4.0,,,2.079441547393799,2.079441547393799,2.079441547393799,1.0,0.0002120321855234181,4.0,8.0,0.375,train_event,29,phase2-selected,0.000903080333718708,5.0,87.74256134033203,39.24087905883789,39.239662170410156,0.0012936739949509501,0.003685931209474802,8.046710915403615e-06,117.7192153930664,41.62002944946289,41.620025634765625,2.336015541004599e-06,0.2565883091676651
False,0.0,off,I_real,0.00013700513671679218,,2.6056752176373266e-05,1.0000030994415283,117.71931457519531,41.620059967041016,41.62005615234375,1.3486991292666062e-06,8.0,1.1117647886276245,78.41180419921875,0.99986332654953,39.20591354370117,39.205902099609375,9.147322998614982e-06,4.0,4.0,two_level,short_slots,prompt_summary,4.0,structured_support_set,full,,,,,65.75645446777344,0.0011949790777223044,,,,4.0,,,2.079441547393799,2.079441547393799,2.079441547393799,1.0,8.25874756663663e-05,4.0,8.0,0.625,train_event,30,phase2-selected,0.0009551595670744837,5.0,87.74325561523438,39.240543365478516,39.2399787902832,0.0004620541585609317,0.0015381663106381893,7.73237240824438e-06,117.71931457519531,41.620059967041016,41.62005615234375,1.3486991292666062e-06,0.8057814211425801
False,0.0,off,I_real,0.0010025798694106864,,6.197630136739463e-05,1.0000030994415283,117.71937561035156,41.620079040527344,41.62008285522461,3.814697265625e-06,8.0,1.1020727157592773,78.41207122802734,0.9998891353607178,39.20603942871094,39.206031799316406,5.7220458984375e-06,4.0,4.0,two_level,short_slots,prompt_summary,4.0,structured_support_set,full,,,,,65.73561096191406,0.012273555301870902,,,,4.0,,,2.079441547393799,2.079441547393799,2.079441547393799,1.0,0.0006385674929578305,4.0,8.0,0.625,train_event,31,phase2-selected,0.0004382488036575052,5.0,87.73799896240234,39.23997497558594,39.237632751464844,0.001362391747534275,0.012338769622147083,9.575917924817591e-06,117.71937561035156,41.620079040527344,41.62008285522461,3.814697265625e-06,0.03648696001834605
False,0.0,off,I_real,0.0004713159645892332,,2.4306660634465516e-05,1.0000028610229492,117.71947479248047,41.620113372802734,41.620113372802734,0.0,8.0,1.1105961799621582,78.4122314453125,0.9998666644096375,39.206119537353516,39.20611572265625,2.6973982585332124e-06,4.0,4.0,two_level,short_slots,prompt_summary,4.0,structured_support_set,full,,,,,66.55888366699219,0.0031569593456742505,,,,4.0,,,2.079441547393799,2.079441547393799,2.079441547393799,1.0,0.00028255771074318757,4.0,8.0,0.375,train_event,32,phase2-selected,0.0002998594503374637,5.0,87.74229431152344,39.241024017333984,39.23954772949219,0.0015072640962898731,0.0032184398733079433,8.179864775218229e-06,117.71947479248047,41.620113372802734,41.620113372802734,0.0,0.09757468544368984
False,0.0,off,I_shuffle,0.6242520656413493,,0.012198487296700478,1.0000027418136597,117.72470092773438,41.62197494506836,41.62197494506836,4.862803962168982e-06,8.0,1.1810617446899414,78.38325500488281,0.9995829463005066,39.191627502441406,39.191627502441406,0.0,4.0,4.0,two_level,short_slots,prompt_summary,4.0,structured_support_set,full,,,,,8.465370178222656,1.4611057724294,,,,4.0,,,2.079441547393799,2.079441547393799,2.079441547393799,1.0,0.5188595332500481,4.0,8.0,0.375,train_event,1,phase2-selected,4.208617647422028e-06,5.0,87.72710418701172,39.23359680175781,39.23275375366211,0.0008846726268529892,2.5019235610961914,0.01691459259175203,117.72470092773438,41.62197494506836,41.62197494506836,4.862803962168982e-06,0.011579449981412594
False,0.0,off,I_shuffle,0.028599214400972683,,0.0007949304417707026,1.0000026226043701,117.72737121582031,41.62290573120117,41.62290573120117,1.9073486328125e-06,8.0,1.180193305015564,78.38510131835938,0.9995875358581543,39.192543029785156,39.192543029785156,0.0,4.0,4.0,two_level,short_slots,prompt_summary,4.0,structured_support_set,full,,,,,20.17081069946289,0.05623924796807356,,,,4.0,,,2.079441547393799,2.079441547393799,2.079441547393799,1.0,0.02258827444499152,4.0,8.0,0.75,train_event,2,phase2-selected,0.00022447481522683442,5.0,87.72870635986328,39.233924865722656,39.23347473144531,0.0003065412456635386,0.06701600551605225,0.0003105037990069052,117.72737121582031,41.62290573120117,41.62290573120117,1.9073486328125e-06,0.009512549217184437
False,0.0,off,I_shuffle,0.1243145891513791,,0.0014747478999197483,1.0000027418136597,117.72906494140625,41.623512268066406,41.62350845336914,1.3486991292666062e-06,8.0,1.1862304210662842,78.387939453125,0.9995547533035278,39.193973541259766,39.193973541259766,1.9073486328125e-06,4.0,4.0,two_level,short_slots,prompt_summary,4.0,structured_support_set,full,,,,,25.533124923706055,0.21335262396251986,,,,4.0,,,2.079441547393799,2.079441547393799,2.079441547393799,1.0,0.09921214803726133,4.0,8.0,0.25,train_event,3,phase2-selected,0.0029402824520003605,5.0,87.72721099853516,39.23371505737305,39.23280715942383,0.0007981692324392498,0.26613351702690125,0.0013788418935983052,117.72906494140625,41.623512268066406,41.62350845336914,1.3486991292666062e-06,0.020244064803990488
False,0.0,off,I_shuffle,0.011620896485005165,,0.0003124877985101193,1.000002384185791,117.73047637939453,41.62400817871094,41.62400817871094,1.9073486328125e-06,8.0,1.141508936882019,78.39048767089844,0.9997643232345581,39.195247650146484,39.19524383544922,2.6973982585332124e-06,4.0,4.0,two_level,short_slots,prompt_summary,4.0,structured_support_set,full,,,,,28.99923324584961,0.02322853526962522,,,,4.0,,,2.079441547393799,2.079441547393799,2.079441547393799,1.0,0.008682209793771102,4.0,8.0,0.5,train_event,4,phase2-selected,0.0006018887967281585,5.0,87.72948455810547,39.236045837402344,39.23381805419922,0.0013886461965739727,0.027392733842134476,9.314500802628796e-05,117.73047637939453,41.62400817871094,41.62400817871094,1.9073486328125e-06,0.029921551087351898
False,0.0,off,I_shuffle,0.005131797528777957,,0.0006545092910528183,1.0000032186508179,117.73157501220703,41.62439727783203,41.624393463134766,1.3486991292666062e-06,8.0,1.1614238023757935,78.39269256591797,0.9996803998947144,39.196353912353516,39.19635009765625,3.814697265625e-06,4.0,4.0,two_level,short_slots,prompt_summary,4.0,structured_support_set,full,,,,,33.44664764404297,0.05372623192168614,,,,4.0,,,2.079441547393799,2.079441547393799,2.079441547393799,1.0,0.003766776372538106,4.0,8.0,0.625,train_event,5,phase2-selected,0.0046294613839918276,5.0,87.72916412353516,39.23501968383789,39.233673095703125,0.0009163249051198363,0.05429978668689728,5.2509720995834875e-05,117.73157501220703,41.62439727783203,41.624393463134766,1.3486991292666062e-06,0.0871449743918822
False,0.0,off,I_shuffle,0.0304581099183044,,0.00212480453774333,1.000002145767212,117.73246002197266,41.624698638916016,41.62469482421875,2.6973982585332124e-06,8.0,1.1392894983291626,78.39498901367188,0.9997727870941162,39.1974983215332,39.19749069213867,4.2649612623790745e-06,4.0,4.0,two_level,short_slots,prompt_summary,4.0,structured_support_set,full,,,,,35.01462173461914,0.13740524693282313,,,,4.0,,,2.079441547393799,2.079441547393799,2.079441547393799,1.0,0.022354548814686202,4.0,8.0,0.625,train_event,6,phase2-selected,0.004199252204745887,5.0,87.72721862792969,39.2340202331543,39.232810974121094,0.0010006336960941553,0.14256688952445984,0.00024204196530595688,117.73246002197266,41.624698638916016,41.62469482421875,2.6973982585332124e-06,0.032322595164238334
False,0.0,off,I_shuffle,0.004584554444634674,,0.00030109944054856896,1.0000027418136597,117.73309326171875,41.624942779541016,41.62493896484375,3.0157830224197824e-06,8.0,1.142106294631958,78.3968734741211,0.9997619390487671,39.19844436645508,39.19844055175781,3.303624680484063e-06,4.0,4.0,two_level,short_slots,prompt_summary,4.0,structured_support_set,full,,,,,37.187034606933594,0.021204358185239476,,,,4.0,,,2.079441547393799,2.079441547393799,2.079441547393799,1.0,0.0032618299260067673,4.0,8.0,0.375,train_event,7,phase2-selected,0.001429288595981576,5.0,87.72779083251953,39.23396682739258,39.233055114746094,0.0005608020001091063,0.021984700113534927,4.1495449622677525e-05,117.73309326171875,41.624942779541016,41.62493896484375,3.0157830224197824e-06,0.06936234677586602
False,0.0,off,I_shuffle,0.00108167648774257,,0.0002975062234327197,1.0000032186508179,117.73368835449219,41.62514114379883,41.62514114379883,0.0,8.0,1.1408123970031738,78.39846801757812,0.999767005443573,39.199241638183594,39.19923400878906,6.031566044839565e-06,4.0,4.0,two_level,short_slots,prompt_summary,4.0,structured_support_set,full,,,,,38.657840728759766,0.00754678733359993,,,,4.0,,,2.079441547393799,2.079441547393799,2.079441547393799,1.0,0.0007619662449631609,4.0,8.0,0.625,train_event,8,phase2-selected,0.011329947268409373,5.0,87.72802734375,39.234134674072266,39.2331657409668,0.0009699013317003846,0.013677455484867096,2.1329487615339025e-05,117.73368835449219,41.62514114379883,41.62514114379883,0.0,1.5041203964349668
False,0.0,off,I_shuffle,0.0033019219492920666,,0.00045481420238502324,1.0000029802322388,117.7341079711914,41.625301361083984,41.625301361083984,3.303624680484063e-06,8.0,1.127249836921692,78.39971160888672,0.9998156428337097,39.199867248535156,39.199867248535156,3.814697265625e-06,4.0,4.0,two_level,short_slots,prompt_summary,4.0,structured_support_set,full,,,,,39.369937896728516,0.027909253198381813,,,,4.0,,,2.079441547393799,2.079441547393799,2.079441547393799,1.0,0.002348444009404815,4.0,8.0,0.625,train_event,9,phase2-selected,0.001978495004373084,5.0,87.72958374023438,39.23503875732422,39.23386764526367,0.0010748121421784163,0.028271179646253586,3.05267949812813e-05,117.7341079711914,41.625301361083984,41.625301361083984,3.303624680484063e-06,0.07198407585735218
False,0.0,off,I_shuffle,0.002706699424297128,,0.0001953121245605871,1.0000025033950806,117.73445892333984,41.62541961669922,41.625423431396484,3.814697265625e-06,8.0,1.1286289691925049,78.40097045898438,0.999811053276062,39.20048522949219,39.20048522949219,2.6973982585332124e-06,4.0,4.0,two_level,short_slots,prompt_summary,4.0,structured_support_set,full,,,,,40.34283447265625,0.011223290294869409,,,,4.0,,,2.079441547393799,2.079441547393799,2.079441547393799,1.0,0.0018277974721026809,4.0,8.0,0.375,train_event,10,phase2-selected,0.00275806424719614,5.0,87.72947692871094,39.23480224609375,39.23381423950195,0.0008450238965451717,0.012009869329631329,2.6729909320739482e-05,117.73445892333984,41.62541961669922,41.625423431396484,3.814697265625e-06,0.24812635896889473
False,0.0,off,I_shuffle,0.00026072598715579803,,9.648857667343691e-05,1.0000022649765015,117.7347412109375,41.625518798828125,41.625518798828125,0.0,8.0,1.1320827007293701,78.40184783935547,0.9997990131378174,39.200931549072266,39.200923919677734,6.607249360968126e-06,4.0,4.0,two_level,short_slots,prompt_summary,4.0,structured_support_set,full,,,,,41.111061096191406,0.0033854834096392877,,,,4.0,,,2.079441547393799,2.079441547393799,2.079441547393799,1.0,0.00017390127854206698,4.0,8.0,0.5,train_event,11,phase2-selected,0.0033499485601540127,5.0,87.72915649414062,39.23467254638672,39.23366928100586,0.0008379475330002606,0.004773062653839588,1.594173051022206e-05,117.7347412109375,41.625518798828125,41.625518798828125,0.0,0.9942126081849149
False,0.0,off,I_shuffle,0.00039016419466243474,,0.00010655637015588582,1.0000019073486328,117.73500061035156,41.625606536865234,41.625606536865234,3.0157830224197824e-06,8.0,1.1158576011657715,78.40308380126953,0.999851644039154,39.20154571533203,39.201541900634766,2.6973982585332124e-06,4.0,4.0,two_level,short_slots,prompt_summary,4.0,structured_support_set,full,,,,,41.661685943603516,0.005296046555340763,,,,4.0,,,2.079441547393799,2.079441547393799,2.079441547393799,1.0,0.00026270286301044004,4.0,8.0,0.375,train_event,12,phase2-selected,0.0010429328825263906,5.0,87.7319564819336,39.2357292175293,39.23493194580078,0.0007698716945014894,0.005418235436081886,1.4694938664132521e-05,117.73500061035156,41.625606536865234,41.625606536865234,3.0157830224197824e-06,0.19970138293515666
False,0.0,off,I_shuffle,0.002071652923166587,,0.0001867683749878779,1.0000016689300537,117.73516082763672,41.62566375732422,41.625667572021484,3.814697265625e-06,8.0,1.1364034414291382,78.4035873413086,0.9997836947441101,39.20180130004883,39.2017936706543,5.7220458984375e-06,4.0,4.0,two_level,short_slots,prompt_summary,4.0,structured_support_set,full,,,,,42.866477966308594,0.011061926504923311,,,,4.0,,,2.079441547393799,2.079441547393799,2.079441547393799,1.0,0.0013662659136702666,4.0,8.0,0.25,train_event,13,phase2-selected,0.0012063165645109413,5.0,87.7296142578125,39.23539733886719,39.23387908935547,0.0014297676971182227,0.011400888673961163,2.0456569992243907e-05,117.73516082763672,41.62566375732422,41.625667572021484,3.814697265625e-06,0.11090049585460429
False,0.0,off,I_shuffle,0.0002995380838472774,,4.699903729488142e-05,1.0000025033950806,117.73529815673828,41.62571716308594,41.62571334838867,1.9073486328125e-06,8.0,1.1277714967727661,78.40459442138672,0.9998139142990112,39.20230484008789,39.202293395996094,7.38712969905464e-06,4.0,4.0,two_level,short_slots,prompt_summary,4.0,structured_support_set,full,,,,,42.72929763793945,0.001992006408344663,,,,4.0,,,2.079441547393799,2.079441547393799,2.079441547393799,1.0,0.00019511614889963717,4.0,8.0,0.375,train_event,14,phase2-selected,0.0006463159825826252,5.0,87.73234558105469,39.23642349243164,39.23509979248047,0.0013808909570798278,0.002124554943293333,1.12841096370245e-05,117.73529815673828,41.62571716308594,41.62571334838867,1.9073486328125e-06,0.33011946621502525
False,0.0,off,I_shuffle,3.83104092095489e-05,,4.6996741730254143e-05,1.000002145767212,117.73540496826172,41.62574768066406,41.62574768066406,0.0,8.0,1.1148312091827393,78.40550231933594,0.999854564666748,39.202754974365234,39.2027473449707,6.031566044839565e-06,4.0,4.0,two_level,short_slots,prompt_summary,4.0,structured_support_set,full,,,,,42.630271911621094,0.0008548339990014289,,,,4.0,,,2.079441547393799,2.079441547393799,2.079441547393799,1.0,2.4774621242944393e-05,4.0,8.0,0.25,train_event,15,phase2-selected,0.002369471987226395,5.0,87.73230743408203,39.235877990722656,39.235084533691406,0.0005951074417680502,0.0025193861220031977,9.28722540557273e-06,117.73540496826172,41.62574768066406,41.62574768066406,0.0,2.782714790720428
False,0.0,off,I_shuffle,0.00022336502753732819,,4.399733370519243e-05,1.0000030994415283,117.73546600341797,41.625770568847656,41.62576675415039,3.814697265625e-06,8.0,1.1177737712860107,78.40606689453125,0.9998458623886108,39.20303726196289,39.20302963256836,4.672031082009198e-06,4.0,4.0,two_level,short_slots,prompt_summary,4.0,structured_support_set,full,,,,,42.823974609375,0.0018951784013764887,,,,4.0,,,2.079441547393799,2.079441547393799,2.079441547393799,1.0,0.0001438195031303606,4.0,8.0,0.25,train_event,16,phase2-selected,0.00043531398187419897,5.0,87.73348236083984,39.23699188232422,39.23560333251953,0.0008250600076280534,0.001962608890607953,7.605678821088674e-06,117.73546600341797,41.625770568847656,41.62576675415039,3.814697265625e-06,0.23370868957433785
False,0.0,off,I_shuffle,0.0013039436592634113,,0.00015326013090088964,1.0000029802322388,117.73550415039062,41.625789642333984,41.625789642333984,1.9073486328125e-06,8.0,1.1190778017044067,78.40640258789062,0.9998418092727661,39.203208923339844,39.20320129394531,4.2649612623790745e-06,4.0,4.0,two_level,short_slots,prompt_summary,4.0,structured_support_set,full,,,,,42.558780670166016,0.010345487877020148,,,,4.0,,,2.079441547393799,2.079441547393799,2.079441547393799,1.0,0.0008483460894911685,4.0,8.0,0.25,train_event,17,phase2-selected,0.0009340935817201872,5.0,87.73343658447266,39.23698043823242,39.23558044433594,0.0010981055675074458,0.010503415949642658,1.198741033145247e-05,117.73550415039062,41.625789642333984,41.625789642333984,1.9073486328125e-06,0.09144865890308725
False,0.0,off,I_shuffle,0.0014675898718488518,,0.00013165319978725165,1.0000022649765015,117.73554992675781,41.62580490112305,41.62580490112305,0.0,8.0,1.106297254562378,78.40726470947266,0.9998784065246582,39.20363998413086,39.203636169433594,4.672031082009198e-06,4.0,4.0,two_level,short_slots,prompt_summary,4.0,structured_support_set,full,,,,,43.57448196411133,0.009921807199036634,,,,4.0,,,2.079441547393799,2.079441547393799,2.079441547393799,1.0,0.0009716207738624298,4.0,8.0,0.5,train_event,18,phase2-selected,0.0003507523149182712,5.0,87.73368835449219,39.23696517944336,39.23568344116211,0.0010137524222955108,0.010082821361720562,1.1903431763091469e-05,117.73554992675781,41.62580490112305,41.62580490112305,0.0,0.0365513801474166
False,0.0,off,I_shuffle,0.0002053881910954362,,4.4171356421429664e-05,1.0000027418136597,117.73556518554688,41.62580871582031,41.62580871582031,1.3486991292666062e-06,8.0,1.1223684549331665,78.40703582763672,0.9998316764831543,39.20352554321289,39.20351791381836,6.607249360968126e-06,4.0,4.0,two_level,short_slots,prompt_summary,4.0,structured_support_set,full,,,,,42.731658935546875,0.002047389917118113,,,,4.0,,,2.079441547393799,2.079441547393799,2.079441547393799,1.0,0.00012981947016493667,4.0,8.0,0.5,train_event,19,phase2-selected,0.0005997642884356442,5.0,87.73343658447266,39.236270904541016,39.23558807373047,0.0005299766198731959,0.002147235907614231,7.919950809056335e-06,117.73556518554688,41.62580871582031,41.62580871582031,1.3486991292666062e-06,0.29680923705049367
False,0.0,off,I_shuffle,0.00022152131557578677,,3.362391726113856e-05,1.0000026226043701,117.73555755615234,41.62581253051758,41.62581253051758,1.9073486328125e-06,8.0,1.1134623289108276,78.40790557861328,0.9998586177825928,39.20397186279297,39.203956604003906,9.910873814078514e-06,4.0,4.0,two_level,short_slots,prompt_summary,4.0,structured_support_set,full,,,,,44.44834899902344,0.001566233108698672,,,,4.0,,,2.079441547393799,2.079441547393799,2.079441547393799,1.0,0.0001415782747499916,4.0,8.0,0.5,train_event,20,phase2-selected,0.0004571532189127947,5.0,87.73693084716797,39.239219665527344,39.237144470214844,0.0012782777193933725,0.0016526508843526244,7.96541415764173e-06,117.73555755615234,41.62581253051758,41.62581253051758,1.9073486328125e-06,0.29696641610193464
False,0.0,off,I_shuffle,0.00015018235062837283,,3.9324353565461934e-05,1.0000030994415283,117.7355728149414,41.62580490112305,41.62580490112305,0.0,8.0,1.108378291130066,78.40840148925781,0.9998726844787598,39.2042121887207,39.20420455932617,5.7220458984375e-06,4.0,4.0,two_level,short_slots,prompt_summary,4.0,structured_support_set,full,,,,,44.355987548828125,0.0019416795601868877,,,,4.0,,,2.079441547393799,2.079441547393799,2.079441547393799,1.0,9.594405739827286e-05,4.0,8.0,0.5,train_event,21,phase2-selected,0.0004335986860929853,5.0,87.7328872680664,39.23637771606445,39.235347747802734,0.0010877627646550536,0.001997485524043441,7.863084040388808e-06,117.7355728149414,41.62580490112305,41.62580490112305,0.0,0.22736077527173595
False,0.0,off,I_shuffle,3.2432906955853725e-05,,5.5310025345534086e-05,1.0000029802322388,117.73554229736328,41.62580108642578,41.625797271728516,2.336015541004599e-06,8.0,1.1177154779434204,78.40859985351562,0.9998459815979004,39.20429992675781,39.20429229736328,7.62939453125e-06,4.0,4.0,two_level,short_slots,prompt_summary,4.0,structured_support_set,full,,,,,44.34864807128906,0.0010124216829374393,,,,4.0,,,2.079441547393799,2.079441547393799,2.079441547393799,1.0,2.0613765694364915e-05,4.0,8.0,0.25,train_event,22,phase2-selected,0.0011997997087605584,5.0,87.73489379882812,39.237571716308594,39.236244201660156,0.001358087989501655,0.001570367719978094,7.801869481094742e-06,117.73554229736328,41.62580108642578,41.625797271728516,2.336015541004599e-06,1.1927851789364279
False,0.0,off,I_shuffle,0.0003224709921108316,,7.459905464202166e-05,1.0000025033950806,117.73545837402344,41.62578582763672,41.625789642333984,3.814697265625e-06,8.0,1.1075979471206665,78.40914154052734,0.9998748302459717,39.20457458496094,39.204566955566406,6.8770432335441e-06,4.0,4.0,two_level,short_slots,prompt_summary,4.0,structured_support_set,full,,,,,44.0595703125,0.0021729743171237273,,,,4.0,,,2.079441547393799,2.079441547393799,2.079441547393799,1.0,0.00020518781066610332,4.0,8.0,0.625,train_event,23,phase2-selected,0.0008231181385893045,5.0,87.73627471923828,39.23907470703125,39.23685836791992,0.0018035725224763155,0.0023548880126327276,8.194838526395332e-06,117.73545837402344,41.62578582763672,41.625789642333984,3.814697265625e-06,0.38256916824312637
False,0.0,off,I_shuffle,0.0004933454770501372,,6.515433778986335e-05,1.0000027418136597,117.73542785644531,41.625770568847656,41.62576675415039,1.3486991292666062e-06,8.0,1.1068910360336304,78.40926361083984,0.9998767375946045,39.20463562011719,39.20463180541992,4.2649612623790745e-06,4.0,4.0,two_level,short_slots,prompt_summary,4.0,structured_support_set,full,,,,,44.21792221069336,0.003136548112125092,,,,4.0,,,2.079441547393799,2.079441547393799,2.079441547393799,1.0,0.00030501363894337393,4.0,8.0,0.5,train_event,24,phase2-selected,0.0015120380811322288,5.0,87.73506927490234,39.238033294677734,39.2363166809082,0.0014229444786906242,0.003529969835653901,8.42240924958472e-06,117.73542785644531,41.625770568847656,41.62576675415039,1.3486991292666062e-06,0.48475599162789895
False,0.0,off,I_shuffle,0.0006090817593953467,,5.853147740708664e-05,1.000002145767212,117.73540496826172,41.625755310058594,41.62574768066406,4.473129138204968e-06,8.0,1.1250410079956055,78.40847778320312,0.9998229742050171,39.204246520996094,39.20423889160156,8.946258276409935e-06,4.0,4.0,two_level,short_slots,prompt_summary,4.0,structured_support_set,full,,,,,43.792972564697266,0.003011945780720255,,,,4.0,,,2.079441547393799,2.079441547393799,2.079441547393799,1.0,0.00037632962301501757,4.0,8.0,0.375,train_event,25,phase2-selected,0.0005076573084369145,5.0,87.73506927490234,39.23751449584961,39.23632049560547,0.0011274918215349317,0.0031372313387691975,9.142421402090702e-06,117.73540496826172,41.625755310058594,41.62574768066406,4.473129138204968e-06,0.17158334427767202
False,0.0,off,I_shuffle,0.00098328416917592,,0.0001633976207813248,1.0000029802322388,117.7353515625,41.625728607177734,41.625728607177734,1.9073486328125e-06,8.0,1.1296089887619019,78.40879821777344,0.9998077154159546,39.20441436767578,39.20439910888672,1.2361031622276641e-05,4.0,4.0,two_level,short_slots,prompt_summary,4.0,structured_support_set,full,,,,,44.19974136352539,0.010552108724257431,,,,4.0,,,2.079441547393799,2.079441547393799,2.079441547393799,1.0,0.0005998968873657742,4.0,8.0,0.5,train_event,26,phase2-selected,0.000986008836385472,5.0,87.7376708984375,39.23976135253906,39.237464904785156,0.001722024637274444,0.010660490021109581,1.1050828171795162e-05,117.7353515625,41.625728607177734,41.625728607177734,1.9073486328125e-06,0.09448913867473743
False,0.0,off,I_shuffle,0.0002098878640938074,,2.9240814910735935e-05,1.0000020265579224,117.73526000976562,41.625701904296875,41.625701904296875,3.0157830224197824e-06,8.0,1.1101049184799194,78.40975952148438,0.9998680353164673,39.20488357543945,39.204872131347656,8.092194548225962e-06,4.0,4.0,two_level,short_slots,prompt_summary,4.0,structured_support_set,full,,,,,44.73272705078125,0.0007886088648721305,,,,4.0,,,2.079441547393799,2.079441547393799,2.079441547393799,1.0,0.00013235342418895272,4.0,8.0,0.25,train_event,27,phase2-selected,0.0006110130205588045,5.0,87.73664093017578,39.2379150390625,39.237022399902344,0.0006648941780440509,0.0010280446149408817,8.025903616703735e-06,117.73526000976562,41.625701904296875,41.625701904296875,3.0157830224197824e-06,0.7849758628770712
False,0.0,off,I_shuffle,0.0002442563588552005,,8.152853115461767e-05,1.0000030994415283,117.73515319824219,41.625675201416016,41.62567138671875,1.3486991292666062e-06,8.0,1.1167596578598022,78.40972137451172,0.9998489618301392,39.20486831665039,39.20485305786133,1.0271386599924881e-05,4.0,4.0,two_level,short_slots,prompt_summary,4.0,structured_support_set,full,,,,,44.841461181640625,0.0036598484495947827,,,,4.0,,,2.079441547393799,2.079441547393799,2.079441547393799,1.0,0.00015281516072415728,4.0,8.0,0.5,train_event,28,phase2-selected,0.0008736435857748846,5.0,87.73678588867188,39.23891067504883,39.237083435058594,0.0016460708575323224,0.0037737013772130013,8.105368041878738e-06,117.73515319824219,41.625675201416016,41.62567138671875,1.3486991292666062e-06,0.24092499073681325
False,0.0,off,I_shuffle,0.00042498422274804933,,5.034556670580059e-05,1.0000027418136597,117.73506164550781,41.625648498535156,41.62564468383789,2.6973982585332124e-06,8.0,1.1088439226150513,78.41004943847656,0.9998714327812195,39.20503234863281,39.20502853393555,3.814697265625e-06,4.0,4.0,two_level,short_slots,prompt_summary,4.0,structured_support_set,full,,,,,44.904850006103516,0.0029343909448987897,,,,4.0,,,2.079441547393799,2.079441547393799,2.079441547393799,1.0,0.0002709561018838652,4.0,8.0,0.5,train_event,29,phase2-selected,0.00035787322229311597,5.0,87.73670196533203,39.2377815246582,39.23704528808594,0.0009092625114135444,0.002998803509399295,8.392213302830257e-06,117.73506164550781,41.625648498535156,41.62564468383789,2.6973982585332124e-06,0.1248182135487673
False,0.0,off,I_shuffle,0.012123694264310592,,0.0011026444844901562,1.000002145767212,117.7350082397461,41.625614166259766,41.625614166259766,1.3486991292666062e-06,8.0,1.1102651357650757,78.41030883789062,0.9998676180839539,39.20516586303711,39.20515823364258,8.092194548225962e-06,4.0,4.0,two_level,short_slots,prompt_summary,4.0,structured_support_set,full,,,,,43.82584762573242,0.07469533788566869,,,,4.0,,,2.079441547393799,2.079441547393799,2.079441547393799,1.0,0.00778132884342418,4.0,8.0,0.375,train_event,30,phase2-selected,0.00041510627106731106,5.0,87.73797607421875,39.23870849609375,39.23761749267578,0.0005797938210889697,0.07607301324605942,7.271340271831035e-05,117.7350082397461,41.625614166259766,41.625614166259766,1.3486991292666062e-06,0.006530791446881134
False,0.0,off,I_shuffle,0.00046630021390885163,,7.794142584316432e-05,1.0000027418136597,117.73489379882812,41.62557601928711,41.62557601928711,0.0,8.0,1.1000467538833618,78.41051483154297,0.9998943209648132,39.205265045166016,39.205257415771484,5.046370006311918e-06,4.0,4.0,two_level,short_slots,prompt_summary,4.0,structured_support_set,full,,,,,45.06980895996094,0.003024500175414985,,,,4.0,,,2.079441547393799,2.079441547393799,2.079441547393799,1.0,0.0002983544448019068,4.0,8.0,0.625,train_event,31,phase2-selected,0.0021394740085086536,5.0,87.73725891113281,39.238555908203125,39.23729705810547,0.0012246271362528205,0.003745860420167446,8.276746531415544e-06,117.73489379882812,41.62557601928711,41.62557601928711,0.0,0.710117583228568
False,0.0,off,I_shuffle,0.00019298091109650183,,3.9991333323996514e-05,1.000002145767212,117.73480987548828,41.625545501708984,41.625545501708984,3.303624680484063e-06,8.0,1.1083011627197266,78.41082000732422,0.9998730421066284,39.205421447753906,39.205413818359375,7.136645308492007e-06,4.0,4.0,two_level,short_slots,prompt_summary,4.0,structured_support_set,full,,,,,45.09410858154297,0.002015606328742533,,,,4.0,,,2.079441547393799,2.079441547393799,2.079441547393799,1.0,0.00011686605096487773,4.0,8.0,0.5,train_event,32,phase2-selected,0.0007169747508116896,5.0,87.73841857910156,39.23920822143555,39.237815856933594,0.0009611629066057503,0.0021512052044272423,7.935614411408501e-06,117.73480987548828,41.625545501708984,41.625545501708984,3.303624680484063e-06,0.3596487840338072
