alignment_aux_active,alignment_aux_loss,alignment_aux_mode,arm_alias,fuser_grad_norm,fuser_input_effective_rank,fuser_input_pairwise_cosine_mean,fuser_linear_output_singular_value_top1,fuser_linear_output_singular_value_top2,fuser_linear_output_singular_value_top3,fuser_output_effective_rank,fuser_output_pairwise_cosine_mean,fuser_short_query_pairwise_cosine_mean,layer_index,loss,memory_long_diversity_loss,memory_long_diversity_weight,memory_long_effective_rank,memory_long_l2,memory_long_singular_value_top1,memory_long_singular_value_top2,memory_long_singular_value_top3,memory_long_slot_energy_cv,memory_long_slot_energy_histogram_max,memory_long_slot_energy_histogram_min,memory_long_slot_norm_histogram_max,memory_long_slot_norm_histogram_min,memory_long_slot_norm_max,memory_long_slot_norm_mean,memory_long_slot_norm_std,memory_long_slot_variance_cv,memory_long_slots,memory_short_diversity_loss,memory_short_diversity_weight,memory_short_effective_rank,memory_short_l2,memory_short_pairwise_cosine_mean,memory_short_slot_norm_max,memory_short_slot_norm_mean,memory_short_slot_norm_std,memory_short_slots,pilot_fuser_short_slots,pilot_memory_path_variant,pilot_projector_token_source,pilot_reader_context_mode,pilot_reader_num_queries,pilot_support_encoder_mode,pilot_trainable_variant,prefix_hidden_l2,prefix_hidden_slot_norm_max,prefix_hidden_slot_norm_mean,prefix_hidden_slot_norm_std,prefix_l2,prefix_projector_grad_norm,prefix_slot_norm_max,prefix_slot_norm_mean,prefix_slot_norm_std,prefix_tokens,projected_k_l2,projected_v_l2,reader_argmax_mass_mean,reader_argmax_mass_std,reader_attention_diversity_loss,reader_attention_diversity_weight,reader_attention_entropy_max,reader_attention_entropy_mean,reader_attention_entropy_min,reader_attention_pairwise_cosine_mean,reader_base_query_norm_mean,reader_base_query_pairwise_cosine_mean,reader_conditioned_query_norm_mean,reader_conditioned_query_pairwise_cosine_mean,reader_context_overwrite_ratio,reader_context_shift_norm_mean,reader_grad_norm,reader_num_queries,reader_qk_logit_mean,reader_qk_logit_pairwise_cosine_mean,reader_qk_logit_range,reader_qk_logit_std,reader_query_to_slot_top1_agreement_rate,reader_query_to_slot_top2_coverage_fraction,reader_readout_effective_rank,reader_readout_pairwise_cosine_mean,reader_slot_count,reader_slot_coverage_fraction,row_type,step,suite,support_encoder_grad_norm,support_item_count,support_item_hidden_l2,support_item_hidden_norm_max,support_item_hidden_norm_mean,support_item_hidden_norm_std,total_grad_norm_pre_clip,writer_grad_norm,writer_memory_l2,writer_slot_basis_orthogonality_loss,writer_slot_basis_orthogonality_weight,writer_slot_basis_pairwise_cosine_mean,writer_slot_norm_max,writer_slot_norm_mean,writer_slot_norm_std,writer_to_projector_grad_ratio
,,,I_real,,1.2279784679412842,0.9992879629135132,35.95010757446289,31.068269729614258,28.83221435546875,3.9775583744049072,-0.02669643983244896,0.0,,,,,,117.76931762695312,117.68695068359375,1.6652382612228394,1.6652380228042603,0.0017354696568177307,1738.0709228515625,1728.104248046875,41.690181732177734,41.570472717285156,41.690181732177734,41.63772201538086,0.03613661229610443,0.0017377385504824946,8.0,,,,61.87891387939453,-0.02669643983244896,32.88713836669922,30.869060516357422,2.085944414138794,4.0,4.0,two_level,short_slots,prompt_summary,4.0,structured_support_set,,,,,,56.67985153198242,,15.30616569519043,12.489103317260742,2.1569788455963135,4.0,,,0.500076174736023,5.248483284958638e-05,,,0.6931482553482056,0.6931482553482056,0.6931481957435608,0.0,0.7699422836303711,-0.0010831884574145079,0.7699422836303711,-0.0010831884574145079,0.0,0.0,,4.0,-0.0017108789179474115,0.0,0.009616781026124954,0.0037169584538787603,0.25,1.0,1.2279784679412842,0.9992879629135132,8.0,1.0,snapshot_aggregate,0,phase2-selected,,6.0,96.11910247802734,39.24253845214844,39.24046325683594,0.0016187222208827734,,,117.76931762695312,,,,41.690181732177734,41.63772201538086,0.03613661229610443,
,,,I_real,,,,,,,,,,0,,,,,,,,,,,,,,,,,,,,,,,,,,,,,,,,,,,25.110488891601562,14.444197654724121,12.370997428894043,2.143878698348999,,,,,,4.0,2204.73193359375,13.02332592010498,,,,,,,,,,,,,,,,,,,,,,,,,,,snapshot_layer,0,phase2-selected,,,,,,,,,,,,,,,,
,,,I_real,,,,,,,,,,7,,,,,,,,,,,,,,,,,,,,,,,,,,,,,,,,,,,25.512252807617188,14.787952423095703,12.585010528564453,2.081685781478882,,,,,,4.0,102.60615539550781,25.652559280395508,,,,,,,,,,,,,,,,,,,,,,,,,,,snapshot_layer,0,phase2-selected,,,,,,,,,,,,,,,,
,,,I_real,,,,,,,,,,14,,,,,,,,,,,,,,,,,,,,,,,,,,,,,,,,,,,25.118053436279297,14.44706916809082,12.40197467803955,1.97884202003479,,,,,,4.0,60.81663131713867,45.04640197753906,,,,,,,,,,,,,,,,,,,,,,,,,,,snapshot_layer,0,phase2-selected,,,,,,,,,,,,,,,,
,,,I_real,,,,,,,,,,21,,,,,,,,,,,,,,,,,,,,,,,,,,,,,,,,,,,25.534212112426758,15.30616569519043,12.543068885803223,2.387335777282715,,,,,,4.0,41.203025817871094,51.785728454589844,,,,,,,,,,,,,,,,,,,,,,,,,,,snapshot_layer,0,phase2-selected,,,,,,,,,,,,,,,,
,,,I_real,,,,,,,,,,27,,,,,,,,,,,,,,,,,,,,,,,,,,,,,,,,,,,25.46219253540039,14.82972240447998,12.544466018676758,2.163620710372925,,,,,,4.0,51.62538528442383,153.8748016357422,,,,,,,,,,,,,,,,,,,,,,,,,,,snapshot_layer,0,phase2-selected,,,,,,,,,,,,,,,,
,,,I_shuffle,,1.2317074537277222,0.999260663986206,35.947105407714844,31.06845474243164,28.82917594909668,3.977566719055176,-0.026749279350042343,0.0,,,,,,117.84947967529297,117.76715850830078,1.665238380432129,1.6652382612228394,0.001782077113374893,1741.5699462890625,1732.40966796875,41.732120513916016,41.62222671508789,41.732120513916016,41.66606903076172,0.0371147096157074,0.0017823798702478412,8.0,,,,61.87601089477539,-0.026749279350042343,32.88389205932617,30.86762809753418,2.085618019104004,4.0,4.0,two_level,short_slots,prompt_summary,4.0,structured_support_set,,,,,,56.69640350341797,,15.309643745422363,12.492758750915527,2.1575608253479004,4.0,,,0.5000730752944946,5.950146442046389e-05,,,0.6931482553482056,0.6931482553482056,0.6931481957435608,0.0,0.7699422836303711,-0.0010831884574145079,0.7699422836303711,-0.0010831884574145079,0.0,0.0,,4.0,-0.001620872993953526,0.0,0.009375173598527908,0.0036929454654455185,0.25,1.0,1.2317074537277222,0.999260663986206,8.0,1.0,snapshot_aggregate,0,phase2-selected,,6.0,96.11900329589844,39.24199676513672,39.24042892456055,0.0016356386477127671,,,117.84947967529297,,,,41.732120513916016,41.66606903076172,0.0371147096157074,
,,,I_shuffle,,,,,,,,,,0,,,,,,,,,,,,,,,,,,,,,,,,,,,,,,,,,,,25.117290496826172,14.447713851928711,12.374659538269043,2.144198179244995,,,,,,4.0,2204.469482421875,13.018537521362305,,,,,,,,,,,,,,,,,,,,,,,,,,,snapshot_layer,0,phase2-selected,,,,,,,,,,,,,,,,
,,,I_shuffle,,,,,,,,,,7,,,,,,,,,,,,,,,,,,,,,,,,,,,,,,,,,,,25.518949508666992,14.791687965393066,12.588605880737305,2.08221697807312,,,,,,4.0,102.57476043701172,25.64960289001465,,,,,,,,,,,,,,,,,,,,,,,,,,,snapshot_layer,0,phase2-selected,,,,,,,,,,,,,,,,
,,,I_shuffle,,,,,,,,,,14,,,,,,,,,,,,,,,,,,,,,,,,,,,,,,,,,,,25.12467384338379,14.450336456298828,12.405529022216797,1.9793157577514648,,,,,,4.0,60.83180236816406,45.04298400878906,,,,,,,,,,,,,,,,,,,,,,,,,,,snapshot_layer,0,phase2-selected,,,,,,,,,,,,,,,,
,,,I_shuffle,,,,,,,,,,21,,,,,,,,,,,,,,,,,,,,,,,,,,,,,,,,,,,25.54242515563965,15.309643745422363,12.54683780670166,2.38816237449646,,,,,,4.0,41.192562103271484,51.772281646728516,,,,,,,,,,,,,,,,,,,,,,,,,,,snapshot_layer,0,phase2-selected,,,,,,,,,,,,,,,,
,,,I_shuffle,,,,,,,,,,27,,,,,,,,,,,,,,,,,,,,,,,,,,,,,,,,,,,25.468671798706055,14.833295822143555,12.548160552978516,2.16434383392334,,,,,,4.0,51.634559631347656,153.91880798339844,,,,,,,,,,,,,,,,,,,,,,,,,,,snapshot_layer,0,phase2-selected,,,,,,,,,,,,,,,,
,,,I_zero,,0.0,0.0,0.0,0.0,0.0,0.0,0.0,0.0,,,,,,0.0,0.0,0.0,0.0,0.0,0.0,0.0,0.0,0.0,0.0,0.0,0.0,0.0,8.0,,,,0.0,0.0,0.0,0.0,0.0,4.0,4.0,two_level,short_slots,prompt_summary,4.0,pooled_block,,,,,,0.743331253528595,,0.1970457285642624,0.16433371603488922,0.024929983541369438,4.0,,,0.0,0.0,,,1.473654492656351e-06,1.473654492656351e-06,1.473654492656351e-06,0.0,0.0,0.0,0.0,0.0,0.0,0.0,,4.0,0.0,0.0,0.0,0.0,1.0,0.25,0.0,0.0,8.0,0.0,snapshot_aggregate,0,phase2-selected,,0.0,0.0,0.0,0.0,0.0,,,0.0,,,,0.0,0.0,0.0,
,,,I_zero,,,,,,,,,,0,,,,,,,,,,,,,,,,,,,,,,,,,,,,,,,,,,,0.24294143915176392,0.12149020284414291,0.12149020284414291,0.0,,,,,,4.0,2200.265625,19.26621437072754,,,,,,,,,,,,,,,,,,,,,,,,,,,snapshot_layer,0,phase2-selected,,,,,,,,,,,,,,,,
,,,I_zero,,,,,,,,,,7,,,,,,,,,,,,,,,,,,,,,,,,,,,,,,,,,,,0.3318038880825043,0.1658903807401657,0.1658903807401657,0.0,,,,,,4.0,109.58971405029297,51.37620162963867,,,,,,,,,,,,,,,,,,,,,,,,,,,snapshot_layer,0,phase2-selected,,,,,,,,,,,,,,,,
,,,I_zero,,,,,,,,,,14,,,,,,,,,,,,,,,,,,,,,,,,,,,,,,,,,,,0.31918904185295105,0.15960198640823364,0.15960198640823364,0.0,,,,,,4.0,115.8324966430664,88.78581237792969,,,,,,,,,,,,,,,,,,,,,,,,,,,snapshot_layer,0,phase2-selected,,,,,,,,,,,,,,,,
,,,I_zero,,,,,,,,,,21,,,,,,,,,,,,,,,,,,,,,,,,,,,,,,,,,,,0.3552398085594177,0.17764031887054443,0.17764031887054443,0.0,,,,,,4.0,61.02933120727539,88.6976547241211,,,,,,,,,,,,,,,,,,,,,,,,,,,snapshot_layer,0,phase2-selected,,,,,,,,,,,,,,,,
,,,I_zero,,,,,,,,,,27,,,,,,,,,,,,,,,,,,,,,,,,,,,,,,,,,,,0.3940983712673187,0.1970457285642624,0.1970457285642624,0.0,,,,,,4.0,90.47187042236328,159.09034729003906,,,,,,,,,,,,,,,,,,,,,,,,,,,snapshot_layer,0,phase2-selected,,,,,,,,,,,,,,,,
,,,I_real,,1.2263596057891846,0.9992996454238892,18.767196655273438,17.15378189086914,15.150354385375977,3.9778685569763184,0.026023147627711296,0.0,,,,,,117.7693099975586,117.68692779541016,1.6652382612228394,1.6652380228042603,0.001735492729526815,1738.0709228515625,1728.1041259765625,41.690181732177734,41.570472717285156,41.690181732177734,41.63772201538086,0.03613590449094772,0.001737729886697094,8.0,,,,32.891536712646484,0.026023147627711296,17.791635513305664,16.405065536499023,1.1563608646392822,4.0,4.0,two_level,short_slots,prompt_summary,4.0,structured_support_set,,,,,,50.475982666015625,,13.514152526855469,11.06037425994873,2.24930739402771,4.0,,,0.5000762939453125,5.348474223865196e-05,,,0.6931482553482056,0.6931482553482056,0.6931481957435608,0.0,0.7699751257896423,-0.0010491237044334412,0.7699751257896423,-0.0010491237044334412,0.0,0.0,,4.0,-0.0016885746736079454,0.0,0.009609583765268326,0.003725486109033227,0.25,1.0,1.2263596057891846,0.9992996454238892,8.0,1.0,snapshot_aggregate,2,phase2-selected,,6.0,96.11909484863281,39.2425422668457,39.24045944213867,0.001620592433027923,,,117.7693099975586,,,,41.690181732177734,41.63772201538086,0.03613590449094772,
,,,I_real,,,,,,,,,,0,,,,,,,,,,,,,,,,,,,,,,,,,,,,,,,,,,,22.364097595214844,13.14261245727539,10.957939147949219,2.2288877964019775,,,,,,4.0,2204.56396484375,13.056696891784668,,,,,,,,,,,,,,,,,,,,,,,,,,,snapshot_layer,2,phase2-selected,,,,,,,,,,,,,,,,
,,,I_real,,,,,,,,,,7,,,,,,,,,,,,,,,,,,,,,,,,,,,,,,,,,,,22.737430572509766,13.344117164611816,11.154184341430664,2.199909210205078,,,,,,4.0,102.69519805908203,25.549659729003906,,,,,,,,,,,,,,,,,,,,,,,,,,,snapshot_layer,2,phase2-selected,,,,,,,,,,,,,,,,
,,,I_real,,,,,,,,,,14,,,,,,,,,,,,,,,,,,,,,,,,,,,,,,,,,,,22.34510040283203,13.038958549499512,10.97817611694336,2.0761563777923584,,,,,,4.0,60.5095329284668,44.65498733520508,,,,,,,,,,,,,,,,,,,,,,,,,,,snapshot_layer,2,phase2-selected,,,,,,,,,,,,,,,,
,,,I_real,,,,,,,,,,21,,,,,,,,,,,,,,,,,,,,,,,,,,,,,,,,,,,22.764476776123047,13.514152526855469,11.111921310424805,2.466761827468872,,,,,,4.0,40.899078369140625,51.70476150512695,,,,,,,,,,,,,,,,,,,,,,,,,,,snapshot_layer,2,phase2-selected,,,,,,,,,,,,,,,,
,,,I_real,,,,,,,,,,27,,,,,,,,,,,,,,,,,,,,,,,,,,,,,,,,,,,22.650081634521484,13.379135131835938,11.099653244018555,2.250286102294922,,,,,,4.0,51.60203552246094,154.4171142578125,,,,,,,,,,,,,,,,,,,,,,,,,,,snapshot_layer,2,phase2-selected,,,,,,,,,,,,,,,,
,,,I_shuffle,,1.229844093322754,0.9992744326591492,18.774892807006836,17.13715934753418,15.156656265258789,3.977818250656128,0.025525061413645744,0.0,,,,,,117.84947967529297,117.76713562011719,1.665238380432129,1.6652381420135498,0.0017821398745227934,1741.5701904296875,1732.40966796875,41.732120513916016,41.62222671508789,41.732120513916016,41.66606903076172,0.03711570426821709,0.0017824291042391194,8.0,,,,32.88691711425781,0.025525061413645744,17.79503059387207,16.402061462402344,1.16607666015625,4.0,4.0,two_level,short_slots,prompt_summary,4.0,structured_support_set,,,,,,50.583953857421875,,13.565791130065918,11.082894325256348,2.259700298309326,4.0,,,0.5000720620155334,6.0139653214719146e-05,,,0.6931482553482056,0.6931482553482056,0.6931481957435608,0.0,0.7699673771858215,-0.0010538561036810279,0.7699673771858215,-0.0010538561036810279,0.0,0.0,,4.0,-0.0016275846865028143,0.0,0.009364188648760319,0.0037014782428741455,0.25,1.0,1.229844093322754,0.9992744326591492,8.0,1.0,snapshot_aggregate,2,phase2-selected,,6.0,96.11900329589844,39.24199295043945,39.24042892456055,0.0016349905636161566,,,117.84947967529297,,,,41.732120513916016,41.66606903076172,0.03711570426821709,
,,,I_shuffle,,,,,,,,,,0,,,,,,,,,,,,,,,,,,,,,,,,,,,,,,,,,,,22.413402557373047,13.158509254455566,10.980647087097168,2.238215208053589,,,,,,4.0,2204.56396484375,13.05361270904541,,,,,,,,,,,,,,,,,,,,,,,,,,,snapshot_layer,2,phase2-selected,,,,,,,,,,,,,,,,
,,,I_shuffle,,,,,,,,,,7,,,,,,,,,,,,,,,,,,,,,,,,,,,,,,,,,,,22.78428077697754,13.359143257141113,11.176259994506836,2.2095460891723633,,,,,,4.0,102.68110656738281,25.537826538085938,,,,,,,,,,,,,,,,,,,,,,,,,,,snapshot_layer,2,phase2-selected,,,,,,,,,,,,,,,,
,,,I_shuffle,,,,,,,,,,14,,,,,,,,,,,,,,,,,,,,,,,,,,,,,,,,,,,22.392539978027344,13.05644416809082,11.000704765319824,2.087352752685547,,,,,,4.0,60.49821090698242,44.673954010009766,,,,,,,,,,,,,,,,,,,,,,,,,,,snapshot_layer,2,phase2-selected,,,,,,,,,,,,,,,,
,,,I_shuffle,,,,,,,,,,21,,,,,,,,,,,,,,,,,,,,,,,,,,,,,,,,,,,22.813276290893555,13.565791130065918,11.134651184082031,2.478351354598999,,,,,,4.0,40.91201400756836,51.674354553222656,,,,,,,,,,,,,,,,,,,,,,,,,,,snapshot_layer,2,phase2-selected,,,,,,,,,,,,,,,,
,,,I_shuffle,,,,,,,,,,27,,,,,,,,,,,,,,,,,,,,,,,,,,,,,,,,,,,22.698741912841797,13.395947456359863,11.12220573425293,2.260554313659668,,,,,,4.0,51.573184967041016,154.32945251464844,,,,,,,,,,,,,,,,,,,,,,,,,,,snapshot_layer,2,phase2-selected,,,,,,,,,,,,,,,,
,,,I_zero,,0.0,0.0,0.0,0.0,0.0,0.0,0.0,0.0,,,,,,0.0,0.0,0.0,0.0,0.0,0.0,0.0,0.0,0.0,0.0,0.0,0.0,0.0,8.0,,,,0.0,0.0,0.0,0.0,0.0,4.0,4.0,two_level,short_slots,prompt_summary,4.0,pooled_block,,,,,,0.743331253528595,,0.1970457285642624,0.16433371603488922,0.024929983541369438,4.0,,,0.0,0.0,,,1.473654492656351e-06,1.473654492656351e-06,1.473654492656351e-06,0.0,0.0,0.0,0.0,0.0,0.0,0.0,,4.0,0.0,0.0,0.0,0.0,1.0,0.25,0.0,0.0,8.0,0.0,snapshot_aggregate,2,phase2-selected,,0.0,0.0,0.0,0.0,0.0,,,0.0,,,,0.0,0.0,0.0,
,,,I_zero,,,,,,,,,,0,,,,,,,,,,,,,,,,,,,,,,,,,,,,,,,,,,,0.24294143915176392,0.12149020284414291,0.12149020284414291,0.0,,,,,,4.0,2200.265625,19.26621437072754,,,,,,,,,,,,,,,,,,,,,,,,,,,snapshot_layer,2,phase2-selected,,,,,,,,,,,,,,,,
,,,I_zero,,,,,,,,,,7,,,,,,,,,,,,,,,,,,,,,,,,,,,,,,,,,,,0.3318038880825043,0.1658903807401657,0.1658903807401657,0.0,,,,,,4.0,109.58971405029297,51.37620162963867,,,,,,,,,,,,,,,,,,,,,,,,,,,snapshot_layer,2,phase2-selected,,,,,,,,,,,,,,,,
,,,I_zero,,,,,,,,,,14,,,,,,,,,,,,,,,,,,,,,,,,,,,,,,,,,,,0.31918904185295105,0.15960198640823364,0.15960198640823364,0.0,,,,,,4.0,115.8324966430664,88.78581237792969,,,,,,,,,,,,,,,,,,,,,,,,,,,snapshot_layer,2,phase2-selected,,,,,,,,,,,,,,,,
,,,I_zero,,,,,,,,,,21,,,,,,,,,,,,,,,,,,,,,,,,,,,,,,,,,,,0.3552398085594177,0.17764031887054443,0.17764031887054443,0.0,,,,,,4.0,61.02933120727539,88.6976547241211,,,,,,,,,,,,,,,,,,,,,,,,,,,snapshot_layer,2,phase2-selected,,,,,,,,,,,,,,,,
,,,I_zero,,,,,,,,,,27,,,,,,,,,,,,,,,,,,,,,,,,,,,,,,,,,,,0.3940983712673187,0.1970457285642624,0.1970457285642624,0.0,,,,,,4.0,90.47187042236328,159.09034729003906,,,,,,,,,,,,,,,,,,,,,,,,,,,snapshot_layer,2,phase2-selected,,,,,,,,,,,,,,,,
,,,I_real,,1.2226451635360718,0.9993259906768799,16.449247360229492,11.162581443786621,10.18620491027832,3.9079837799072266,0.2714080810546875,0.0,,,,,,117.7693099975586,117.68692779541016,1.6652382612228394,1.6652380228042603,0.001735492729526815,1738.0709228515625,1728.1041259765625,41.690181732177734,41.570472717285156,41.690181732177734,41.63772201538086,0.03613590449094772,0.001737729886697094,8.0,,,,24.427501678466797,0.2714080810546875,12.743304252624512,12.207622528076172,0.38689833879470825,4.0,4.0,two_level,short_slots,prompt_summary,4.0,structured_support_set,,,,,,27.534055709838867,,9.051036834716797,5.761016845703125,2.1718475818634033,4.0,,,0.5000767111778259,5.441561734187417e-05,,,0.6931482553482056,0.6931482553482056,0.6931482553482056,0.0,0.7700283527374268,-0.0010432818671688437,0.7700283527374268,-0.0010432818671688437,0.0,0.0,,4.0,-0.0016768622444942594,0.0,0.009604435414075851,0.003729266347363591,0.25,1.0,1.2226451635360718,0.9993259906768799,8.0,1.0,snapshot_aggregate,4,phase2-selected,,6.0,96.11909484863281,39.2425422668457,39.24045944213867,0.001620592433027923,,,117.7693099975586,,,,41.690181732177734,41.63772201538086,0.03613590449094772,
,,,I_real,,,,,,,,,,0,,,,,,,,,,,,,,,,,,,,,,,,,,,,,,,,,,,12.181448936462402,8.787001609802246,5.695878982543945,2.1570706367492676,,,,,,4.0,2204.80224609375,13.187676429748535,,,,,,,,,,,,,,,,,,,,,,,,,,,snapshot_layer,4,phase2-selected,,,,,,,,,,,,,,,,
,,,I_real,,,,,,,,,,7,,,,,,,,,,,,,,,,,,,,,,,,,,,,,,,,,,,12.413840293884277,8.98241901397705,5.8107733726501465,2.181166648864746,,,,,,4.0,102.9119644165039,25.44948387145996,,,,,,,,,,,,,,,,,,,,,,,,,,,snapshot_layer,4,phase2-selected,,,,,,,,,,,,,,,,
,,,I_real,,,,,,,,,,14,,,,,,,,,,,,,,,,,,,,,,,,,,,,,,,,,,,12.159411430358887,8.726017951965332,5.718726634979248,2.0644829273223877,,,,,,4.0,60.51242446899414,43.992347717285156,,,,,,,,,,,,,,,,,,,,,,,,,,,snapshot_layer,4,phase2-selected,,,,,,,,,,,,,,,,
,,,I_real,,,,,,,,,,21,,,,,,,,,,,,,,,,,,,,,,,,,,,,,,,,,,,12.495903015136719,9.051036834716797,5.815561771392822,2.2824440002441406,,,,,,4.0,39.715309143066406,51.473934173583984,,,,,,,,,,,,,,,,,,,,,,,,,,,snapshot_layer,4,phase2-selected,,,,,,,,,,,,,,,,
,,,I_real,,,,,,,,,,27,,,,,,,,,,,,,,,,,,,,,,,,,,,,,,,,,,,12.316143989562988,8.940412521362305,5.764143943786621,2.165879487991333,,,,,,4.0,51.77296447753906,155.00296020507812,,,,,,,,,,,,,,,,,,,,,,,,,,,snapshot_layer,4,phase2-selected,,,,,,,,,,,,,,,,
,,,I_shuffle,,1.2258317470550537,0.9993035197257996,16.485137939453125,11.165351867675781,10.211991310119629,3.907456636428833,0.27227792143821716,0.0,,,,,,117.84947967529297,117.76713562011719,1.665238380432129,1.6652381420135498,0.0017821398745227934,1741.5701904296875,1732.40966796875,41.732120513916016,41.62222671508789,41.732120513916016,41.66606903076172,0.03711570426821709,0.0017824291042391194,8.0,,,,24.462574005126953,0.27227792143821716,12.768664360046387,12.224922180175781,0.3946114480495453,4.0,4.0,two_level,short_slots,prompt_summary,4.0,structured_support_set,,,,,,27.576263427734375,,9.011738777160645,5.776823043823242,2.1565818786621094,4.0,,,0.5000715851783752,6.0511370975291356e-05,,,0.6931482553482056,0.6931482553482056,0.6931481957435608,0.0,0.7700162529945374,-0.0010501438518986106,0.7700162529945374,-0.0010501438518986106,0.0,0.0,,4.0,-0.001634076819755137,0.0,0.009353354573249817,0.0037048470694571733,0.25,1.0,1.2258317470550537,0.9993035197257996,8.0,1.0,snapshot_aggregate,4,phase2-selected,,6.0,96.11900329589844,39.24199295043945,39.24042892456055,0.0016349905636161566,,,117.84947967529297,,,,41.732120513916016,41.66606903076172,0.03711570426821709,
,,,I_shuffle,,,,,,,,,,0,,,,,,,,,,,,,,,,,,,,,,,,,,,,,,,,,,,12.202178001403809,8.750560760498047,5.71263313293457,2.141563892364502,,,,,,4.0,2204.475341796875,13.167004585266113,,,,,,,,,,,,,,,,,,,,,,,,,,,snapshot_layer,4,phase2-selected,,,,,,,,,,,,,,,,
,,,I_shuffle,,,,,,,,,,7,,,,,,,,,,,,,,,,,,,,,,,,,,,,,,,,,,,12.43008041381836,8.943216323852539,5.825995922088623,2.1637091636657715,,,,,,4.0,102.86510467529297,25.422765731811523,,,,,,,,,,,,,,,,,,,,,,,,,,,snapshot_layer,4,phase2-selected,,,,,,,,,,,,,,,,
,,,I_shuffle,,,,,,,,,,14,,,,,,,,,,,,,,,,,,,,,,,,,,,,,,,,,,,12.181092262268066,8.694624900817871,5.735393524169922,2.051584243774414,,,,,,4.0,60.42519760131836,44.04182052612305,,,,,,,,,,,,,,,,,,,,,,,,,,,snapshot_layer,4,phase2-selected,,,,,,,,,,,,,,,,
,,,I_shuffle,,,,,,,,,,21,,,,,,,,,,,,,,,,,,,,,,,,,,,,,,,,,,,12.511577606201172,9.011738777160645,5.8303608894348145,2.2681522369384766,,,,,,4.0,39.75722885131836,51.45091247558594,,,,,,,,,,,,,,,,,,,,,,,,,,,snapshot_layer,4,phase2-selected,,,,,,,,,,,,,,,,
,,,I_shuffle,,,,,,,,,,27,,,,,,,,,,,,,,,,,,,,,,,,,,,,,,,,,,,12.332714080810547,8.90390396118164,5.779731750488281,2.1498022079467773,,,,,,4.0,51.746524810791016,154.84909057617188,,,,,,,,,,,,,,,,,,,,,,,,,,,snapshot_layer,4,phase2-selected,,,,,,,,,,,,,,,,
,,,I_zero,,0.0,0.0,0.0,0.0,0.0,0.0,0.0,0.0,,,,,,0.0,0.0,0.0,0.0,0.0,0.0,0.0,0.0,0.0,0.0,0.0,0.0,0.0,8.0,,,,0.0,0.0,0.0,0.0,0.0,4.0,4.0,two_level,short_slots,prompt_summary,4.0,pooled_block,,,,,,0.743331253528595,,0.1970457285642624,0.16433371603488922,0.024929983541369438,4.0,,,0.0,0.0,,,1.473654492656351e-06,1.473654492656351e-06,1.473654492656351e-06,0.0,0.0,0.0,0.0,0.0,0.0,0.0,,4.0,0.0,0.0,0.0,0.0,1.0,0.25,0.0,0.0,8.0,0.0,snapshot_aggregate,4,phase2-selected,,0.0,0.0,0.0,0.0,0.0,,,0.0,,,,0.0,0.0,0.0,
,,,I_zero,,,,,,,,,,0,,,,,,,,,,,,,,,,,,,,,,,,,,,,,,,,,,,0.24294143915176392,0.12149020284414291,0.12149020284414291,0.0,,,,,,4.0,2200.265625,19.26621437072754,,,,,,,,,,,,,,,,,,,,,,,,,,,snapshot_layer,4,phase2-selected,,,,,,,,,,,,,,,,
,,,I_zero,,,,,,,,,,7,,,,,,,,,,,,,,,,,,,,,,,,,,,,,,,,,,,0.3318038880825043,0.1658903807401657,0.1658903807401657,0.0,,,,,,4.0,109.58971405029297,51.37620162963867,,,,,,,,,,,,,,,,,,,,,,,,,,,snapshot_layer,4,phase2-selected,,,,,,,,,,,,,,,,
,,,I_zero,,,,,,,,,,14,,,,,,,,,,,,,,,,,,,,,,,,,,,,,,,,,,,0.31918904185295105,0.15960198640823364,0.15960198640823364,0.0,,,,,,4.0,115.8324966430664,88.78581237792969,,,,,,,,,,,,,,,,,,,,,,,,,,,snapshot_layer,4,phase2-selected,,,,,,,,,,,,,,,,
,,,I_zero,,,,,,,,,,21,,,,,,,,,,,,,,,,,,,,,,,,,,,,,,,,,,,0.3552398085594177,0.17764031887054443,0.17764031887054443,0.0,,,,,,4.0,61.02933120727539,88.6976547241211,,,,,,,,,,,,,,,,,,,,,,,,,,,snapshot_layer,4,phase2-selected,,,,,,,,,,,,,,,,
,,,I_zero,,,,,,,,,,27,,,,,,,,,,,,,,,,,,,,,,,,,,,,,,,,,,,0.3940983712673187,0.1970457285642624,0.1970457285642624,0.0,,,,,,4.0,90.47187042236328,159.09034729003906,,,,,,,,,,,,,,,,,,,,,,,,,,,snapshot_layer,4,phase2-selected,,,,,,,,,,,,,,,,
,,,I_real,,1.2140259742736816,0.9993850588798523,36.0186767578125,14.493979454040527,13.79277515411377,3.600067615509033,0.5852324366569519,0.0,,,,,,117.7693099975586,117.68692779541016,1.6652382612228394,1.6652380228042603,0.001735492729526815,1738.0709228515625,1728.1041259765625,41.690181732177734,41.570472717285156,41.690181732177734,41.63772201538086,0.03613590449094772,0.001737729886697094,8.0,,,,43.39791488647461,0.5852324366569519,22.18766975402832,21.697025299072266,0.28983592987060547,4.0,4.0,two_level,short_slots,prompt_summary,4.0,structured_support_set,,,,,,12.305704116821289,,4.249871253967285,2.4602067470550537,1.2324382066726685,4.0,,,0.5000782012939453,5.563582817558199e-05,,,0.6931482553482056,0.6931482553482056,0.6931481957435608,0.0,0.7701781988143921,-0.0010473988950252533,0.7701781988143921,-0.0010473988950252533,0.0,0.0,,4.0,-0.001671210746280849,0.0,0.00961705669760704,0.0037256982177495956,0.25,1.0,1.2140259742736816,0.9993850588798523,8.0,1.0,snapshot_aggregate,8,phase2-selected,,6.0,96.11909484863281,39.2425422668457,39.24045944213867,0.001620592433027923,,,117.7693099975586,,,,41.690181732177734,41.63772201538086,0.03613590449094772,
,,,I_real,,,,,,,,,,0,,,,,,,,,,,,,,,,,,,,,,,,,,,,,,,,,,,5.456264495849609,4.120467185974121,2.4377994537353516,1.2247180938720703,,,,,,4.0,2204.357177734375,12.79243278503418,,,,,,,,,,,,,,,,,,,,,,,,,,,snapshot_layer,8,phase2-selected,,,,,,,,,,,,,,,,
,,,I_real,,,,,,,,,,7,,,,,,,,,,,,,,,,,,,,,,,,,,,,,,,,,,,5.530564785003662,4.1893534660339355,2.4698593616485596,1.243648886680603,,,,,,4.0,103.60643005371094,25.405006408691406,,,,,,,,,,,,,,,,,,,,,,,,,,,snapshot_layer,8,phase2-selected,,,,,,,,,,,,,,,,
,,,I_real,,,,,,,,,,14,,,,,,,,,,,,,,,,,,,,,,,,,,,,,,,,,,,5.450138568878174,4.089901924133301,2.4482226371765137,1.19680655002594,,,,,,4.0,61.24416732788086,42.90763854980469,,,,,,,,,,,,,,,,,,,,,,,,,,,snapshot_layer,8,phase2-selected,,,,,,,,,,,,,,,,
,,,I_real,,,,,,,,,,21,,,,,,,,,,,,,,,,,,,,,,,,,,,,,,,,,,,5.623710632324219,4.249871253967285,2.5026464462280273,1.2821861505508423,,,,,,4.0,39.881927490234375,51.70256042480469,,,,,,,,,,,,,,,,,,,,,,,,,,,snapshot_layer,8,phase2-selected,,,,,,,,,,,,,,,,
,,,I_real,,,,,,,,,,27,,,,,,,,,,,,,,,,,,,,,,,,,,,,,,,,,,,5.453342437744141,4.1303534507751465,2.442507743835449,1.211908221244812,,,,,,4.0,50.22642517089844,157.97259521484375,,,,,,,,,,,,,,,,,,,,,,,,,,,snapshot_layer,8,phase2-selected,,,,,,,,,,,,,,,,
,,,I_shuffle,,1.216610074043274,0.9993677139282227,36.22102737426758,14.561244010925293,13.819398880004883,3.5988974571228027,0.5860589742660522,0.0,,,,,,117.84947967529297,117.76713562011719,1.665238380432129,1.6652381420135498,0.0017821398745227934,1741.5701904296875,1732.40966796875,41.732120513916016,41.62222671508789,41.732120513916016,41.66606903076172,0.03711570426821709,0.0017824291042391194,8.0,,,,43.623046875,0.5860589742660522,22.309959411621094,21.809555053710938,0.29311415553092957,4.0,4.0,two_level,short_slots,prompt_summary,4.0,structured_support_set,,,,,,12.042131423950195,,4.165498733520508,2.387619733810425,1.2449557781219482,4.0,,,0.5000715255737305,6.060242958483286e-05,,,0.6931482553482056,0.6931482553482056,0.6931481957435608,0.0,0.7701568603515625,-0.0010614966740831733,0.7701568603515625,-0.0010614966740831733,0.0,0.0,,4.0,-0.0016374746337532997,0.0,0.00936039723455906,0.0037024575285613537,0.25,1.0,1.216610074043274,0.9993677139282227,8.0,1.0,snapshot_aggregate,8,phase2-selected,,6.0,96.11900329589844,39.24199295043945,39.24042892456055,0.0016349905636161566,,,117.84947967529297,,,,41.732120513916016,41.66606903076172,0.03711570426821709,
,,,I_shuffle,,,,,,,,,,0,,,,,,,,,,,,,,,,,,,,,,,,,,,,,,,,,,,5.335833549499512,4.03883695602417,2.3621926307678223,1.239858865737915,,,,,,4.0,2204.892822265625,12.792380332946777,,,,,,,,,,,,,,,,,,,,,,,,,,,snapshot_layer,8,phase2-selected,,,,,,,,,,,,,,,,
,,,I_shuffle,,,,,,,,,,7,,,,,,,,,,,,,,,,,,,,,,,,,,,,,,,,,,,5.414790153503418,4.107719421386719,2.3985230922698975,1.2556791305541992,,,,,,4.0,103.58281707763672,25.374191284179688,,,,,,,,,,,,,,,,,,,,,,,,,,,snapshot_layer,8,phase2-selected,,,,,,,,,,,,,,,,
,,,I_shuffle,,,,,,,,,,14,,,,,,,,,,,,,,,,,,,,,,,,,,,,,,,,,,,5.335989952087402,4.009982109069824,2.3773598670959473,1.2104846239089966,,,,,,4.0,61.46046829223633,42.79488754272461,,,,,,,,,,,,,,,,,,,,,,,,,,,snapshot_layer,8,phase2-selected,,,,,,,,,,,,,,,,
,,,I_shuffle,,,,,,,,,,21,,,,,,,,,,,,,,,,,,,,,,,,,,,,,,,,,,,5.50408935546875,4.165498733520508,2.4302079677581787,1.2918621301651,,,,,,4.0,39.89711380004883,51.961830139160156,,,,,,,,,,,,,,,,,,,,,,,,,,,snapshot_layer,8,phase2-selected,,,,,,,,,,,,,,,,
,,,I_shuffle,,,,,,,,,,27,,,,,,,,,,,,,,,,,,,,,,,,,,,,,,,,,,,5.334461212158203,4.049066543579102,2.3698153495788574,1.224096417427063,,,,,,4.0,50.60016632080078,158.7302703857422,,,,,,,,,,,,,,,,,,,,,,,,,,,snapshot_layer,8,phase2-selected,,,,,,,,,,,,,,,,
,,,I_zero,,0.0,0.0,0.0,0.0,0.0,0.0,0.0,0.0,,,,,,0.0,0.0,0.0,0.0,0.0,0.0,0.0,0.0,0.0,0.0,0.0,0.0,0.0,8.0,,,,0.0,0.0,0.0,0.0,0.0,4.0,4.0,two_level,short_slots,prompt_summary,4.0,pooled_block,,,,,,0.743331253528595,,0.1970457285642624,0.16433371603488922,0.024929983541369438,4.0,,,0.0,0.0,,,1.473654492656351e-06,1.473654492656351e-06,1.473654492656351e-06,0.0,0.0,0.0,0.0,0.0,0.0,0.0,,4.0,0.0,0.0,0.0,0.0,1.0,0.25,0.0,0.0,8.0,0.0,snapshot_aggregate,8,phase2-selected,,0.0,0.0,0.0,0.0,0.0,,,0.0,,,,0.0,0.0,0.0,
,,,I_zero,,,,,,,,,,0,,,,,,,,,,,,,,,,,,,,,,,,,,,,,,,,,,,0.24294143915176392,0.12149020284414291,0.12149020284414291,0.0,,,,,,4.0,2200.265625,19.26621437072754,,,,,,,,,,,,,,,,,,,,,,,,,,,snapshot_layer,8,phase2-selected,,,,,,,,,,,,,,,,
,,,I_zero,,,,,,,,,,7,,,,,,,,,,,,,,,,,,,,,,,,,,,,,,,,,,,0.3318038880825043,0.1658903807401657,0.1658903807401657,0.0,,,,,,4.0,109.58971405029297,51.37620162963867,,,,,,,,,,,,,,,,,,,,,,,,,,,snapshot_layer,8,phase2-selected,,,,,,,,,,,,,,,,
,,,I_zero,,,,,,,,,,14,,,,,,,,,,,,,,,,,,,,,,,,,,,,,,,,,,,0.31918904185295105,0.15960198640823364,0.15960198640823364,0.0,,,,,,4.0,115.8324966430664,88.78581237792969,,,,,,,,,,,,,,,,,,,,,,,,,,,snapshot_layer,8,phase2-selected,,,,,,,,,,,,,,,,
,,,I_zero,,,,,,,,,,21,,,,,,,,,,,,,,,,,,,,,,,,,,,,,,,,,,,0.3552398085594177,0.17764031887054443,0.17764031887054443,0.0,,,,,,4.0,61.02933120727539,88.6976547241211,,,,,,,,,,,,,,,,,,,,,,,,,,,snapshot_layer,8,phase2-selected,,,,,,,,,,,,,,,,
,,,I_zero,,,,,,,,,,27,,,,,,,,,,,,,,,,,,,,,,,,,,,,,,,,,,,0.3940983712673187,0.1970457285642624,0.1970457285642624,0.0,,,,,,4.0,90.47187042236328,159.09034729003906,,,,,,,,,,,,,,,,,,,,,,,,,,,snapshot_layer,8,phase2-selected,,,,,,,,,,,,,,,,
,,,I_real,,1.2080901861190796,0.9994239807128906,62.59125900268555,16.412939071655273,15.469956398010254,3.1739823818206787,0.7878126502037048,0.0,,,,,,117.77151489257812,117.68913269042969,1.6657229661941528,1.665539264678955,0.0017316267691750444,1738.1285400390625,1728.166015625,41.69086837768555,41.57121658325195,41.69086837768555,41.638511657714844,0.036056049168109894,0.0017338898051068527,8.0,,,,68.25933837890625,0.7878126502037048,34.711219787597656,34.127540588378906,0.3814867436885834,4.0,4.0,two_level,short_slots,prompt_summary,4.0,structured_support_set,,,,,,10.05063533782959,,3.2756524085998535,2.07704496383667,0.8582794070243835,4.0,,,0.5000790357589722,5.619322109851055e-05,,,0.6931482553482056,0.6931482553482056,0.693148136138916,0.0,0.7703144550323486,-0.0010070267599076033,0.7703144550323486,-0.0010070267599076033,0.0,0.0,,4.0,-0.001686643110588193,0.0,0.009588897228240967,0.0036986004561185837,0.25,1.0,1.2080901861190796,0.9994239807128906,8.0,1.0,snapshot_aggregate,12,phase2-selected,,6.0,96.12071990966797,39.24322509765625,39.241119384765625,0.0016652373597025871,,,117.77151489257812,,,,41.69086837768555,41.638511657714844,0.036056049168109894,
,,,I_real,,,,,,,,,,0,,,,,,,,,,,,,,,,,,,,,,,,,,,,,,,,,,,4.458847522735596,3.183485269546509,2.062804698944092,0.8459187746047974,,,,,,4.0,2204.296875,12.723666191101074,,,,,,,,,,,,,,,,,,,,,,,,,,,snapshot_layer,12,phase2-selected,,,,,,,,,,,,,,,,
,,,I_real,,,,,,,,,,7,,,,,,,,,,,,,,,,,,,,,,,,,,,,,,,,,,,4.5160956382751465,3.220459222793579,2.0868818759918213,0.8627815842628479,,,,,,4.0,103.71123504638672,25.685976028442383,,,,,,,,,,,,,,,,,,,,,,,,,,,snapshot_layer,12,phase2-selected,,,,,,,,,,,,,,,,
,,,I_real,,,,,,,,,,14,,,,,,,,,,,,,,,,,,,,,,,,,,,,,,,,,,,4.453952789306641,3.1575546264648438,2.0654282569885254,0.8325853943824768,,,,,,4.0,61.43099594116211,44.803985595703125,,,,,,,,,,,,,,,,,,,,,,,,,,,snapshot_layer,12,phase2-selected,,,,,,,,,,,,,,,,
,,,I_real,,,,,,,,,,21,,,,,,,,,,,,,,,,,,,,,,,,,,,,,,,,,,,4.603837490081787,3.2756524085998535,2.1187429428100586,0.9003053307533264,,,,,,4.0,41.32773208618164,51.863677978515625,,,,,,,,,,,,,,,,,,,,,,,,,,,snapshot_layer,12,phase2-selected,,,,,,,,,,,,,,,,
,,,I_real,,,,,,,,,,27,,,,,,,,,,,,,,,,,,,,,,,,,,,,,,,,,,,4.438205718994141,3.1571550369262695,2.051367998123169,0.8465616106987,,,,,,4.0,50.68950271606445,154.78712463378906,,,,,,,,,,,,,,,,,,,,,,,,,,,snapshot_layer,12,phase2-selected,,,,,,,,,,,,,,,,
,,,I_shuffle,,1.210218906402588,0.9994103312492371,62.71817398071289,16.421314239501953,15.444040298461914,3.1711087226867676,0.7887781858444214,0.0,,,,,,117.85227966308594,117.76996612548828,1.6653791666030884,1.6652872562408447,0.001784761746710477,1741.6529541015625,1732.48095703125,41.733116149902344,41.623077392578125,41.733116149902344,41.66706466674805,0.0371723510324955,0.0017851033719182424,8.0,,,,68.36931610107422,0.7887781858444214,34.744117736816406,34.18278503417969,0.3575926423072815,4.0,4.0,two_level,short_slots,prompt_summary,4.0,structured_support_set,,,,,,10.164624214172363,,3.322009325027466,2.0875368118286133,0.8989832401275635,4.0,,,0.5000718235969543,6.0698170273099095e-05,,,0.6931482553482056,0.6931482553482056,0.6931481957435608,0.0,0.7702867388725281,-0.0010264776647090912,0.7702867388725281,-0.0010264776647090912,0.0,0.0,,4.0,-0.0016497175674885511,0.0,0.009323321282863617,0.0036743131931871176,0.25,1.0,1.210218906402588,0.9994103312492371,8.0,1.0,snapshot_aggregate,12,phase2-selected,,6.0,96.12036895751953,39.24253845214844,39.2409782409668,0.00168774020858109,,,117.85227966308594,,,,41.733116149902344,41.66706466674805,0.0371723510324955,
,,,I_shuffle,,,,,,,,,,0,,,,,,,,,,,,,,,,,,,,,,,,,,,,,,,,,,,4.507441520690918,3.236393928527832,2.0696117877960205,0.8923442363739014,,,,,,4.0,2204.373046875,12.728611946105957,,,,,,,,,,,,,,,,,,,,,,,,,,,snapshot_layer,12,phase2-selected,,,,,,,,,,,,,,,,
,,,I_shuffle,,,,,,,,,,7,,,,,,,,,,,,,,,,,,,,,,,,,,,,,,,,,,,4.570831298828125,3.2645928859710693,2.100334405899048,0.9006115794181824,,,,,,4.0,103.4908447265625,25.674230575561523,,,,,,,,,,,,,,,,,,,,,,,,,,,snapshot_layer,12,phase2-selected,,,,,,,,,,,,,,,,
,,,I_shuffle,,,,,,,,,,14,,,,,,,,,,,,,,,,,,,,,,,,,,,,,,,,,,,4.510353088378906,3.2053966522216797,2.0791962146759033,0.873213529586792,,,,,,4.0,61.28529739379883,44.370235443115234,,,,,,,,,,,,,,,,,,,,,,,,,,,snapshot_layer,12,phase2-selected,,,,,,,,,,,,,,,,
,,,I_shuffle,,,,,,,,,,21,,,,,,,,,,,,,,,,,,,,,,,,,,,,,,,,,,,4.6573920249938965,3.322009325027466,2.1305794715881348,0.9399935007095337,,,,,,4.0,41.06040954589844,52.07215881347656,,,,,,,,,,,,,,,,,,,,,,,,,,,snapshot_layer,12,phase2-selected,,,,,,,,,,,,,,,,
,,,I_shuffle,,,,,,,,,,27,,,,,,,,,,,,,,,,,,,,,,,,,,,,,,,,,,,4.4806413650512695,3.1992905139923096,2.0579617023468018,0.8854960203170776,,,,,,4.0,50.385616302490234,155.6510467529297,,,,,,,,,,,,,,,,,,,,,,,,,,,snapshot_layer,12,phase2-selected,,,,,,,,,,,,,,,,
,,,I_zero,,0.0,0.0,0.0,0.0,0.0,0.0,0.0,0.0,,,,,,0.0,0.0,0.0,0.0,0.0,0.0,0.0,0.0,0.0,0.0,0.0,0.0,0.0,8.0,,,,0.0,0.0,0.0,0.0,0.0,4.0,4.0,two_level,short_slots,prompt_summary,4.0,pooled_block,,,,,,0.743331253528595,,0.1970457285642624,0.16433371603488922,0.024929983541369438,4.0,,,0.0,0.0,,,1.473654492656351e-06,1.473654492656351e-06,1.473654492656351e-06,0.0,0.0,0.0,0.0,0.0,0.0,0.0,,4.0,0.0,0.0,0.0,0.0,1.0,0.25,0.0,0.0,8.0,0.0,snapshot_aggregate,12,phase2-selected,,0.0,0.0,0.0,0.0,0.0,,,0.0,,,,0.0,0.0,0.0,
,,,I_zero,,,,,,,,,,0,,,,,,,,,,,,,,,,,,,,,,,,,,,,,,,,,,,0.24294143915176392,0.12149020284414291,0.12149020284414291,0.0,,,,,,4.0,2200.265625,19.26621437072754,,,,,,,,,,,,,,,,,,,,,,,,,,,snapshot_layer,12,phase2-selected,,,,,,,,,,,,,,,,
,,,I_zero,,,,,,,,,,7,,,,,,,,,,,,,,,,,,,,,,,,,,,,,,,,,,,0.3318038880825043,0.1658903807401657,0.1658903807401657,0.0,,,,,,4.0,109.58971405029297,51.37620162963867,,,,,,,,,,,,,,,,,,,,,,,,,,,snapshot_layer,12,phase2-selected,,,,,,,,,,,,,,,,
,,,I_zero,,,,,,,,,,14,,,,,,,,,,,,,,,,,,,,,,,,,,,,,,,,,,,0.31918904185295105,0.15960198640823364,0.15960198640823364,0.0,,,,,,4.0,115.8324966430664,88.78581237792969,,,,,,,,,,,,,,,,,,,,,,,,,,,snapshot_layer,12,phase2-selected,,,,,,,,,,,,,,,,
,,,I_zero,,,,,,,,,,21,,,,,,,,,,,,,,,,,,,,,,,,,,,,,,,,,,,0.3552398085594177,0.17764031887054443,0.17764031887054443,0.0,,,,,,4.0,61.02933120727539,88.6976547241211,,,,,,,,,,,,,,,,,,,,,,,,,,,snapshot_layer,12,phase2-selected,,,,,,,,,,,,,,,,
,,,I_zero,,,,,,,,,,27,,,,,,,,,,,,,,,,,,,,,,,,,,,,,,,,,,,0.3940983712673187,0.1970457285642624,0.1970457285642624,0.0,,,,,,4.0,90.47187042236328,159.09034729003906,,,,,,,,,,,,,,,,,,,,,,,,,,,snapshot_layer,12,phase2-selected,,,,,,,,,,,,,,,,
,,,I_real,,1.2041939496994019,0.9994486570358276,72.7099380493164,12.341376304626465,12.076180458068848,2.7163312435150146,0.8989726901054382,0.0,,,,,,117.77062225341797,117.68822479248047,1.665733814239502,1.6654740571975708,0.0017276011058701252,1738.091064453125,1728.1650390625,41.6904182434082,41.571205139160156,41.6904182434082,41.63818359375,0.035971883684396744,0.0017299039336986532,8.0,,,,75.63214874267578,0.8989726901054382,38.15633773803711,37.815345764160156,0.23434904217720032,4.0,4.0,two_level,short_slots,prompt_summary,4.0,structured_support_set,,,,,,7.543270111083984,,2.4120125770568848,1.5832020044326782,0.5818226933479309,4.0,,,0.5000792741775513,5.648711885442026e-05,,,0.6931482553482056,0.6931482553482056,0.6931481957435608,0.0,0.7703688144683838,-0.0008859069785103202,0.7703688144683838,-0.0008859069785103202,0.0,0.0,,4.0,-0.001682940637692809,0.0,0.009578963741660118,0.003680370980873704,0.25,1.0,1.2041939496994019,0.9994486570358276,8.0,1.0,snapshot_aggregate,16,phase2-selected,,6.0,96.12059783935547,39.24309158325195,39.24106979370117,0.0015655765309929848,,,117.77062225341797,,,,41.6904182434082,41.63818359375,0.035971883684396744,
,,,I_real,,,,,,,,,,0,,,,,,,,,,,,,,,,,,,,,,,,,,,,,,,,,,,3.3369922637939453,2.3282768726348877,1.566404938697815,0.5744528770446777,,,,,,4.0,2204.47802734375,13.002102851867676,,,,,,,,,,,,,,,,,,,,,,,,,,,snapshot_layer,16,phase2-selected,,,,,,,,,,,,,,,,
,,,I_real,,,,,,,,,,7,,,,,,,,,,,,,,,,,,,,,,,,,,,,,,,,,,,3.4001708030700684,2.365705728530884,1.5957642793655396,0.5864099264144897,,,,,,4.0,103.98815155029297,25.19686508178711,,,,,,,,,,,,,,,,,,,,,,,,,,,snapshot_layer,16,phase2-selected,,,,,,,,,,,,,,,,
,,,I_real,,,,,,,,,,14,,,,,,,,,,,,,,,,,,,,,,,,,,,,,,,,,,,3.3503401279449463,2.309248208999634,1.577972412109375,0.562209963798523,,,,,,4.0,60.6703987121582,44.42967987060547,,,,,,,,,,,,,,,,,,,,,,,,,,,snapshot_layer,16,phase2-selected,,,,,,,,,,,,,,,,
,,,I_real,,,,,,,,,,21,,,,,,,,,,,,,,,,,,,,,,,,,,,,,,,,,,,3.4678735733032227,2.4120125770568848,1.623065710067749,0.6099419593811035,,,,,,4.0,43.1691780090332,51.936065673828125,,,,,,,,,,,,,,,,,,,,,,,,,,,snapshot_layer,16,phase2-selected,,,,,,,,,,,,,,,,
,,,I_real,,,,,,,,,,27,,,,,,,,,,,,,,,,,,,,,,,,,,,,,,,,,,,3.309976816177368,2.299138069152832,1.5528026819229126,0.5723859667778015,,,,,,4.0,51.432212829589844,154.98252868652344,,,,,,,,,,,,,,,,,,,,,,,,,,,snapshot_layer,16,phase2-selected,,,,,,,,,,,,,,,,
,,,I_shuffle,,1.2060402631759644,0.9994370937347412,72.52486419677734,12.37177562713623,12.014683723449707,2.717824935913086,0.8987119197845459,0.0,,,,,,117.85143280029297,117.76913452148438,1.6654059886932373,1.6652451753616333,0.0017822002418068637,1741.6185302734375,1732.443359375,41.732704162597656,41.62263107299805,41.732704162597656,41.66676712036133,0.037118591368198395,0.0017825493253604094,8.0,,,,75.4478530883789,0.8987119197845459,38.040748596191406,37.72333526611328,0.21148058772087097,4.0,4.0,two_level,short_slots,prompt_summary,4.0,structured_support_set,,,,,,8.038129806518555,,2.5242741107940674,1.6837173700332642,0.6290255784988403,4.0,,,0.5000719428062439,6.08319096500054e-05,,,0.6931482553482056,0.6931482553482056,0.6931481957435608,0.0,0.7703448534011841,-0.0009012743830680847,0.7703448534011841,-0.0009012743830680847,0.0,0.0,,4.0,-0.0016420029569417238,0.0,0.009311859495937824,0.003656549844890833,0.25,1.0,1.2060402631759644,0.9994370937347412,8.0,1.0,snapshot_aggregate,16,phase2-selected,,6.0,96.12073516845703,39.242759704589844,39.241127014160156,0.0016550818691030145,,,117.85143280029297,,,,41.732704162597656,41.66676712036133,0.037118591368198395,
,,,I_shuffle,,,,,,,,,,0,,,,,,,,,,,,,,,,,,,,,,,,,,,,,,,,,,,3.5604748725891113,2.452625274658203,1.667523741722107,0.6235612034797668,,,,,,4.0,2204.901123046875,13.004215240478516,,,,,,,,,,,,,,,,,,,,,,,,,,,snapshot_layer,16,phase2-selected,,,,,,,,,,,,,,,,
,,,I_shuffle,,,,,,,,,,7,,,,,,,,,,,,,,,,,,,,,,,,,,,,,,,,,,,3.6164777278900146,2.4795594215393066,1.6934479475021362,0.6339889764785767,,,,,,4.0,103.93933868408203,24.963815689086914,,,,,,,,,,,,,,,,,,,,,,,,,,,snapshot_layer,16,phase2-selected,,,,,,,,,,,,,,,,
,,,I_shuffle,,,,,,,,,,14,,,,,,,,,,,,,,,,,,,,,,,,,,,,,,,,,,,3.5769500732421875,2.436293601989746,1.6805801391601562,0.6119014024734497,,,,,,4.0,60.521400451660156,43.70355224609375,,,,,,,,,,,,,,,,,,,,,,,,,,,snapshot_layer,16,phase2-selected,,,,,,,,,,,,,,,,
,,,I_shuffle,,,,,,,,,,21,,,,,,,,,,,,,,,,,,,,,,,,,,,,,,,,,,,3.6911847591400146,2.5242741107940674,1.7263376712799072,0.6533800363540649,,,,,,4.0,41.90925979614258,52.01443862915039,,,,,,,,,,,,,,,,,,,,,,,,,,,snapshot_layer,16,phase2-selected,,,,,,,,,,,,,,,,
,,,I_shuffle,,,,,,,,,,27,,,,,,,,,,,,,,,,,,,,,,,,,,,,,,,,,,,3.525944709777832,2.4146883487701416,1.6506969928741455,0.6188642978668213,,,,,,4.0,49.63571548461914,154.80699157714844,,,,,,,,,,,,,,,,,,,,,,,,,,,snapshot_layer,16,phase2-selected,,,,,,,,,,,,,,,,
,,,I_zero,,0.0,0.0,0.0,0.0,0.0,0.0,0.0,0.0,,,,,,0.0,0.0,0.0,0.0,0.0,0.0,0.0,0.0,0.0,0.0,0.0,0.0,0.0,8.0,,,,0.0,0.0,0.0,0.0,0.0,4.0,4.0,two_level,short_slots,prompt_summary,4.0,pooled_block,,,,,,0.743331253528595,,0.1970457285642624,0.16433371603488922,0.024929983541369438,4.0,,,0.0,0.0,,,1.473654492656351e-06,1.473654492656351e-06,1.473654492656351e-06,0.0,0.0,0.0,0.0,0.0,0.0,0.0,,4.0,0.0,0.0,0.0,0.0,1.0,0.25,0.0,0.0,8.0,0.0,snapshot_aggregate,16,phase2-selected,,0.0,0.0,0.0,0.0,0.0,,,0.0,,,,0.0,0.0,0.0,
,,,I_zero,,,,,,,,,,0,,,,,,,,,,,,,,,,,,,,,,,,,,,,,,,,,,,0.24294143915176392,0.12149020284414291,0.12149020284414291,0.0,,,,,,4.0,2200.265625,19.26621437072754,,,,,,,,,,,,,,,,,,,,,,,,,,,snapshot_layer,16,phase2-selected,,,,,,,,,,,,,,,,
,,,I_zero,,,,,,,,,,7,,,,,,,,,,,,,,,,,,,,,,,,,,,,,,,,,,,0.3318038880825043,0.1658903807401657,0.1658903807401657,0.0,,,,,,4.0,109.58971405029297,51.37620162963867,,,,,,,,,,,,,,,,,,,,,,,,,,,snapshot_layer,16,phase2-selected,,,,,,,,,,,,,,,,
,,,I_zero,,,,,,,,,,14,,,,,,,,,,,,,,,,,,,,,,,,,,,,,,,,,,,0.31918904185295105,0.15960198640823364,0.15960198640823364,0.0,,,,,,4.0,115.8324966430664,88.78581237792969,,,,,,,,,,,,,,,,,,,,,,,,,,,snapshot_layer,16,phase2-selected,,,,,,,,,,,,,,,,
,,,I_zero,,,,,,,,,,21,,,,,,,,,,,,,,,,,,,,,,,,,,,,,,,,,,,0.3552398085594177,0.17764031887054443,0.17764031887054443,0.0,,,,,,4.0,61.02933120727539,88.6976547241211,,,,,,,,,,,,,,,,,,,,,,,,,,,snapshot_layer,16,phase2-selected,,,,,,,,,,,,,,,,
,,,I_zero,,,,,,,,,,27,,,,,,,,,,,,,,,,,,,,,,,,,,,,,,,,,,,0.3940983712673187,0.1970457285642624,0.1970457285642624,0.0,,,,,,4.0,90.47187042236328,159.09034729003906,,,,,,,,,,,,,,,,,,,,,,,,,,,snapshot_layer,16,phase2-selected,,,,,,,,,,,,,,,,
False,0.0,off,I_real,0.04057534155475183,1.2279784679412842,0.9992878437042236,35.95011901855469,31.068273544311523,28.832204818725586,3.9775583744049072,-0.02669643424451351,0.0,,0.031004903838038445,0.9968053698539734,0.0,1.6129971742630005,117.76929473876953,117.68690490722656,1.6652380228042603,1.6652377843856812,0.0017354934171267976,1738.07080078125,1728.1038818359375,41.69017791748047,41.57046890258789,41.69017791748047,41.637718200683594,0.03613654896616936,0.0017377523485362881,8.0,0.008577843196690083,0.0,3.9775583744049072,61.87892150878906,-0.02669643424451351,32.88714599609375,30.869064331054688,2.0859456062316895,4.0,4.0,two_level,short_slots,none,4.0,structured_support_set,full,,,,,56.67985153198242,0.0,15.30616569519043,12.489103317260742,2.1569788455963135,4.0,,,0.500076174736023,5.248483284958638e-05,0.0,0.0,0.6931482553482056,0.6931482553482056,0.6931481957435608,0.0,0.7699422836303711,-0.0010831884574145079,0.7699422836303711,-0.0010831884574145079,0.0,0.0,0.023788327299659153,4.0,-0.0017108863685280085,0.0,0.009616753086447716,0.003716956591233611,0.25,1.0,1.2279784679412842,0.9992878437042236,8.0,1.0,train_event,1,phase2-selected,0.0,5.0,87.74737548828125,39.2435302734375,39.2418212890625,0.0009750414174050093,0.04703448712825775,0.0,117.76929473876953,3.2780175058741423e-17,0.05,-1.372037761182554e-10,41.69017791748047,41.637718200683594,0.03613654896616936,0.0
False,0.0,off,I_real,0.02924626562439014,1.2274495363235474,0.9992917776107788,26.387283325195312,22.798206329345703,21.062679290771484,3.976759910583496,-0.01846231520175934,0.0,,0.024406788870692253,0.9968053698539734,0.0,1.6129968166351318,117.76929473876953,117.68689727783203,1.6652381420135498,1.6652380228042603,0.0017354863423110168,1738.0703125,1728.1033935546875,41.69017028808594,41.570465087890625,41.69017028808594,41.63771438598633,0.03613496571779251,0.0017377188628239868,8.0,0.008337514474987984,0.0,3.976759910583496,45.3323860168457,-0.01846231520175934,24.358898162841797,22.608551025390625,1.615500807762146,4.0,4.0,two_level,short_slots,none,4.0,structured_support_set,full,,,,,55.0934944152832,0.0,14.869365692138672,12.121376991271973,2.1992952823638916,4.0,,,0.500076174736023,5.2975155995227396e-05,0.0,0.0,0.6931482553482056,0.6931482553482056,0.6931481957435608,0.0,0.7699555158615112,-0.001061631366610527,0.7699555158615112,-0.001061631366610527,0.0,0.0,0.016400799790461752,4.0,-0.0016990721924230456,0.0,0.009617960080504417,0.0037228912115097046,0.25,1.0,1.2274495363235474,0.9992917776107788,8.0,1.0,train_event,2,phase2-selected,0.0,5.0,87.74446868896484,39.24150085449219,39.240516662597656,0.0009038997231982648,0.033531032502651215,0.0,117.76929473876953,3.2780175058741423e-17,0.05,-1.372037761182554e-10,41.69017028808594,41.63771438598633,0.03613496571779251,0.0
False,0.0,off,I_real,0.02088800506288339,1.2263597249984741,0.9992996454238892,18.767213821411133,17.15380096435547,15.150360107421875,3.9778685569763184,0.02602287195622921,0.0,,0.02043001353740692,0.9968053698539734,0.0,1.6129968166351318,117.76930236816406,117.68689727783203,1.6652380228042603,1.6652380228042603,0.0017354735529477396,1738.0701904296875,1728.1033935546875,41.69017028808594,41.57046127319336,41.69017028808594,41.63771438598633,0.036135680973529816,0.0017377392846124875,8.0,0.007491386495530605,0.0,3.9778685569763184,32.89158630371094,0.02602287195622921,17.791664123535156,16.405088424682617,1.156365156173706,4.0,4.0,two_level,short_slots,none,4.0,structured_support_set,full,,,,,50.476009368896484,0.0,13.514167785644531,11.060380935668945,2.2493128776550293,4.0,,,0.5000762939453125,5.348474223865196e-05,0.0,0.0,0.6931482553482056,0.6931482553482056,0.6931481957435608,0.0,0.7699751257896423,-0.0010491237044334412,0.7699751257896423,-0.0010491237044334412,0.0,0.0,0.008268044445144106,4.0,-0.0016886163502931595,0.0,0.009609395638108253,0.003725471207872033,0.25,1.0,1.2263597249984741,0.9992996454238892,8.0,1.0,train_event,3,phase2-selected,0.0,5.0,87.74449920654297,39.243309020996094,39.24053192138672,0.001553466310724616,0.022464845329523087,0.0,117.76930236816406,3.2780175058741423e-17,0.05,-1.372037761182554e-10,41.69017028808594,41.63771438598633,0.036135680973529816,0.0
False,0.0,off,I_real,0.016605400651205665,1.2247294187545776,0.9993113279342651,15.337347984313965,13.403548240661621,11.432928085327148,3.9636054039001465,0.13429924845695496,0.0,,0.018281953409314156,0.9968053698539734,0.0,1.6129966974258423,117.7693099975586,117.68690490722656,1.6652380228042603,1.6652377843856812,0.0017355114016018895,1738.0706787109375,1728.103759765625,41.69017028808594,41.570465087890625,41.69017028808594,41.637718200683594,0.03613553196191788,0.0017377515234137818,8.0,0.021547168493270874,0.0,3.9636054039001465,25.795825958251953,0.13429924845695496,13.803982734680176,12.877974510192871,0.7169302105903625,4.0,4.0,two_level,short_slots,none,4.0,structured_support_set,full,,,,,40.440223693847656,0.0,11.802427291870117,8.749711036682129,2.283241033554077,4.0,,,0.5000764727592468,5.3992403991287574e-05,0.0,0.0,0.6931482553482056,0.6931482553482056,0.6931481957435608,0.0,0.7699993848800659,-0.00104426103644073,0.7699993848800659,-0.00104426103644073,0.0,0.0,0.005344546399907938,4.0,-0.0016817196737974882,0.0,0.009604508057236671,0.003727617906406522,0.25,1.0,1.2247294187545776,0.9993113279342651,8.0,1.0,train_event,4,phase2-selected,0.0,5.0,87.74569702148438,39.24272918701172,39.24106979370117,0.0012558258604258299,0.017444295808672905,0.0,117.7693099975586,3.2780175058741423e-17,0.05,-1.372037761182554e-10,41.69017028808594,41.637718200683594,0.03613553196191788,0.0
False,0.0,off,I_real,0.015710031586233707,1.2226454019546509,0.9993259906768799,16.44925880432129,11.162609100341797,10.186216354370117,3.9079837799072266,0.27140742540359497,0.0,,0.01695866882801056,0.9968053698539734,0.0,1.6129966974258423,117.76927947998047,117.68690490722656,1.6652382612228394,1.6652381420135498,0.0017354600606584417,1738.070068359375,1728.103271484375,41.69016647338867,41.570465087890625,41.69016647338867,41.63771438598633,0.03613371402025223,0.0017376934902988798,8.0,0.07447050511837006,0.0,3.9079837799072266,24.427534103393555,0.27140742540359497,12.743329048156738,12.207637786865234,0.38690435886383057,4.0,4.0,two_level,short_slots,none,4.0,structured_support_set,full,,,,,27.534151077270508,0.0,9.051060676574707,5.761038303375244,2.1718506813049316,4.0,,,0.5000767111778259,5.441561734187417e-05,0.0,0.0,0.6931482553482056,0.6931482553482056,0.6931482553482056,0.0,0.7700283527374268,-0.0010432818671688437,0.7700283527374268,-0.0010432818671688437,0.0,0.0,0.0074674308809582314,4.0,-0.001676924992352724,0.0,0.009604162536561489,0.003729245625436306,0.25,1.0,1.2226454019546509,0.9993259906768799,8.0,1.0,train_event,5,phase2-selected,0.0,5.0,87.74697875976562,39.242435455322266,39.24164581298828,0.0004146700375713408,0.017394470050930977,0.0,117.76927947998047,3.2780175058741423e-17,0.05,-1.372037761182554e-10,41.69016647338867,41.63771438598633,0.03613371402025223,0.0
False,0.0,off,I_real,0.018313228138230414,1.2203489542007446,0.9993419647216797,19.673452377319336,11.092906951904297,10.538573265075684,3.8356146812438965,0.3757636547088623,0.0,,0.0157844889909029,0.9968053698539734,0.0,1.6129966974258423,117.7693099975586,117.68692779541016,1.6652381420135498,1.6652380228042603,0.0017354940131771325,1738.0712890625,1728.1046142578125,41.690185546875,41.57047653198242,41.690185546875,41.637725830078125,0.03613696247339249,0.0017377602326918908,8.0,0.14139282703399658,0.0,3.8356146812438965,26.980880737304688,0.3757636547088623,13.850589752197266,13.488348007202148,0.2376207858324051,4.0,4.0,two_level,short_slots,none,4.0,structured_support_set,full,,,,,18.607744216918945,0.0,6.665658473968506,3.6978390216827393,1.9074565172195435,4.0,,,0.5000771284103394,5.482753476826474e-05,0.0,0.0,0.6931482553482056,0.6931482553482056,0.6931482553482056,0.0,0.7700613737106323,-0.0010449247201904655,0.7700613737106323,-0.0010449247201904655,0.0,0.0,0.010049086650510825,4.0,-0.0016739311395213008,0.0,0.009608527645468712,0.003730390453711152,0.25,1.0,1.2203489542007446,0.9993419647216797,8.0,1.0,train_event,6,phase2-selected,0.0,5.0,87.74515533447266,39.24184799194336,39.24082565307617,0.0007820873870514333,0.020889194682240486,0.0,117.7693099975586,3.2780175058741423e-17,0.05,-1.372037761182554e-10,41.690185546875,41.637725830078125,0.03613696247339249,0.0
False,0.0,off,I_real,0.016879969250260134,1.2180696725845337,0.9993577003479004,24.142654418945312,11.979314804077148,11.450613021850586,3.7614636421203613,0.4556152820587158,0.0,,0.01442729402333498,0.9968053698539734,0.0,1.6129966974258423,117.769287109375,117.68690490722656,1.6652381420135498,1.6652381420135498,0.0017354071154411467,1738.0699462890625,1728.103515625,41.69016647338867,41.570465087890625,41.69016647338867,41.63771057128906,0.03613351657986641,0.0017376976159127182,8.0,0.20770840346813202,0.0,3.7614636421203613,31.3885498046875,0.4556152820587158,16.05282974243164,15.692837715148926,0.2123251110315323,4.0,4.0,two_level,short_slots,none,4.0,structured_support_set,full,,,,,14.8555908203125,0.0,5.377692699432373,2.900754690170288,1.6186573505401611,4.0,,,0.500077486038208,5.5132135457824916e-05,0.0,0.0,0.6931482553482056,0.6931482553482056,0.6931481957435608,0.0,0.7700986862182617,-0.0010470375418663025,0.7700986862182617,-0.0010470375418663025,0.0,0.0,0.0076467532253615975,4.0,-0.0016720735002309084,0.0,0.00961197167634964,0.003729891963303089,0.25,1.0,1.2180696725845337,0.9993577003479004,8.0,1.0,train_event,7,phase2-selected,0.0,5.0,87.74705505371094,39.242408752441406,39.241676330566406,0.0005155433318577707,0.018531223759055138,0.0,117.769287109375,3.2780175058741423e-17,0.05,-1.372037761182554e-10,41.69016647338867,41.63771057128906,0.03613351657986641,0.0
False,0.0,off,I_real,0.017371011011637034,1.2159547805786133,0.9993721842765808,29.6594181060791,13.212574005126953,12.620620727539062,3.683955192565918,0.5236526131629944,0.0,,0.012988847680389881,0.9968052506446838,0.0,1.6129964590072632,117.76930236816406,117.68692016601562,1.6652382612228394,1.6652381420135498,0.0017354846005229088,1738.0706787109375,1728.1038818359375,41.69017791748047,41.57046890258789,41.69017791748047,41.63772201538086,0.036135878413915634,0.001737747191520624,8.0,0.27432167530059814,0.0,3.683955192565918,36.997947692871094,0.5236526131629944,18.916751861572266,18.49738311767578,0.24268077313899994,4.0,4.0,two_level,short_slots,none,4.0,structured_support_set,full,,,,,13.127388000488281,0.0,4.663606643676758,2.5831058025360107,1.3942663669586182,4.0,,,0.5000779032707214,5.540912025026046e-05,0.0,0.0,0.6931482553482056,0.6931482553482056,0.6931481957435608,0.0,0.7701379060745239,-0.0010480887722223997,0.7701379060745239,-0.0010480887722223997,0.0,0.0,0.006299049682053007,4.0,-0.0016712156357243657,0.0,0.009615465067327023,0.003728290554136038,0.25,1.0,1.2159547805786133,0.9993721842765808,8.0,1.0,train_event,8,phase2-selected,0.0,5.0,87.74276733398438,39.24123764038086,39.23976516723633,0.0012260439107194543,0.018477827310562134,0.0,117.76930236816406,3.2780175058741423e-17,0.05,-1.372037761182554e-10,41.69017791748047,41.63772201538086,0.036135878413915634,0.0
False,0.0,off,I_real,0.017665285562249798,1.2140260934829712,0.9993849992752075,36.01870346069336,14.493987083435059,13.792790412902832,3.600067615509033,0.5852322578430176,0.0,,0.011529174633324146,0.9968053698539734,0.0,1.6129968166351318,117.76930236816406,117.68689727783203,1.6652381420135498,1.6652380228042603,0.0017354551405892086,1738.070068359375,1728.1036376953125,41.69017028808594,41.57046127319336,41.69017028808594,41.63771438598633,0.03613772243261337,0.001737743410226326,8.0,0.34260424971580505,0.0,3.600067615509033,43.39792251586914,0.5852322578430176,22.18767547607422,21.697025299072266,0.28983810544013977,4.0,4.0,two_level,short_slots,none,4.0,structured_support_set,full,,,,,12.305723190307617,0.0001522900257620446,4.249879837036133,2.4602103233337402,1.2324411869049072,4.0,,,0.5000782012939453,5.563582817558199e-05,0.0,0.0,0.6931482553482056,0.6931482553482056,0.6931481957435608,0.0,0.7701781988143921,-0.0010473988950252533,0.7701781988143921,-0.0010473988950252533,0.0,0.0,0.004792263286197747,4.0,-0.0016712469514459372,0.0,0.009616905823349953,0.0037256870418787003,0.25,1.0,1.2140260934829712,0.9993849992752075,8.0,1.0,train_event,9,phase2-selected,8.132729262358452e-07,5.0,87.74557495117188,39.24323654174805,39.24101257324219,0.0014428121503442526,0.018304750323295593,0.00011229007965485565,117.76930236816406,3.2780175058741423e-17,0.05,-3.888995252054883e-06,41.69017028808594,41.63771438598633,0.03613772243261337,0.7426839152146257
False,0.0,off,I_real,0.01779627832576534,1.2122948169708252,0.999396562576294,42.9481315612793,15.609136581420898,14.784852027893066,3.507460832595825,0.6424669027328491,0.0,,0.010140694677829742,0.9968053698539734,0.0,1.6129990816116333,117.77039337158203,117.6879653930664,1.6654345989227295,1.6653448343276978,0.001734956682434164,1738.1016845703125,1728.1298828125,41.690547943115234,41.570777893066406,41.690547943115234,41.63810348510742,0.03612683713436127,0.001737183498427834,8.0,0.4128679633140564,0.0,3.507460832595825,50.206050872802734,0.6424669027328491,25.654815673828125,25.100770950317383,0.3363839387893677,4.0,4.0,two_level,short_slots,none,4.0,structured_support_set,full,,,,,11.563111305236816,5.404346041997681e-07,3.939220666885376,2.3339571952819824,1.1126199960708618,4.0,,,0.5000784993171692,5.580375363933854e-05,0.0,0.0,0.6931482553482056,0.6931482553482056,0.6931481957435608,0.0,0.7702178955078125,-0.0010440772166475654,0.7702178955078125,-0.0010440772166475654,0.0,0.0,0.0034491149920820915,4.0,-0.0016757172998040915,0.0,0.009611604735255241,0.0037196949124336243,0.25,1.0,1.2122948169708252,0.999396562576294,8.0,1.0,train_event,10,phase2-selected,6.357656689733389e-05,5.0,87.74762725830078,39.243499755859375,39.24193572998047,0.001609673025086522,0.01812770776450634,7.645418356324774e-05,117.77039337158203,2.4544437593476687e-09,0.05,-7.460929282387951e-06,41.690547943115234,41.63810348510742,0.03612683713436127,259.1076688509387
False,0.0,off,I_real,0.017969232468118636,1.21073579788208,0.9994067549705505,50.01649856567383,16.36650276184082,15.444196701049805,3.4051268100738525,0.6956726312637329,0.0,,0.008910379372537136,0.9968053102493286,0.0,1.6130049228668213,117.77107238769531,117.68863677978516,1.6655802726745605,1.665435791015625,0.001734035644884666,1738.1199951171875,1728.1478271484375,41.69076919555664,41.57099533081055,41.69076919555664,41.63833999633789,0.03610754758119583,0.0017362998064043224,8.0,0.48405441641807556,0.0,3.4051268100738525,56.93666076660156,0.6956726312637329,29.059459686279297,28.46593475341797,0.3696683347225189,4.0,4.0,two_level,short_slots,none,4.0,structured_support_set,full,,,,,11.064240455627441,1.708032170995103e-05,3.699568510055542,2.257798910140991,1.0115419626235962,4.0,,,0.5000787973403931,5.5951964895939454e-05,0.0,0.0,0.6931482553482056,0.6931482553482056,0.6931481957435608,0.0,0.7702551484107971,-0.0010369967203587294,0.7702551484107971,-0.0010369967203587294,0.0,0.0,0.0027474148890206003,4.0,-0.0016802099999040365,0.0,0.009603521786630154,0.003712570760399103,0.25,1.0,1.21073579788208,0.9994067549705505,8.0,1.0,train_event,11,phase2-selected,0.0005505971546677965,5.0,87.74752044677734,39.24336624145508,39.24188232421875,0.0008366110268980265,0.018186494708061218,6.0016273825787826e-05,117.77107238769531,6.170059130283789e-09,0.05,-1.005156991595868e-05,41.69076919555664,41.63833999633789,0.03610754758119583,35.74952737206581
False,0.0,off,I_real,0.018216545934613564,1.2093394994735718,0.9994158148765564,56.72856521606445,16.645824432373047,15.679716110229492,3.293328285217285,0.7443875074386597,0.0,,0.00784524530172348,0.9968051910400391,0.0,1.6130136251449585,117.77137756347656,117.68898010253906,1.665676236152649,1.6655008792877197,0.0017328134824082693,1738.1265869140625,1728.1580810546875,41.69084548950195,41.57112121582031,41.69084548950195,41.63845443725586,0.036081358790397644,0.001735016693357451,8.0,0.5541914105415344,0.0,3.293328285217285,63.100440979003906,0.7443875074386597,32.15107727050781,31.54787826538086,0.3847821354866028,4.0,4.0,two_level,short_slots,none,4.0,structured_support_set,full,,,,,10.583170890808105,1.0211168255445173e-05,3.486039161682129,2.176673412322998,0.9285839796066284,4.0,,,0.5000789165496826,5.603312820312567e-05,0.0,0.0,0.6931482553482056,0.6931482553482056,0.6931481957435608,0.0,0.7702877521514893,-0.001024886965751648,0.7702877521514893,-0.001024886965751648,0.0,0.0,0.002837004251980151,4.0,-0.0016841565957292914,0.0,0.009594835340976715,0.0037052046973258257,0.25,1.0,1.2093394994735718,0.9994158148765564,8.0,1.0,train_event,12,phase2-selected,0.00025260772654673035,5.0,87.74695587158203,39.24241256713867,39.24163055419922,0.0006388199981302023,0.018437979742884636,6.371076676648541e-05,117.77137756347656,8.331568324138061e-09,0.05,-1.1544903827598318e-05,41.69084548950195,41.63845443725586,0.036081358790397644,30.977698672679967
False,0.0,off,I_real,0.018443135242350854,1.2080904245376587,0.9994238615036011,62.591285705566406,16.412944793701172,15.469958305358887,3.1739823818206787,0.7878126502037048,0.0,,0.006946850568056107,0.9968051910400391,0.0,1.6130200624465942,117.77149963378906,117.6891098022461,1.665723443031311,1.6655387878417969,0.0017315763451706582,1738.1273193359375,1728.165283203125,41.69085693359375,41.571205139160156,41.69085693359375,41.63850402832031,0.036055829375982285,0.0017338234988930835,8.0,0.6207098364830017,0.0,3.1739823818206787,68.25935363769531,0.7878126502037048,34.71122741699219,34.127540588378906,0.38148966431617737,4.0,4.0,two_level,short_slots,none,4.0,structured_support_set,full,,,,,10.050650596618652,0.00023319771378636466,3.275660276412964,2.077047109603882,0.8582835793495178,4.0,,,0.5000790357589722,5.616460111923516e-05,0.0,0.0,0.6931482553482056,0.6931482553482056,0.6931481957435608,0.0,0.7703144550323486,-0.0010070267599076033,0.7703144550323486,-0.0010070267599076033,0.0,0.0,0.003253665902308057,4.0,-0.00168670155107975,0.0,0.009588655084371567,0.0036985808983445168,0.25,1.0,1.2080904245376587,0.9994238615036011,8.0,1.0,train_event,13,phase2-selected,0.0003905021836582818,5.0,87.74713897705078,39.2427978515625,39.24171829223633,0.0007621092954650521,0.01873360015451908,7.310137173482545e-05,117.77149963378906,8.572689225161412e-09,0.05,-1.2733874427794944e-05,41.69085693359375,41.63850402832031,0.036055829375982285,1.9880278749980382
False,0.0,off,I_real,0.01844307336163971,1.2069717645645142,0.9994310140609741,67.22576141357422,15.728057861328125,14.877274513244629,3.0510408878326416,0.8251434564590454,0.0,,0.006156787741929293,0.9968050718307495,0.0,1.6130259037017822,117.77145385742188,117.68905639648438,1.665726900100708,1.6655526161193848,0.0017304489635236243,1738.123291015625,1728.1689453125,41.6908073425293,41.571250915527344,41.6908073425293,41.63848876953125,0.036032140254974365,0.0017327473932892989,8.0,0.680905282497406,0.0,3.0510408878326416,72.12216186523438,0.8251434564590454,36.6003532409668,36.059261322021484,0.3614799380302429,4.0,4.0,two_level,short_slots,none,4.0,structured_support_set,full,,,,,9.482271194458008,1.4009598713381972e-06,3.0567994117736816,1.9667810201644897,0.7921152710914612,4.0,,,0.5000791549682617,5.6259046687046066e-05,0.0,0.0,0.6931482553482056,0.6931482553482056,0.6931481957435608,0.0,0.7703350782394409,-0.000983409583568573,0.7703350782394409,-0.000983409583568573,0.0,0.0,0.003558886408406074,4.0,-0.0016877283342182636,0.0,0.009584266692399979,0.003692824859172106,0.25,1.0,1.2069717645645142,0.9994310140609741,8.0,1.0,train_event,14,phase2-selected,0.00039480368167604704,5.0,87.7470474243164,39.24260711669922,39.241676330566406,0.0006956004071980715,0.018787622451782227,7.902790401515776e-05,117.77145385742188,7.643225607978366e-09,0.05,-1.4039326742931735e-05,41.6908073425293,41.63848876953125,0.036032140254974365,338.2192419534478
False,0.0,off,I_real,0.018021078910200786,1.205963134765625,0.9994374513626099,70.42962646484375,14.717996597290039,14.029244422912598,2.9300739765167236,0.8559311628341675,0.0,,0.005444438196718693,0.9968050122261047,0.0,1.6130294799804688,117.77125549316406,117.68885803222656,1.665710687637329,1.6655443906784058,0.0017294290842193168,1738.114990234375,1728.169189453125,41.69070816040039,41.57125473022461,41.69070816040039,41.6384162902832,0.03601112216711044,0.0017317016889997652,8.0,0.7326463460922241,0.0,2.9300739765167236,74.57455444335938,0.8559311628341675,37.7686767578125,37.28583908081055,0.3271873891353607,4.0,4.0,two_level,short_slots,none,4.0,structured_support_set,full,,,,,8.851749420166016,4.569410786401679e-09,2.8383877277374268,1.839765191078186,0.7300253510475159,4.0,,,0.5000791549682617,5.63398098165635e-05,0.0,0.0,0.6931482553482056,0.6931482553482056,0.6931481957435608,0.0,0.7703502178192139,-0.0009545895154587924,0.7703502178192139,-0.0009545895154587924,0.0,0.0,0.0035744075189558925,4.0,-0.001687364187091589,0.0,0.00958121009171009,0.003687906078994274,0.25,1.0,1.205963134765625,0.9994374513626099,8.0,1.0,train_event,15,phase2-selected,0.0001611006026389987,5.0,87.74871826171875,39.243202209472656,39.24241256713867,0.0011878050863742828,0.018373018130660057,7.851800175048643e-05,117.77125549316406,6.758371196013968e-09,0.05,-1.4975135854911059e-05,41.69070816040039,41.6384162902832,0.03601112216711044,52439.71610137946
False,0.0,off,I_real,0.017118726649671588,1.2050435543060303,0.9994432330131531,72.19808959960938,13.538455963134766,13.061399459838867,2.816950798034668,0.8803147077560425,0.0,,0.00480081420391798,0.99680495262146,0.0,1.6130328178405762,117.77099609375,117.6885986328125,1.6657097339630127,1.6655083894729614,0.001728510537593519,1738.1046142578125,1728.1683349609375,41.690582275390625,41.57124710083008,41.690582275390625,41.63832092285156,0.03599023446440697,0.001730768298407583,8.0,0.7749699354171753,0.0,2.816950798034668,75.67498016357422,0.8803147077560425,38.25145721435547,37.8364372253418,0.28282973170280457,4.0,4.0,two_level,short_slots,none,4.0,structured_support_set,full,,,,,8.187546730041504,2.4960269979026624e-08,2.6222872734069824,1.70652174949646,0.6630080342292786,4.0,,,0.5000791549682617,5.64598485652823e-05,0.0,0.0,0.6931482553482056,0.6931482553482056,0.6931481957435608,0.0,0.7703610062599182,-0.0009215878089889884,0.7703610062599182,-0.0009215878089889884,0.0,0.0,0.0032602821705745564,4.0,-0.0016856376314535737,0.0,0.009579729288816452,0.003683804301545024,0.25,1.0,1.2050435543060303,0.9994432330131531,8.0,1.0,train_event,16,phase2-selected,0.0011557724100105962,5.0,87.74919891357422,39.24405288696289,39.24264144897461,0.000766818702686578,0.017464853823184967,7.12020959095015e-05,117.77099609375,6.8548424714265366e-09,0.05,-1.4739826838194858e-05,41.690582275390625,41.63832092285156,0.03599023446440697,49157.100742543575
False,0.0,off,I_shuffle,0.04057479286834346,1.231707215309143,0.9992606043815613,35.947059631347656,31.068439483642578,28.829160690307617,3.977567434310913,-0.026749296113848686,0.0,,0.031007278710603714,0.9968098402023315,0.0,1.6126047372817993,117.84952545166016,117.76715850830078,1.6652381420135498,1.6652379035949707,0.0017820612188400662,1741.5701904296875,1732.4100341796875,41.73212432861328,41.622230529785156,41.73212432861328,41.666072845458984,0.03711462765932083,0.0017823531442875233,8.0,0.008575264364480972,0.0,3.977567434310913,61.875953674316406,-0.026749296113848686,32.883853912353516,30.86760139465332,2.08561635017395,4.0,4.0,two_level,short_slots,none,4.0,structured_support_set,full,,,,,56.69640350341797,0.0,15.309638977050781,12.492757797241211,2.157557725906372,4.0,,,0.5000730752944946,5.950146442046389e-05,0.0,0.0,0.6931482553482056,0.6931482553482056,0.6931481957435608,0.0,0.7699422836303711,-0.0010831884574145079,0.7699422836303711,-0.0010831884574145079,0.0,0.0,0.0237892643785341,4.0,-0.0016208285233005881,0.0,0.009375367313623428,0.003692961996421218,0.25,1.0,1.231707215309143,0.9992606043815613,8.0,1.0,train_event,1,phase2-selected,0.0,5.0,87.7439193725586,39.242401123046875,39.24027633666992,0.0023346731904894114,0.04703448712825775,0.0,117.84952545166016,4.440050094811496e-17,0.05,-2.22436424834882e-09,41.73212432861328,41.666072845458984,0.03711462765932083,0.0
False,0.0,off,I_shuffle,0.0292488159782692,1.231074333190918,0.9992653727531433,26.390121459960938,22.768712997436523,21.072572708129883,3.9766945838928223,-0.018906500190496445,0.0,,0.02441147342324257,0.9968097805976868,0.0,1.6126046180725098,117.8494644165039,117.76714324951172,1.665238380432129,1.665238380432129,0.001782067326653552,1741.569580078125,1732.40966796875,41.73211669921875,41.622222900390625,41.73211669921875,41.66606140136719,0.037115562707185745,0.0017824014822374618,8.0,0.008310450240969658,0.0,3.9766945838928223,45.31741714477539,-0.018906500190496445,24.361671447753906,22.6003475189209,1.625218152999878,4.0,4.0,two_level,short_slots,none,4.0,structured_support_set,full,,,,,55.15745544433594,0.0,14.89822006225586,12.134668350219727,2.2061610221862793,4.0,,,0.5000724792480469,5.9808593505294994e-05,0.0,0.0,0.6931482553482056,0.6931482553482056,0.6931482553482056,0.0,0.7699509859085083,-0.001064768061041832,0.7699509859085083,-0.001064768061041832,0.0,0.0,0.016403174772733536,4.0,-0.0016242517158389091,0.0,0.00937559362500906,0.0036993513349443674,0.25,1.0,1.231074333190918,0.9992653727531433,8.0,1.0,train_event,2,phase2-selected,0.0,5.0,87.7453384399414,39.24190139770508,39.240909576416016,0.0011257803998887539,0.033534422516822815,0.0,117.8494644165039,4.440050094811496e-17,0.05,-2.22436424834882e-09,41.73211669921875,41.66606140136719,0.037115562707185745,0.0
False,0.0,off,I_shuffle,0.0209022767083717,1.2298439741134644,0.9992744326591492,18.77484893798828,17.13711166381836,15.156611442565918,3.9778175354003906,0.025525733828544617,0.0,,0.0204334557056427,0.9968098402023315,0.0,1.612604022026062,117.84952545166016,117.76718139648438,1.6652377843856812,1.6652377843856812,0.0017820449604309177,1741.571044921875,1732.4107666015625,41.73213577270508,41.62223815917969,41.73213577270508,41.66608428955078,0.03711411729454994,0.0017823760823131212,8.0,0.007428893353790045,0.0,3.9778175354003906,32.886802673339844,0.025525733828544617,17.794958114624023,16.402006149291992,1.1660674810409546,4.0,4.0,two_level,short_slots,none,4.0,structured_support_set,full,,,,,50.58387756347656,0.0,13.565754890441895,11.082880020141602,2.2596867084503174,4.0,,,0.5000720620155334,6.0139653214719146e-05,0.0,0.0,0.6931482553482056,0.6931482553482056,0.6931481957435608,0.0,0.7699673771858215,-0.0010538561036810279,0.7699673771858215,-0.0010538561036810279,0.0,0.0,0.008285750935988023,4.0,-0.0016274773515760899,0.0,0.009364654310047626,0.003701516194269061,0.25,1.0,1.2298439741134644,0.9992744326591492,8.0,1.0,train_event,3,phase2-selected,0.0,5.0,87.74244689941406,39.2409782409668,39.23961639404297,0.001037089852616191,0.022484634071588516,0.0,117.84952545166016,4.440050094811496e-17,0.05,-2.22436424834882e-09,41.73213577270508,41.66608428955078,0.03711411729454994,0.0
False,0.0,off,I_shuffle,0.01662397532738076,1.2280704975128174,0.9992873072624207,15.349422454833984,13.408312797546387,11.445292472839355,3.9635205268859863,0.13448701798915863,0.0,,0.01828226074576378,0.996809720993042,0.0,1.6126042604446411,117.84954071044922,117.76718139648438,1.665238380432129,1.6652381420135498,0.001782065685660465,1741.5709228515625,1732.4105224609375,41.73213195800781,41.62223434448242,41.73213195800781,41.666080474853516,0.03711429238319397,0.0017823647523234933,8.0,0.021544765681028366,0.0,3.9635205268859863,25.81015396118164,0.13448701798915863,13.81356143951416,12.88470458984375,0.7248762249946594,4.0,4.0,two_level,short_slots,none,4.0,structured_support_set,full,,,,,40.54213333129883,0.0,11.799225807189941,8.77245807647705,2.286316156387329,4.0,,,0.5000717639923096,6.03943808528129e-05,0.0,0.0,0.6931482553482056,0.6931482553482056,0.6931481957435608,0.0,0.7699894309043884,-0.0010500227799639106,0.7699894309043884,-0.0010500227799639106,0.0,0.0,0.005357342377552138,4.0,-0.0016312961233779788,0.0,0.009356723167002201,0.0037033911794424057,0.25,1.0,1.2280704975128174,0.9992873072624207,8.0,1.0,train_event,4,phase2-selected,0.0,5.0,87.74258422851562,39.24202346801758,39.23967742919922,0.0019528105622157454,0.017465900629758835,0.0,117.84954071044922,4.440050094811496e-17,0.05,-2.22436424834882e-09,41.73213195800781,41.666080474853516,0.03711429238319397,0.0
False,0.0,off,I_shuffle,0.015735609588514915,1.2258317470550537,0.9993035197257996,16.485139846801758,11.165359497070312,10.212002754211426,3.907456636428833,0.2722777724266052,0.0,,0.016956377774477005,0.996809720993042,0.0,1.6126041412353516,117.84945678710938,117.76713562011719,1.6652381420135498,1.6652379035949707,0.001782097115879386,1741.5697021484375,1732.409423828125,41.73211669921875,41.622222900390625,41.73211669921875,41.66606140136719,0.03711552917957306,0.001782418374236251,8.0,0.07490918040275574,0.0,3.907456636428833,24.462581634521484,0.2722777724266052,12.768670082092285,12.22492504119873,0.39461278915405273,4.0,4.0,two_level,short_slots,none,4.0,structured_support_set,full,,,,,27.576284408569336,0.0,9.011743545532227,5.776827335357666,2.1565823554992676,4.0,,,0.5000715851783752,6.0511370975291356e-05,0.0,0.0,0.6931482553482056,0.6931482553482056,0.6931481957435608,0.0,0.7700162529945374,-0.0010501438518986106,0.7700162529945374,-0.0010501438518986106,0.0,0.0,0.007463448653325572,4.0,-0.0016340885777026415,0.0,0.00935329869389534,0.003704841248691082,0.25,1.0,1.2258317470550537,0.9993035197257996,8.0,1.0,train_event,5,phase2-selected,0.0,5.0,87.74580383300781,39.242149353027344,39.241111755371094,0.0009621843346394598,0.017415868118405342,0.0,117.84945678710938,4.440050094811496e-17,0.05,-2.22436424834882e-09,41.73211669921875,41.66606140136719,0.03711552917957306,0.0
False,0.0,off,I_shuffle,0.017495818421041556,1.2233800888061523,0.9993209838867188,19.72324562072754,11.096976280212402,10.563490867614746,3.834743022918701,0.37681064009666443,0.0,,0.015772532671689987,0.996809720993042,0.0,1.6126049757003784,117.8494873046875,117.76715850830078,1.6652382612228394,1.6652379035949707,0.0017821295625297738,1741.5701904296875,1732.4095458984375,41.73212432861328,41.62222671508789,41.73212432861328,41.66606903076172,0.037116099148988724,0.0017824317822386449,8.0,0.1421637088060379,0.0,3.834743022918701,27.02899932861328,0.37681064009666443,13.892220497131348,13.512226104736328,0.24785566329956055,4.0,4.0,two_level,short_slots,none,4.0,structured_support_set,full,,,,,18.598236083984375,0.0,6.616183280944824,3.7041850090026855,1.8904296159744263,4.0,,,0.5000715255737305,6.0592257796088234e-05,0.0,0.0,0.6931482553482056,0.6931482553482056,0.6931481957435608,0.0,0.7700470685958862,-0.0010535642504692078,0.7700470685958862,-0.0010535642504692078,0.0,0.0,0.009476786466863871,4.0,-0.0016360367881134152,0.0,0.009354989975690842,0.0037059923633933067,0.25,1.0,1.2233800888061523,0.9993209838867188,8.0,1.0,train_event,6,phase2-selected,0.0,5.0,87.74541473388672,39.24332046508789,39.240936279296875,0.001433839090168476,0.019897567108273506,0.0,117.8494873046875,4.440050094811496e-17,0.05,-2.22436424834882e-09,41.73212432861328,41.66606903076172,0.037116099148988724,0.0
False,0.0,off,I_shuffle,0.01693210020542097,1.220944881439209,0.9993380308151245,24.250179290771484,12.015647888183594,11.486969947814941,3.760697603225708,0.4563714265823364,0.0,,0.014424862340092659,0.9968098402023315,0.0,1.6126042604446411,117.8495101928711,117.76714324951172,1.665238380432129,1.6652382612228394,0.0017820802840591437,1741.5701904296875,1732.409912109375,41.73212814331055,41.622230529785156,41.73212814331055,41.666072845458984,0.037115950137376785,0.0017824087282485156,8.0,0.20838408172130585,0.0,3.760697603225708,31.513303756713867,0.4563714265823364,16.133617401123047,15.755064010620117,0.2236419916152954,4.0,4.0,two_level,short_slots,none,4.0,structured_support_set,full,,,,,14.677922248840332,0.0,5.296715259552002,2.860677719116211,1.608910322189331,4.0,,,0.5000715255737305,6.060912346583791e-05,0.0,0.0,0.6931482553482056,0.6931482553482056,0.6931481957435608,0.0,0.7700819969177246,-0.0010573616018518806,0.7700819969177246,-0.0010573616018518806,0.0,0.0,0.007687613544728714,4.0,-0.0016368646174669266,0.0,0.009357727132737637,0.0037058887537568808,0.25,1.0,1.220944881439209,0.9993380308151245,8.0,1.0,train_event,7,phase2-selected,0.0,5.0,87.7461166381836,39.24384307861328,39.24126052856445,0.0018670291174203157,0.01859557442367077,0.0,117.8495101928711,4.440050094811496e-17,0.05,-2.22436424834882e-09,41.73212814331055,41.666072845458984,0.037115950137376785,0.0
False,0.0,off,I_shuffle,0.017435590306685695,1.2186789512634277,0.9993536472320557,29.819398880004883,13.273393630981445,12.65247631072998,3.6831586360931396,0.5243171453475952,0.0,,0.012984749861061573,0.9968098402023315,0.0,1.6126049757003784,117.84947967529297,117.76712799072266,1.6652387380599976,1.6652381420135498,0.0017821400118557208,1741.570068359375,1732.4095458984375,41.732120513916016,41.622222900390625,41.732120513916016,41.66606903076172,0.037115272134542465,0.0017824140662417833,8.0,0.27500590682029724,0.0,3.6831586360931396,37.1836051940918,0.5243171453475952,19.025501251220703,18.59010124206543,0.25176501274108887,4.0,4.0,two_level,short_slots,none,4.0,structured_support_set,full,,,,,12.88455581665039,0.0,4.574468612670898,2.519540309906006,1.3973199129104614,4.0,,,0.5000715255737305,6.05923960392829e-05,0.0,0.0,0.6931482553482056,0.6931482553482056,0.6931481957435608,0.0,0.7701189517974854,-0.0010602902621030807,0.7701189517974854,-0.0010602902621030807,0.0,0.0,0.006335196022789346,4.0,-0.0016373386606574059,0.0,0.009359757415950298,0.003704658942297101,0.25,1.0,1.2186789512634277,0.9993536472320557,8.0,1.0,train_event,8,phase2-selected,0.0,5.0,87.74610900878906,39.2428092956543,39.241249084472656,0.0008714441792108119,0.01855086348950863,0.0,117.84947967529297,4.440050094811496e-17,0.05,-2.22436424834882e-09,41.732120513916016,41.66606903076172,0.037115272134542465,0.0
False,0.0,off,I_shuffle,0.017747509410266094,1.2166098356246948,0.9993678331375122,36.22101593017578,14.56124210357666,13.819395065307617,3.598897933959961,0.5860590934753418,0.0,,0.011523832567036152,0.996809720993042,0.0,1.6126046180725098,117.8494873046875,117.76715850830078,1.665238380432129,1.6652379035949707,0.001782079997366372,1741.570068359375,1732.40966796875,41.73212432861328,41.62222671508789,41.73212432861328,41.66606903076172,0.03711529076099396,0.001782384608247002,8.0,0.3435613512992859,0.0,3.598897933959961,43.62303924560547,0.5860590934753418,22.309953689575195,21.809553146362305,0.29311272501945496,4.0,4.0,two_level,short_slots,none,4.0,structured_support_set,full,,,,,12.042123794555664,0.0004420541025472207,4.165496349334717,2.3876185417175293,1.2449547052383423,4.0,,,0.5000715255737305,6.060242958483286e-05,0.0,0.0,0.6931482553482056,0.6931482553482056,0.6931481957435608,0.0,0.7701568603515625,-0.0010614966740831733,0.7701568603515625,-0.0010614966740831733,0.0,0.0,0.004824303850552069,4.0,-0.0016374568222090602,0.0,0.009360472671687603,0.0037024628836661577,0.25,1.0,1.2166098356246948,0.9993678331375122,8.0,1.0,train_event,9,phase2-selected,8.214596241165619e-07,5.0,87.74537658691406,39.24203872680664,39.24092483520508,0.0008963191066868603,0.018397178500890732,0.00011294831593970016,117.8494873046875,4.440050094811496e-17,0.05,4.2264500734745525e-06,41.73212432861328,41.66606903076172,0.03711529076099396,0.257366179633326
False,0.0,off,I_shuffle,0.017857538429202176,1.2147468328475952,0.999380350112915,43.17355728149414,15.665912628173828,14.806450843811035,3.505736827850342,0.6434897184371948,0.0,,0.01013617031276226,0.9968100190162659,0.0,1.612592339515686,117.85090637207031,117.76856231689453,1.6653079986572266,1.665265679359436,0.001783370041217702,1741.613525390625,1732.4488525390625,41.732643127441406,41.62269592285156,41.732643127441406,41.66656494140625,0.03714274615049362,0.0017836914264890097,8.0,0.4141734540462494,0.0,3.505736827850342,50.444278717041016,0.6434897184371948,25.77341651916504,25.219966888427734,0.33107873797416687,4.0,4.0,two_level,short_slots,none,4.0,structured_support_set,full,,,,,11.383367538452148,4.832443854807674e-06,3.9082438945770264,2.2739202976226807,1.1438273191452026,4.0,,,0.50007164478302,6.059364750399254e-05,0.0,0.0,0.6931482553482056,0.6931482553482056,0.6931481957435608,0.0,0.7701946496963501,-0.0010600413661450148,0.7701946496963501,-0.0010600413661450148,0.0,0.0,0.0034568544931326732,4.0,-0.0016416972503066063,0.0,0.00935185607522726,0.003695686114951968,0.25,1.0,1.2147468328475952,0.999380350112915,8.0,1.0,train_event,10,phase2-selected,6.367826246825253e-05,5.0,87.74594116210938,39.24303436279297,39.241172790527344,0.00190070946700871,0.0181893240660429,7.660451201577479e-05,117.85090637207031,8.033693710274292e-10,0.05,8.779187737673055e-06,41.732643127441406,41.66656494140625,0.03714274615049362,29.029364582159317
False,0.0,off,I_shuffle,0.018041138574212093,1.2130690813064575,0.9993915557861328,50.239967346191406,16.405763626098633,15.456629753112793,3.402811050415039,0.6968148946762085,0.0,,0.008910697884857655,0.9968100190162659,0.0,1.6125825643539429,117.85165405273438,117.76931762695312,1.6653501987457275,1.6652801036834717,0.0017842257182252384,1741.6361083984375,1732.4688720703125,41.732913970947266,41.6229362487793,41.732913970947266,41.66683578491211,0.03716049715876579,0.001784525591966073,8.0,0.4856385588645935,0.0,3.402811050415039,57.16055679321289,0.6968148946762085,29.16111183166504,28.57805633544922,0.35619595646858215,4.0,4.0,two_level,short_slots,none,4.0,structured_support_set,full,,,,,10.961649894714355,0.0003049819198261814,3.71258807182312,2.2149558067321777,1.0496948957443237,4.0,,,0.50007164478302,6.062621105229482e-05,0.0,0.0,0.6931482553482056,0.6931482553482056,0.6931481957435608,0.0,0.7702300548553467,-0.0010546384146437049,0.7702300548553467,-0.0010546384146437049,0.0,0.0,0.0027725384145241942,4.0,-0.0016457091551274061,0.0,0.009340595453977585,0.00368819129653275,0.25,1.0,1.2130690813064575,0.9993915557861328,8.0,1.0,train_event,11,phase2-selected,0.0006940333854963894,5.0,87.74665832519531,39.24304962158203,39.241493225097656,0.0009808149188756943,0.0182687696069479,6.0336762946576575e-05,117.85165405273438,2.5062696362709858e-09,0.05,1.1963184078922495e-05,41.732913970947266,41.66683578491211,0.03716049715876579,2.473491375727797
False,0.0,off,I_shuffle,0.018285101889691353,1.2115637063980103,0.9994015693664551,56.917999267578125,16.66775894165039,15.674907684326172,3.2905452251434326,0.7455209493637085,0.0,,0.007850753143429756,0.9968101382255554,0.0,1.6125752925872803,117.85214233398438,117.76982116699219,1.665372371673584,1.665286660194397,0.0017846215219290014,1741.6497802734375,1732.47998046875,41.73307418823242,41.62306594848633,41.73307418823242,41.66700744628906,0.03716840595006943,0.0017849276485640269,8.0,0.5558773875236511,0.0,3.2905452251434326,63.27906036376953,0.7455209493637085,32.22329330444336,31.63741683959961,0.36533915996551514,4.0,4.0,two_level,short_slots,none,4.0,structured_support_set,full,,,,,10.584314346313477,1.4966544328240675e-05,3.517195224761963,2.160015344619751,0.9673274755477905,4.0,,,0.5000717639923096,6.067430513212457e-05,0.0,0.0,0.6931482553482056,0.6931482553482056,0.693148136138916,0.0,0.7702611684799194,-0.0010437344899401069,0.7702611684799194,-0.0010437344899401069,0.0,0.0,0.0028709346301033583,4.0,-0.0016484035877510905,0.0,0.009331094101071358,0.003680894849821925,0.25,1.0,1.2115637063980103,0.9994015693664551,8.0,1.0,train_event,12,phase2-selected,0.0009163068983804363,5.0,87.74656677246094,39.24346923828125,39.241458892822266,0.0016704376321285963,0.01853189431130886,6.413787978540113e-05,117.85214233398438,4.587991764282151e-09,0.05,1.1189504220965318e-05,41.73307418823242,41.66700744628906,0.03716840595006943,65.50909526361515
False,0.0,off,I_shuffle,0.018498753741466003,1.2102190256118774,0.9994103312492371,62.71815872192383,16.421306610107422,15.444042205810547,3.1711084842681885,0.7887781858444214,0.0,,0.006988330744206905,0.996810257434845,0.0,1.612572431564331,117.85230255126953,117.76997375488281,1.6653789281845093,1.6652872562408447,0.0017847961138142603,1741.6534423828125,1732.481201171875,41.73311996459961,41.623085021972656,41.73311996459961,41.66706848144531,0.037171751260757446,0.00178510732117159,8.0,0.6222321391105652,0.0,3.1711084842681885,68.36930847167969,0.7887781858444214,34.74411392211914,34.18278121948242,0.35759270191192627,4.0,4.0,two_level,short_slots,none,4.0,structured_support_set,full,,,,,10.164621353149414,2.010833675728711e-05,3.3220081329345703,2.087536334991455,0.8989824652671814,4.0,,,0.5000718235969543,6.0698170273099095e-05,0.0,0.0,0.6931482553482056,0.6931482553482056,0.6931481957435608,0.0,0.7702867388725281,-0.0010264776647090912,0.7702867388725281,-0.0010264776647090912,0.0,0.0,0.0032885817080437756,4.0,-0.0016497066244482994,0.0,0.009323366917669773,0.0036743166856467724,0.25,1.0,1.2102190256118774,0.9994103312492371,8.0,1.0,train_event,13,phase2-selected,0.005442905927053873,5.0,87.74803924560547,39.244850158691406,39.24211883544922,0.0020030939485877752,0.019561434164643288,7.370401777555552e-05,117.85230255126953,6.4470579985709264e-09,0.05,6.210054834809853e-06,41.73311996459961,41.66706848144531,0.037171751260757446,274.3444180101196
False,0.0,off,I_shuffle,0.01847273132455538,1.2090160846710205,0.9994181394577026,67.2700424194336,15.72751235961914,14.834935188293457,3.048614501953125,0.8258198499679565,0.0,,0.006173232104629278,0.9968101978302002,0.0,1.6125714778900146,117.852294921875,117.76994323730469,1.6653765439987183,1.665283441543579,0.001784561913108672,1741.6510009765625,1732.47705078125,41.73309326171875,41.6230354309082,41.73309326171875,41.66706085205078,0.03716741502285004,0.0017848730571930474,8.0,0.682022750377655,0.0,3.048614501953125,72.14932250976562,0.8258198499679565,36.58829116821289,36.07311248779297,0.33451250195503235,4.0,4.0,two_level,short_slots,none,4.0,structured_support_set,full,,,,,9.683882713317871,3.760697018977771e-07,3.124541997909546,1.9967138767242432,0.8378624320030212,4.0,,,0.5000718832015991,6.0692804254358634e-05,0.0,0.0,0.6931482553482056,0.6931482553482056,0.6931482553482056,0.0,0.7703069448471069,-0.0010028121760115027,0.7703069448471069,-0.0010028121760115027,0.0,0.0,0.003578558386602954,4.0,-0.0016494030132889748,0.0,0.00931825116276741,0.003668702905997634,0.25,1.0,1.2090160846710205,0.9994181394577026,8.0,1.0,train_event,14,phase2-selected,0.0004758765773188329,5.0,87.74762725830078,39.2429084777832,39.2419319152832,0.0009098800946958363,0.01882234402000904,7.937678788057783e-05,117.852294921875,7.76366970711706e-09,0.05,-1.3563591210186132e-06,41.73309326171875,41.66706085205078,0.03716741502285004,1476.4639703688206
False,0.0,off,I_shuffle,0.018021994306412104,1.2079336643218994,0.9994251132011414,70.38470458984375,14.71589469909668,13.97862434387207,2.9286136627197266,0.8562725782394409,0.0,,0.005460138898342848,0.9968101382255554,0.0,1.612573266029358,117.85213470458984,117.7697982788086,1.6653765439987183,1.6652724742889404,0.0017840539148578614,1741.6444091796875,1732.468994140625,41.733009338378906,41.62294006347656,41.733009338378906,41.6670036315918,0.03715572506189346,0.0017843462895064512,8.0,0.7332317233085632,0.0,2.9286136627197266,74.51688385009766,0.8562725782394409,37.71258544921875,37.25724792480469,0.2989029586315155,4.0,4.0,two_level,short_slots,none,4.0,structured_support_set,full,,,,,9.155973434448242,5.252340574281176e-08,2.9242076873779297,1.8940807580947876,0.7772084474563599,4.0,,,0.5000718832015991,6.076720455894247e-05,0.0,0.0,0.6931482553482056,0.6931482553482056,0.6931481957435608,0.0,0.7703226208686829,-0.0009732712060213089,0.7703226208686829,-0.0009732712060213089,0.0,0.0,0.0035734568959126197,4.0,-0.0016477950848639011,0.0,0.009314967319369316,0.0036639333702623844,0.25,1.0,1.2079336643218994,0.9994251132011414,8.0,1.0,train_event,15,phase2-selected,0.0003603967258091056,5.0,87.74433135986328,39.24232864379883,39.240455627441406,0.0014856989728286862,0.018376559019088745,7.850863521568405e-05,117.85213470458984,8.60637250355012e-09,0.05,-9.488077921560034e-06,41.733009338378906,41.6670036315918,0.03715572506189346,8356.376644232696
False,0.0,off,I_shuffle,0.017095730577569877,1.2069488763809204,0.999431312084198,72.07242584228516,13.545496940612793,13.007926940917969,2.8168728351593018,0.8803293108940125,0.0,,0.0048078130930662155,0.9968101382255554,0.0,1.612577199935913,117.8518295288086,117.7695083618164,1.6653861999511719,1.6652531623840332,0.0017832468094150407,1741.6328125,1732.4571533203125,41.73287582397461,41.622798919677734,41.73287582397461,41.666900634765625,0.037139903753995895,0.0017835589584839764,8.0,0.7749964594841003,0.0,2.8168728351593018,75.54322814941406,0.8803293108940125,38.158817291259766,37.770751953125,0.25555622577667236,4.0,4.0,two_level,short_slots,none,4.0,structured_support_set,full,,,,,8.600483894348145,7.736545107395981e-06,2.723909854888916,1.7873494625091553,0.7097873687744141,4.0,,,0.5000718832015991,6.0797065088991076e-05,0.0,0.0,0.6931482553482056,0.6931482553482056,0.6931481957435608,0.0,0.770334780216217,-0.0009388861944898963,0.770334780216217,-0.0009388861944898963,0.0,0.0,0.0032342261976153266,4.0,-0.0016452535055577755,0.0,0.009312797337770462,0.0036598925944417715,0.25,1.0,1.2069488763809204,0.999431312084198,8.0,1.0,train_event,16,phase2-selected,0.00025428820866782177,5.0,87.7482681274414,39.243072509765625,39.242225646972656,0.0007848789682611823,0.01740097440779209,7.06329606185362e-05,117.8518295288086,9.18179665632124e-09,0.05,-1.662360955378972e-05,41.73287582397461,41.666900634765625,0.037139903753995895,41.99822592331814
