alignment_aux_active,alignment_aux_loss,alignment_aux_mode,arm_alias,fuser_diversity_without_semantic_gain_flag,fuser_grad_norm,fuser_input_effective_rank,fuser_input_pairwise_cosine_mean,fuser_linear_output_singular_value_top1,fuser_linear_output_singular_value_top2,fuser_linear_output_singular_value_top3,fuser_output_effective_rank,fuser_output_pairwise_cosine_mean,fuser_rank_gain_over_readout,fuser_short_query_pairwise_cosine_mean,layer_index,loss,memory_long_centered_effective_rank,memory_long_centered_top1_top2_ratio,memory_long_common_mode_energy_ratio,memory_long_common_mode_vector_l2,memory_long_diversity_loss,memory_long_diversity_weight,memory_long_effective_rank,memory_long_l2,memory_long_singular_value_top1,memory_long_singular_value_top2,memory_long_singular_value_top3,memory_long_slot_energy_cv,memory_long_slot_energy_histogram_max,memory_long_slot_energy_histogram_min,memory_long_slot_norm_histogram_max,memory_long_slot_norm_histogram_min,memory_long_slot_norm_max,memory_long_slot_norm_mean,memory_long_slot_norm_std,memory_long_slot_variance_cv,memory_long_slots,memory_long_top1_top2_ratio,memory_short_diversity_loss,memory_short_diversity_weight,memory_short_effective_rank,memory_short_l2,memory_short_pairwise_cosine_mean,memory_short_slot_norm_max,memory_short_slot_norm_mean,memory_short_slot_norm_std,memory_short_slots,pilot_fuser_short_slots,pilot_memory_path_variant,pilot_projector_token_source,pilot_reader_context_mode,pilot_reader_num_queries,pilot_support_encoder_mode,pilot_trainable_variant,prefix_hidden_l2,prefix_hidden_slot_norm_max,prefix_hidden_slot_norm_mean,prefix_hidden_slot_norm_std,prefix_l2,prefix_projector_grad_norm,prefix_slot_norm_max,prefix_slot_norm_mean,prefix_slot_norm_std,prefix_tokens,projected_k_l2,projected_v_l2,reader_argmax_mass_mean,reader_argmax_mass_std,reader_attention_diversity_loss,reader_attention_diversity_weight,reader_attention_entropy_max,reader_attention_entropy_mean,reader_attention_entropy_min,reader_attention_pairwise_cosine_mean,reader_base_query_norm_mean,reader_base_query_pairwise_cosine_mean,reader_conditioned_query_norm_mean,reader_conditioned_query_pairwise_cosine_mean,reader_context_overwrite_ratio,reader_context_shift_norm_mean,reader_grad_norm,reader_num_queries,reader_qk_logit_mean,reader_qk_logit_pairwise_cosine_mean,reader_qk_logit_range,reader_qk_logit_std,reader_query_to_slot_top1_agreement_rate,reader_query_to_slot_top2_coverage_fraction,reader_readout_centered_effective_rank,reader_readout_effective_rank,reader_readout_pairwise_cosine_mean,reader_slot_count,reader_slot_coverage_fraction,reader_value_projected_effective_rank,reader_value_projected_pairwise_cosine_mean,row_type,step,suite,support_encoder_grad_norm,support_item_count,support_item_hidden_l2,support_item_hidden_norm_max,support_item_hidden_norm_mean,support_item_hidden_norm_std,total_grad_norm_pre_clip,writer_grad_norm,writer_memory_l2,writer_slot_basis_orthogonality_loss,writer_slot_basis_orthogonality_weight,writer_slot_basis_pairwise_cosine_mean,writer_slot_norm_max,writer_slot_norm_mean,writer_slot_norm_std,writer_to_projector_grad_ratio
,,,I_real,1.0,,1.2282923460006714,0.9992855787277222,35.940582275390625,31.05448341369629,28.829511642456055,3.9775753021240234,-0.026782818138599396,2.749282956123352,0.0,,,7.0000481605529785,1.000000143173874,0.9986007809638977,41.612640380859375,,,,117.78075408935547,117.69839477539062,1.6652382612228394,1.6652380228042603,0.0021499965085512093,1739.3563232421875,1728.6175537109375,41.705589294433594,41.57664489746094,41.705589294433594,41.64176559448242,0.04476724565029144,0.0021490180465164634,8.0,70.67961235106429,,,,61.862606048583984,-0.026782818138599396,32.88174057006836,30.860889434814453,2.0859038829803467,4.0,4.0,two_level,short_slots,prompt_summary,4.0,structured_support_set,,,,,,56.679054260253906,,15.30507755279541,12.489386558532715,2.1542818546295166,4.0,,,0.5000414848327637,2.600598963908851e-05,,,0.6931482553482056,0.6931482553482056,0.6931482553482056,0.0,0.7699422836303711,-0.0010831884574145079,0.7699422836303711,-0.0010831884574145079,0.0,0.0,,4.0,-0.001591359032317996,0.0,0.009316583164036274,0.0036406884901225567,0.25,1.0,2.998901605606079,1.2282923460006714,0.9992855787277222,8.0,1.0,1.545036792755127,0.9987601041793823,snapshot_aggregate,0,phase2-selected,,6.0,96.11910247802734,39.24253845214844,39.24046325683594,0.0016187222208827734,,,117.78075408935547,,,,41.705589294433594,41.64176559448242,0.04476724565029144,
,,,I_real,,,,,,,,,,,,0,,,,,,,,,,,,,,,,,,,,,,,,,,,,,,,,,,,,,,,,25.11040496826172,14.443577766418457,12.371231079101562,2.14097261428833,,,,,,4.0,2204.469970703125,13.024182319641113,,,,,,,,,,,,,,,,,,,,,,,,,,,,,,snapshot_layer,0,phase2-selected,,,,,,,,,,,,,,,,
,,,I_real,,,,,,,,,,,,7,,,,,,,,,,,,,,,,,,,,,,,,,,,,,,,,,,,,,,,,25.510892868041992,14.787384986877441,12.585345268249512,2.0789220333099365,,,,,,4.0,102.60070037841797,25.649982452392578,,,,,,,,,,,,,,,,,,,,,,,,,,,,,,snapshot_layer,0,phase2-selected,,,,,,,,,,,,,,,,
,,,I_real,,,,,,,,,,,,14,,,,,,,,,,,,,,,,,,,,,,,,,,,,,,,,,,,,,,,,25.11812973022461,14.446281433105469,12.402307510375977,1.9762285947799683,,,,,,4.0,60.82399368286133,45.05043029785156,,,,,,,,,,,,,,,,,,,,,,,,,,,,,,snapshot_layer,0,phase2-selected,,,,,,,,,,,,,,,,
,,,I_real,,,,,,,,,,,,21,,,,,,,,,,,,,,,,,,,,,,,,,,,,,,,,,,,,,,,,25.535612106323242,15.30507755279541,12.543307304382324,2.384838581085205,,,,,,4.0,41.1956672668457,51.772857666015625,,,,,,,,,,,,,,,,,,,,,,,,,,,,,,snapshot_layer,0,phase2-selected,,,,,,,,,,,,,,,,
,,,I_real,,,,,,,,,,,,27,,,,,,,,,,,,,,,,,,,,,,,,,,,,,,,,,,,,,,,,25.460845947265625,14.82861614227295,12.54473876953125,2.1608598232269287,,,,,,4.0,51.61269760131836,153.8606414794922,,,,,,,,,,,,,,,,,,,,,,,,,,,,,,snapshot_layer,0,phase2-selected,,,,,,,,,,,,,,,,
,,,I_shuffle,1.0,,1.2316476106643677,0.9992609024047852,35.95436477661133,31.067832946777344,28.840991973876953,3.9775967597961426,-0.026747694239020348,2.745949149131775,0.0,,,7.000046253204346,1.000000071586932,0.9986038208007812,41.657066345214844,,,,117.90632629394531,117.82405853271484,1.6652379035949707,1.6652377843856812,0.0025411458767618834,1741.1541748046875,1728.7119140625,41.72713851928711,41.577781677246094,41.72713851928711,41.68614959716797,0.052998676896095276,0.0025423087028224973,8.0,70.75509047587276,,,,61.88943099975586,-0.026747694239020348,32.891571044921875,30.874353408813477,2.0855960845947266,4.0,4.0,two_level,short_slots,prompt_summary,4.0,structured_support_set,,,,,,56.6861686706543,,15.307467460632324,12.490433692932129,2.1575820446014404,4.0,,,0.5000984072685242,7.584939157823101e-05,,,0.6931482553482056,0.6931482553482056,0.6931481957435608,0.0,0.7699422836303711,-0.0010831884574145079,0.7699422836303711,-0.0010831884574145079,0.0,0.0,,4.0,-0.0016006336081773043,0.0,0.009359127841889858,0.0035621209535747766,0.25,1.0,2.999093770980835,1.2316476106643677,0.9992609024047852,8.0,1.0,1.5418757200241089,0.9987764358520508,snapshot_aggregate,0,phase2-selected,,6.0,96.11900329589844,39.24199676513672,39.24042892456055,0.0016356386477127671,,,117.90632629394531,,,,41.72713851928711,41.68614959716797,0.052998676896095276,
,,,I_shuffle,,,,,,,,,,,,0,,,,,,,,,,,,,,,,,,,,,,,,,,,,,,,,,,,,,,,,25.112607955932617,14.44551944732666,12.372264862060547,2.144362211227417,,,,,,4.0,2204.732177734375,13.021749496459961,,,,,,,,,,,,,,,,,,,,,,,,,,,,,,snapshot_layer,0,phase2-selected,,,,,,,,,,,,,,,,
,,,I_shuffle,,,,,,,,,,,,7,,,,,,,,,,,,,,,,,,,,,,,,,,,,,,,,,,,,,,,,25.514020919799805,14.789518356323242,12.58633804321289,2.0823068618774414,,,,,,4.0,102.6042709350586,25.649560928344727,,,,,,,,,,,,,,,,,,,,,,,,,,,,,,snapshot_layer,0,phase2-selected,,,,,,,,,,,,,,,,
,,,I_shuffle,,,,,,,,,,,,14,,,,,,,,,,,,,,,,,,,,,,,,,,,,,,,,,,,,,,,,25.120656967163086,14.44867992401123,12.403288841247559,1.9794070720672607,,,,,,4.0,60.82977294921875,45.050445556640625,,,,,,,,,,,,,,,,,,,,,,,,,,,,,,snapshot_layer,0,phase2-selected,,,,,,,,,,,,,,,,
,,,I_shuffle,,,,,,,,,,,,21,,,,,,,,,,,,,,,,,,,,,,,,,,,,,,,,,,,,,,,,25.53696060180664,15.307467460632324,12.544427871704102,2.3880863189697266,,,,,,4.0,41.19938278198242,51.770408630371094,,,,,,,,,,,,,,,,,,,,,,,,,,,,,,snapshot_layer,0,phase2-selected,,,,,,,,,,,,,,,,
,,,I_shuffle,,,,,,,,,,,,27,,,,,,,,,,,,,,,,,,,,,,,,,,,,,,,,,,,,,,,,25.463748931884766,14.830981254577637,12.54584789276123,2.1641998291015625,,,,,,4.0,51.63113021850586,153.8683624267578,,,,,,,,,,,,,,,,,,,,,,,,,,,,,,snapshot_layer,0,phase2-selected,,,,,,,,,,,,,,,,
,,,I_zero,0.0,,0.0,0.0,0.0,0.0,0.0,0.0,0.0,0.0,0.0,,,0.0,0.0,0.0,0.0,,,,0.0,0.0,0.0,0.0,0.0,0.0,0.0,0.0,0.0,0.0,0.0,0.0,0.0,8.0,0.0,,,,0.0,0.0,0.0,0.0,0.0,4.0,4.0,two_level,short_slots,prompt_summary,4.0,pooled_block,,,,,,0.743331253528595,,0.1970457285642624,0.16433371603488922,0.024929983541369438,4.0,,,0.0,0.0,,,1.473654492656351e-06,1.473654492656351e-06,1.473654492656351e-06,0.0,0.0,0.0,0.0,0.0,0.0,0.0,,4.0,0.0,0.0,0.0,0.0,1.0,0.25,0.0,0.0,0.0,8.0,0.0,0.0,0.0,snapshot_aggregate,0,phase2-selected,,0.0,0.0,0.0,0.0,0.0,,,0.0,,,,0.0,0.0,0.0,
,,,I_zero,,,,,,,,,,,,0,,,,,,,,,,,,,,,,,,,,,,,,,,,,,,,,,,,,,,,,0.24294143915176392,0.12149020284414291,0.12149020284414291,0.0,,,,,,4.0,2200.265625,19.26621437072754,,,,,,,,,,,,,,,,,,,,,,,,,,,,,,snapshot_layer,0,phase2-selected,,,,,,,,,,,,,,,,
,,,I_zero,,,,,,,,,,,,7,,,,,,,,,,,,,,,,,,,,,,,,,,,,,,,,,,,,,,,,0.3318038880825043,0.1658903807401657,0.1658903807401657,0.0,,,,,,4.0,109.58971405029297,51.37620162963867,,,,,,,,,,,,,,,,,,,,,,,,,,,,,,snapshot_layer,0,phase2-selected,,,,,,,,,,,,,,,,
,,,I_zero,,,,,,,,,,,,14,,,,,,,,,,,,,,,,,,,,,,,,,,,,,,,,,,,,,,,,0.31918904185295105,0.15960198640823364,0.15960198640823364,0.0,,,,,,4.0,115.8324966430664,88.78581237792969,,,,,,,,,,,,,,,,,,,,,,,,,,,,,,snapshot_layer,0,phase2-selected,,,,,,,,,,,,,,,,
,,,I_zero,,,,,,,,,,,,21,,,,,,,,,,,,,,,,,,,,,,,,,,,,,,,,,,,,,,,,0.3552398085594177,0.17764031887054443,0.17764031887054443,0.0,,,,,,4.0,61.02933120727539,88.6976547241211,,,,,,,,,,,,,,,,,,,,,,,,,,,,,,snapshot_layer,0,phase2-selected,,,,,,,,,,,,,,,,
,,,I_zero,,,,,,,,,,,,27,,,,,,,,,,,,,,,,,,,,,,,,,,,,,,,,,,,,,,,,0.3940983712673187,0.1970457285642624,0.1970457285642624,0.0,,,,,,4.0,90.47187042236328,159.09034729003906,,,,,,,,,,,,,,,,,,,,,,,,,,,,,,snapshot_layer,0,phase2-selected,,,,,,,,,,,,,,,,
,,,I_real,1.0,,1.2282922267913818,0.9992855787277222,35.940582275390625,31.054485321044922,28.8294734954834,3.9775753021240234,-0.026783302426338196,2.7492830753326416,0.0,,,7.000047206878662,1.000000143173874,0.9986007809638977,41.612640380859375,,,,117.78075408935547,117.69837188720703,1.665238380432129,1.6652381420135498,0.0021499786344276995,1739.3563232421875,1728.61767578125,41.705589294433594,41.57664489746094,41.705589294433594,41.641761779785156,0.04476649686694145,0.002149037639368452,8.0,70.67959354663945,,,,61.86260986328125,-0.026783302426338196,32.881736755371094,30.860889434814453,2.085904359817505,4.0,4.0,two_level,short_slots,prompt_summary,4.0,structured_support_set,,,,,,56.679054260253906,,15.305081367492676,12.489387512207031,2.1542813777923584,4.0,,,0.5000414848327637,2.600598963908851e-05,,,0.6931482553482056,0.6931482553482056,0.6931482553482056,0.0,0.7699422836303711,-0.001083187758922577,0.7699422836303711,-0.001083187758922577,0.0,0.0,,4.0,-0.0015913497190922499,0.0,0.00931662879884243,0.003640692913904786,0.25,1.0,2.998900890350342,1.2282922267913818,0.9992855787277222,8.0,1.0,1.5450364351272583,0.9987602829933167,snapshot_aggregate,2,phase2-selected,,6.0,96.1195068359375,39.2426643371582,39.240623474121094,0.0015808249590918422,,,117.78075408935547,,,,41.705589294433594,41.641761779785156,0.04476649686694145,
,,,I_real,,,,,,,,,,,,0,,,,,,,,,,,,,,,,,,,,,,,,,,,,,,,,,,,,,,,,25.110462188720703,14.44357967376709,12.371237754821777,2.1409738063812256,,,,,,4.0,2204.469970703125,13.023423194885254,,,,,,,,,,,,,,,,,,,,,,,,,,,,,,snapshot_layer,2,phase2-selected,,,,,,,,,,,,,,,,
,,,I_real,,,,,,,,,,,,7,,,,,,,,,,,,,,,,,,,,,,,,,,,,,,,,,,,,,,,,25.510862350463867,14.787385940551758,12.585347175598145,2.078921318054199,,,,,,4.0,102.60285186767578,25.65015983581543,,,,,,,,,,,,,,,,,,,,,,,,,,,,,,snapshot_layer,2,phase2-selected,,,,,,,,,,,,,,,,
,,,I_real,,,,,,,,,,,,14,,,,,,,,,,,,,,,,,,,,,,,,,,,,,,,,,,,,,,,,25.118011474609375,14.446276664733887,12.402303695678711,1.9762240648269653,,,,,,4.0,60.82310104370117,45.047969818115234,,,,,,,,,,,,,,,,,,,,,,,,,,,,,,snapshot_layer,2,phase2-selected,,,,,,,,,,,,,,,,
,,,I_real,,,,,,,,,,,,21,,,,,,,,,,,,,,,,,,,,,,,,,,,,,,,,,,,,,,,,25.535789489746094,15.305081367492676,12.543312072753906,2.384838819503784,,,,,,4.0,41.197608947753906,51.7744255065918,,,,,,,,,,,,,,,,,,,,,,,,,,,,,,snapshot_layer,2,phase2-selected,,,,,,,,,,,,,,,,
,,,I_real,,,,,,,,,,,,27,,,,,,,,,,,,,,,,,,,,,,,,,,,,,,,,,,,,,,,,25.46085548400879,14.828619956970215,12.54473876953125,2.160860061645508,,,,,,4.0,51.61336135864258,153.86032104492188,,,,,,,,,,,,,,,,,,,,,,,,,,,,,,snapshot_layer,2,phase2-selected,,,,,,,,,,,,,,,,
,,,I_shuffle,1.0,,1.2316477298736572,0.9992609024047852,35.95441436767578,31.067832946777344,28.840953826904297,3.9775967597961426,-0.026748238131403923,2.7459490299224854,0.0,,,7.000044822692871,1.0,0.9986037611961365,41.65707015991211,,,,117.90631866455078,117.82408142089844,1.6652384996414185,1.6652382612228394,0.0025411265860733577,1741.154296875,1728.712158203125,41.727142333984375,41.57778549194336,41.727142333984375,41.68614959716797,0.0529978945851326,0.0025422810634026793,8.0,70.75507889486695,,,,61.889442443847656,-0.026748238131403923,32.89157485961914,30.874359130859375,2.0855979919433594,4.0,4.0,two_level,short_slots,prompt_summary,4.0,structured_support_set,,,,,,56.68617248535156,,15.307474136352539,12.490434646606445,2.1575798988342285,4.0,,,0.5000984072685242,7.584939157823101e-05,,,0.6931482553482056,0.6931482553482056,0.6931481957435608,0.0,0.7699422836303711,-0.001083187758922577,0.7699422836303711,-0.001083187758922577,0.0,0.0,,4.0,-0.0016006245277822018,0.0,0.009359166026115417,0.003562125377357006,0.25,1.0,2.999093770980835,1.2316477298736572,0.9992609024047852,8.0,1.0,1.5418760776519775,0.9987763166427612,snapshot_aggregate,2,phase2-selected,,6.0,96.11942291259766,39.24210739135742,39.2405891418457,0.0015836384845897555,,,117.90631866455078,,,,41.727142333984375,41.68614959716797,0.0529978945851326,
,,,I_shuffle,,,,,,,,,,,,0,,,,,,,,,,,,,,,,,,,,,,,,,,,,,,,,,,,,,,,,25.112714767456055,14.44551944732666,12.372272491455078,2.144361972808838,,,,,,4.0,2204.732177734375,13.02273941040039,,,,,,,,,,,,,,,,,,,,,,,,,,,,,,snapshot_layer,2,phase2-selected,,,,,,,,,,,,,,,,
,,,I_shuffle,,,,,,,,,,,,7,,,,,,,,,,,,,,,,,,,,,,,,,,,,,,,,,,,,,,,,25.51407814025879,14.789521217346191,12.586339950561523,2.082305431365967,,,,,,4.0,102.57433319091797,25.64955711364746,,,,,,,,,,,,,,,,,,,,,,,,,,,,,,snapshot_layer,2,phase2-selected,,,,,,,,,,,,,,,,
,,,I_shuffle,,,,,,,,,,,,14,,,,,,,,,,,,,,,,,,,,,,,,,,,,,,,,,,,,,,,,25.12065887451172,14.448674201965332,12.403282165527344,1.9793987274169922,,,,,,4.0,60.8259391784668,45.04794692993164,,,,,,,,,,,,,,,,,,,,,,,,,,,,,,snapshot_layer,2,phase2-selected,,,,,,,,,,,,,,,,
,,,I_shuffle,,,,,,,,,,,,21,,,,,,,,,,,,,,,,,,,,,,,,,,,,,,,,,,,,,,,,25.53704261779785,15.307474136352539,12.544432640075684,2.388085126876831,,,,,,4.0,41.19825744628906,51.77033996582031,,,,,,,,,,,,,,,,,,,,,,,,,,,,,,snapshot_layer,2,phase2-selected,,,,,,,,,,,,,,,,
,,,I_shuffle,,,,,,,,,,,,27,,,,,,,,,,,,,,,,,,,,,,,,,,,,,,,,,,,,,,,,25.46393394470215,14.830986976623535,12.545845031738281,2.164199113845825,,,,,,4.0,51.633583068847656,153.87020874023438,,,,,,,,,,,,,,,,,,,,,,,,,,,,,,snapshot_layer,2,phase2-selected,,,,,,,,,,,,,,,,
,,,I_zero,0.0,,0.0,0.0,0.0,0.0,0.0,0.0,0.0,0.0,0.0,,,0.0,0.0,0.0,0.0,,,,0.0,0.0,0.0,0.0,0.0,0.0,0.0,0.0,0.0,0.0,0.0,0.0,0.0,8.0,0.0,,,,0.0,0.0,0.0,0.0,0.0,4.0,4.0,two_level,short_slots,prompt_summary,4.0,pooled_block,,,,,,0.743331253528595,,0.1970457285642624,0.16433371603488922,0.024929983541369438,4.0,,,0.0,0.0,,,1.473654492656351e-06,1.473654492656351e-06,1.473654492656351e-06,0.0,0.0,0.0,0.0,0.0,0.0,0.0,,4.0,0.0,0.0,0.0,0.0,1.0,0.25,0.0,0.0,0.0,8.0,0.0,0.0,0.0,snapshot_aggregate,2,phase2-selected,,0.0,0.0,0.0,0.0,0.0,,,0.0,,,,0.0,0.0,0.0,
,,,I_zero,,,,,,,,,,,,0,,,,,,,,,,,,,,,,,,,,,,,,,,,,,,,,,,,,,,,,0.24294143915176392,0.12149020284414291,0.12149020284414291,0.0,,,,,,4.0,2200.265625,19.26621437072754,,,,,,,,,,,,,,,,,,,,,,,,,,,,,,snapshot_layer,2,phase2-selected,,,,,,,,,,,,,,,,
,,,I_zero,,,,,,,,,,,,7,,,,,,,,,,,,,,,,,,,,,,,,,,,,,,,,,,,,,,,,0.3318038880825043,0.1658903807401657,0.1658903807401657,0.0,,,,,,4.0,109.58971405029297,51.37620162963867,,,,,,,,,,,,,,,,,,,,,,,,,,,,,,snapshot_layer,2,phase2-selected,,,,,,,,,,,,,,,,
,,,I_zero,,,,,,,,,,,,14,,,,,,,,,,,,,,,,,,,,,,,,,,,,,,,,,,,,,,,,0.31918904185295105,0.15960198640823364,0.15960198640823364,0.0,,,,,,4.0,115.8324966430664,88.78581237792969,,,,,,,,,,,,,,,,,,,,,,,,,,,,,,snapshot_layer,2,phase2-selected,,,,,,,,,,,,,,,,
,,,I_zero,,,,,,,,,,,,21,,,,,,,,,,,,,,,,,,,,,,,,,,,,,,,,,,,,,,,,0.3552398085594177,0.17764031887054443,0.17764031887054443,0.0,,,,,,4.0,61.02933120727539,88.6976547241211,,,,,,,,,,,,,,,,,,,,,,,,,,,,,,snapshot_layer,2,phase2-selected,,,,,,,,,,,,,,,,
,,,I_zero,,,,,,,,,,,,27,,,,,,,,,,,,,,,,,,,,,,,,,,,,,,,,,,,,,,,,0.3940983712673187,0.1970457285642624,0.1970457285642624,0.0,,,,,,4.0,90.47187042236328,159.09034729003906,,,,,,,,,,,,,,,,,,,,,,,,,,,,,,snapshot_layer,2,phase2-selected,,,,,,,,,,,,,,,,
,,,I_real,1.0,,1.2282921075820923,0.9992854595184326,35.94059371948242,31.054471969604492,28.829479217529297,3.9775753021240234,-0.02678358554840088,2.749283194541931,0.0,,,7.000044822692871,1.0,0.9986006617546082,41.61264419555664,,,,117.78075408935547,117.69839477539062,1.6652394533157349,1.6652376651763916,0.0021499612825640305,1739.3565673828125,1728.6177978515625,41.705596923828125,41.57664489746094,41.705596923828125,41.64176559448242,0.04476794973015785,0.0021490720608487823,8.0,70.67956175373814,,,,61.862632751464844,-0.02678358554840088,32.88175582885742,30.860902786254883,2.085904836654663,4.0,4.0,two_level,short_slots,prompt_summary,4.0,structured_support_set,,,,,,56.679054260253906,,15.305086135864258,12.48939037322998,2.1542816162109375,4.0,,,0.5000414848327637,2.600598963908851e-05,,,0.6931482553482056,0.6931482553482056,0.6931482553482056,0.0,0.7699422836303711,-0.001083187758922577,0.7699422836303711,-0.001083187758922577,0.0,0.0,,4.0,-0.0015913655515760183,0.0,0.009316553361713886,0.0036406866274774075,0.25,1.0,2.998901605606079,1.2282921075820923,0.9992854595184326,8.0,1.0,1.5450361967086792,0.9987602829933167,snapshot_aggregate,4,phase2-selected,,6.0,96.12055206298828,39.24315643310547,39.24104690551758,0.0016669048927724361,,,117.78075408935547,,,,41.705596923828125,41.64176559448242,0.04476794973015785,
,,,I_real,,,,,,,,,,,,0,,,,,,,,,,,,,,,,,,,,,,,,,,,,,,,,,,,,,,,,25.110559463500977,14.44357967376709,12.371241569519043,2.1409752368927,,,,,,4.0,2204.47021484375,13.023152351379395,,,,,,,,,,,,,,,,,,,,,,,,,,,,,,snapshot_layer,4,phase2-selected,,,,,,,,,,,,,,,,
,,,I_real,,,,,,,,,,,,7,,,,,,,,,,,,,,,,,,,,,,,,,,,,,,,,,,,,,,,,25.510852813720703,14.787386894226074,12.585347175598145,2.0789215564727783,,,,,,4.0,102.6042709350586,25.649885177612305,,,,,,,,,,,,,,,,,,,,,,,,,,,,,,snapshot_layer,4,phase2-selected,,,,,,,,,,,,,,,,
,,,I_real,,,,,,,,,,,,14,,,,,,,,,,,,,,,,,,,,,,,,,,,,,,,,,,,,,,,,25.11814308166504,14.446272850036621,12.402302742004395,1.9762219190597534,,,,,,4.0,60.823299407958984,45.04819107055664,,,,,,,,,,,,,,,,,,,,,,,,,,,,,,snapshot_layer,4,phase2-selected,,,,,,,,,,,,,,,,
,,,I_real,,,,,,,,,,,,21,,,,,,,,,,,,,,,,,,,,,,,,,,,,,,,,,,,,,,,,25.53583526611328,15.305086135864258,12.543316841125488,2.3848400115966797,,,,,,4.0,41.19584655761719,51.77324676513672,,,,,,,,,,,,,,,,,,,,,,,,,,,,,,snapshot_layer,4,phase2-selected,,,,,,,,,,,,,,,,
,,,I_real,,,,,,,,,,,,27,,,,,,,,,,,,,,,,,,,,,,,,,,,,,,,,,,,,,,,,25.460826873779297,14.828622817993164,12.544740676879883,2.160860776901245,,,,,,4.0,51.61330795288086,153.85525512695312,,,,,,,,,,,,,,,,,,,,,,,,,,,,,,snapshot_layer,4,phase2-selected,,,,,,,,,,,,,,,,
,,,I_shuffle,1.0,,1.2316478490829468,0.9992610216140747,35.95443344116211,31.067829132080078,28.84096336364746,3.9775967597961426,-0.02674858830869198,2.745948910713196,0.0,,,7.000041961669922,1.0000007874552368,0.9986037611961365,41.657073974609375,,,,117.9063491821289,117.82408142089844,1.6652411222457886,1.6652398109436035,0.0025411318955888603,1741.154541015625,1728.71240234375,41.727149963378906,41.57778549194336,41.727149963378906,41.6861572265625,0.05299927294254303,0.0025423222236078393,8.0,70.75496746200798,,,,61.88947677612305,-0.02674858830869198,32.891597747802734,30.874374389648438,2.085599899291992,4.0,4.0,two_level,short_slots,prompt_summary,4.0,structured_support_set,,,,,,56.686187744140625,,15.307478904724121,12.490434646606445,2.157580852508545,4.0,,,0.5000984072685242,7.584939157823101e-05,,,0.6931482553482056,0.6931482553482056,0.6931481957435608,0.0,0.7699422836303711,-0.0010831884574145079,0.7699422836303711,-0.0010831884574145079,0.0,0.0,,4.0,-0.0016006396617740393,0.0,0.009359097108244896,0.0035621183924376965,0.25,1.0,2.999093770980835,1.2316478490829468,0.9992610216140747,8.0,1.0,1.5418765544891357,0.9987764358520508,snapshot_aggregate,4,phase2-selected,,6.0,96.12079620361328,39.242759704589844,39.24116134643555,0.0016852206317707896,,,117.9063491821289,,,,41.727149963378906,41.6861572265625,0.05299927294254303,
,,,I_shuffle,,,,,,,,,,,,0,,,,,,,,,,,,,,,,,,,,,,,,,,,,,,,,,,,,,,,,25.112632751464844,14.445520401000977,12.372275352478027,2.144364595413208,,,,,,4.0,2204.732177734375,13.02303409576416,,,,,,,,,,,,,,,,,,,,,,,,,,,,,,snapshot_layer,4,phase2-selected,,,,,,,,,,,,,,,,
,,,I_shuffle,,,,,,,,,,,,7,,,,,,,,,,,,,,,,,,,,,,,,,,,,,,,,,,,,,,,,25.51411247253418,14.789521217346191,12.58634090423584,2.082306146621704,,,,,,4.0,102.57451629638672,25.64996337890625,,,,,,,,,,,,,,,,,,,,,,,,,,,,,,snapshot_layer,4,phase2-selected,,,,,,,,,,,,,,,,
,,,I_shuffle,,,,,,,,,,,,14,,,,,,,,,,,,,,,,,,,,,,,,,,,,,,,,,,,,,,,,25.120668411254883,14.448668479919434,12.403280258178711,1.9793972969055176,,,,,,4.0,60.8294792175293,45.04881286621094,,,,,,,,,,,,,,,,,,,,,,,,,,,,,,snapshot_layer,4,phase2-selected,,,,,,,,,,,,,,,,
,,,I_shuffle,,,,,,,,,,,,21,,,,,,,,,,,,,,,,,,,,,,,,,,,,,,,,,,,,,,,,25.537181854248047,15.307478904724121,12.54443645477295,2.388087272644043,,,,,,4.0,41.19990539550781,51.77156448364258,,,,,,,,,,,,,,,,,,,,,,,,,,,,,,snapshot_layer,4,phase2-selected,,,,,,,,,,,,,,,,
,,,I_shuffle,,,,,,,,,,,,27,,,,,,,,,,,,,,,,,,,,,,,,,,,,,,,,,,,,,,,,25.463890075683594,14.830988883972168,12.545845985412598,2.1642003059387207,,,,,,4.0,51.633644104003906,153.8667755126953,,,,,,,,,,,,,,,,,,,,,,,,,,,,,,snapshot_layer,4,phase2-selected,,,,,,,,,,,,,,,,
,,,I_zero,0.0,,0.0,0.0,0.0,0.0,0.0,0.0,0.0,0.0,0.0,,,0.0,0.0,0.0,0.0,,,,0.0,0.0,0.0,0.0,0.0,0.0,0.0,0.0,0.0,0.0,0.0,0.0,0.0,8.0,0.0,,,,0.0,0.0,0.0,0.0,0.0,4.0,4.0,two_level,short_slots,prompt_summary,4.0,pooled_block,,,,,,0.743331253528595,,0.1970457285642624,0.16433371603488922,0.024929983541369438,4.0,,,0.0,0.0,,,1.473654492656351e-06,1.473654492656351e-06,1.473654492656351e-06,0.0,0.0,0.0,0.0,0.0,0.0,0.0,,4.0,0.0,0.0,0.0,0.0,1.0,0.25,0.0,0.0,0.0,8.0,0.0,0.0,0.0,snapshot_aggregate,4,phase2-selected,,0.0,0.0,0.0,0.0,0.0,,,0.0,,,,0.0,0.0,0.0,
,,,I_zero,,,,,,,,,,,,0,,,,,,,,,,,,,,,,,,,,,,,,,,,,,,,,,,,,,,,,0.24294143915176392,0.12149020284414291,0.12149020284414291,0.0,,,,,,4.0,2200.265625,19.26621437072754,,,,,,,,,,,,,,,,,,,,,,,,,,,,,,snapshot_layer,4,phase2-selected,,,,,,,,,,,,,,,,
,,,I_zero,,,,,,,,,,,,7,,,,,,,,,,,,,,,,,,,,,,,,,,,,,,,,,,,,,,,,0.3318038880825043,0.1658903807401657,0.1658903807401657,0.0,,,,,,4.0,109.58971405029297,51.37620162963867,,,,,,,,,,,,,,,,,,,,,,,,,,,,,,snapshot_layer,4,phase2-selected,,,,,,,,,,,,,,,,
,,,I_zero,,,,,,,,,,,,14,,,,,,,,,,,,,,,,,,,,,,,,,,,,,,,,,,,,,,,,0.31918904185295105,0.15960198640823364,0.15960198640823364,0.0,,,,,,4.0,115.8324966430664,88.78581237792969,,,,,,,,,,,,,,,,,,,,,,,,,,,,,,snapshot_layer,4,phase2-selected,,,,,,,,,,,,,,,,
,,,I_zero,,,,,,,,,,,,21,,,,,,,,,,,,,,,,,,,,,,,,,,,,,,,,,,,,,,,,0.3552398085594177,0.17764031887054443,0.17764031887054443,0.0,,,,,,4.0,61.02933120727539,88.6976547241211,,,,,,,,,,,,,,,,,,,,,,,,,,,,,,snapshot_layer,4,phase2-selected,,,,,,,,,,,,,,,,
,,,I_zero,,,,,,,,,,,,27,,,,,,,,,,,,,,,,,,,,,,,,,,,,,,,,,,,,,,,,0.3940983712673187,0.1970457285642624,0.1970457285642624,0.0,,,,,,4.0,90.47187042236328,159.09034729003906,,,,,,,,,,,,,,,,,,,,,,,,,,,,,,snapshot_layer,4,phase2-selected,,,,,,,,,,,,,,,,
,,,I_real,1.0,,1.2282923460006714,0.9992855787277222,35.940589904785156,31.054458618164062,28.829513549804688,3.9775753021240234,-0.026784326881170273,2.749282956123352,0.0,,,7.000047206878662,1.0000000715869268,0.9986007213592529,41.612632751464844,,,,117.7807388305664,117.69837188720703,1.665239691734314,1.665238857269287,0.002149988589376327,1739.355712890625,1728.6170654296875,41.70558166503906,41.576637268066406,41.70558166503906,41.641754150390625,0.04476706311106682,0.0021490377221181933,8.0,70.67953788960347,,,,61.86263656616211,-0.026784326881170273,32.88175964355469,30.860904693603516,2.0859055519104004,4.0,4.0,two_level,short_slots,prompt_summary,4.0,structured_support_set,,,,,,56.679100036621094,,15.30510139465332,12.489398002624512,2.1542840003967285,4.0,,,0.5000414848327637,2.600598963908851e-05,,,0.6931482553482056,0.6931482553482056,0.6931482553482056,0.0,0.7699422836303711,-0.0010831865947693586,0.7699422836303711,-0.0010831865947693586,0.0,0.0,,4.0,-0.0015913620591163635,0.0,0.009316575713455677,0.0036406877916306257,0.25,1.0,2.9989006519317627,1.2282923460006714,0.9992855787277222,8.0,1.0,1.545037031173706,0.9987601041793823,snapshot_aggregate,8,phase2-selected,,6.0,96.11990356445312,39.24284362792969,39.240779876708984,0.0015946803614497185,,,117.7807388305664,,,,41.70558166503906,41.641754150390625,0.04476706311106682,
,,,I_real,,,,,,,,,,,,0,,,,,,,,,,,,,,,,,,,,,,,,,,,,,,,,,,,,,,,,25.110492706298828,14.443578720092773,12.371241569519043,2.140979290008545,,,,,,4.0,2204.469970703125,13.023959159851074,,,,,,,,,,,,,,,,,,,,,,,,,,,,,,snapshot_layer,8,phase2-selected,,,,,,,,,,,,,,,,
,,,I_real,,,,,,,,,,,,7,,,,,,,,,,,,,,,,,,,,,,,,,,,,,,,,,,,,,,,,25.51119041442871,14.78738784790039,12.585351943969727,2.0789196491241455,,,,,,4.0,102.60257720947266,25.650390625,,,,,,,,,,,,,,,,,,,,,,,,,,,,,,snapshot_layer,8,phase2-selected,,,,,,,,,,,,,,,,
,,,I_real,,,,,,,,,,,,14,,,,,,,,,,,,,,,,,,,,,,,,,,,,,,,,,,,,,,,,25.11808967590332,14.446272850036621,12.402313232421875,1.9762195348739624,,,,,,4.0,60.82657241821289,45.0505485534668,,,,,,,,,,,,,,,,,,,,,,,,,,,,,,snapshot_layer,8,phase2-selected,,,,,,,,,,,,,,,,
,,,I_real,,,,,,,,,,,,21,,,,,,,,,,,,,,,,,,,,,,,,,,,,,,,,,,,,,,,,25.535602569580078,15.30510139465332,12.54333209991455,2.3848464488983154,,,,,,4.0,41.1943359375,51.77277755737305,,,,,,,,,,,,,,,,,,,,,,,,,,,,,,snapshot_layer,8,phase2-selected,,,,,,,,,,,,,,,,
,,,I_real,,,,,,,,,,,,27,,,,,,,,,,,,,,,,,,,,,,,,,,,,,,,,,,,,,,,,25.460723876953125,14.828630447387695,12.54475212097168,2.160865068435669,,,,,,4.0,51.612579345703125,153.8522186279297,,,,,,,,,,,,,,,,,,,,,,,,,,,,,,snapshot_layer,8,phase2-selected,,,,,,,,,,,,,,,,
,,,I_shuffle,1.0,,1.2316477298736572,0.9992609024047852,35.95443344116211,31.06780433654785,28.84099006652832,3.9775967597961426,-0.026749348267912865,2.7459490299224854,0.0,,,7.000041961669922,1.000000071586937,0.9986036419868469,41.65706253051758,,,,117.90631103515625,117.82405853271484,1.665238857269287,1.665238380432129,0.00254112463869485,1741.153564453125,1728.71142578125,41.72713088989258,41.57777786254883,41.72713088989258,41.68614196777344,0.05299723520874977,0.0025423025092351685,8.0,70.7550499547714,,,,61.88945770263672,-0.026749348267912865,32.89158248901367,30.874366760253906,2.085597276687622,4.0,4.0,two_level,short_slots,prompt_summary,4.0,structured_support_set,,,,,,56.686222076416016,,15.307491302490234,12.490443229675293,2.1575818061828613,4.0,,,0.5000984072685242,7.584939157823101e-05,,,0.6931482553482056,0.6931482553482056,0.6931481957435608,0.0,0.7699422836303711,-0.001083187758922577,0.7699422836303711,-0.001083187758922577,0.0,0.0,,4.0,-0.0016006228979676962,0.0,0.00935918465256691,0.003562126774340868,0.25,1.0,2.9990923404693604,1.2316477298736572,0.9992609024047852,8.0,1.0,1.5418757200241089,0.9987763166427612,snapshot_aggregate,8,phase2-selected,,6.0,96.1207504272461,39.2426872253418,39.24113082885742,0.0016122786328196526,,,117.90631103515625,,,,41.72713088989258,41.68614196777344,0.05299723520874977,
,,,I_shuffle,,,,,,,,,,,,0,,,,,,,,,,,,,,,,,,,,,,,,,,,,,,,,,,,,,,,,25.112407684326172,14.44551944732666,12.372276306152344,2.1443676948547363,,,,,,4.0,2204.732177734375,13.022480010986328,,,,,,,,,,,,,,,,,,,,,,,,,,,,,,snapshot_layer,8,phase2-selected,,,,,,,,,,,,,,,,
,,,I_shuffle,,,,,,,,,,,,7,,,,,,,,,,,,,,,,,,,,,,,,,,,,,,,,,,,,,,,,25.51416015625,14.789521217346191,12.586343765258789,2.082303762435913,,,,,,4.0,102.60498046875,25.651338577270508,,,,,,,,,,,,,,,,,,,,,,,,,,,,,,snapshot_layer,8,phase2-selected,,,,,,,,,,,,,,,,
,,,I_shuffle,,,,,,,,,,,,14,,,,,,,,,,,,,,,,,,,,,,,,,,,,,,,,,,,,,,,,25.120689392089844,14.448665618896484,12.403289794921875,1.9793909788131714,,,,,,4.0,60.83129119873047,45.05079650878906,,,,,,,,,,,,,,,,,,,,,,,,,,,,,,snapshot_layer,8,phase2-selected,,,,,,,,,,,,,,,,
,,,I_shuffle,,,,,,,,,,,,21,,,,,,,,,,,,,,,,,,,,,,,,,,,,,,,,,,,,,,,,25.537506103515625,15.307491302490234,12.544450759887695,2.388092517852783,,,,,,4.0,41.199554443359375,51.7698860168457,,,,,,,,,,,,,,,,,,,,,,,,,,,,,,snapshot_layer,8,phase2-selected,,,,,,,,,,,,,,,,
,,,I_shuffle,,,,,,,,,,,,27,,,,,,,,,,,,,,,,,,,,,,,,,,,,,,,,,,,,,,,,25.463645935058594,14.830994606018066,12.545856475830078,2.164203405380249,,,,,,4.0,51.63101577758789,153.85565185546875,,,,,,,,,,,,,,,,,,,,,,,,,,,,,,snapshot_layer,8,phase2-selected,,,,,,,,,,,,,,,,
,,,I_zero,0.0,,0.0,0.0,0.0,0.0,0.0,0.0,0.0,0.0,0.0,,,0.0,0.0,0.0,0.0,,,,0.0,0.0,0.0,0.0,0.0,0.0,0.0,0.0,0.0,0.0,0.0,0.0,0.0,8.0,0.0,,,,0.0,0.0,0.0,0.0,0.0,4.0,4.0,two_level,short_slots,prompt_summary,4.0,pooled_block,,,,,,0.743331253528595,,0.1970457285642624,0.16433371603488922,0.024929983541369438,4.0,,,0.0,0.0,,,1.473654492656351e-06,1.473654492656351e-06,1.473654492656351e-06,0.0,0.0,0.0,0.0,0.0,0.0,0.0,,4.0,0.0,0.0,0.0,0.0,1.0,0.25,0.0,0.0,0.0,8.0,0.0,0.0,0.0,snapshot_aggregate,8,phase2-selected,,0.0,0.0,0.0,0.0,0.0,,,0.0,,,,0.0,0.0,0.0,
,,,I_zero,,,,,,,,,,,,0,,,,,,,,,,,,,,,,,,,,,,,,,,,,,,,,,,,,,,,,0.24294143915176392,0.12149020284414291,0.12149020284414291,0.0,,,,,,4.0,2200.265625,19.26621437072754,,,,,,,,,,,,,,,,,,,,,,,,,,,,,,snapshot_layer,8,phase2-selected,,,,,,,,,,,,,,,,
,,,I_zero,,,,,,,,,,,,7,,,,,,,,,,,,,,,,,,,,,,,,,,,,,,,,,,,,,,,,0.3318038880825043,0.1658903807401657,0.1658903807401657,0.0,,,,,,4.0,109.58971405029297,51.37620162963867,,,,,,,,,,,,,,,,,,,,,,,,,,,,,,snapshot_layer,8,phase2-selected,,,,,,,,,,,,,,,,
,,,I_zero,,,,,,,,,,,,14,,,,,,,,,,,,,,,,,,,,,,,,,,,,,,,,,,,,,,,,0.31918904185295105,0.15960198640823364,0.15960198640823364,0.0,,,,,,4.0,115.8324966430664,88.78581237792969,,,,,,,,,,,,,,,,,,,,,,,,,,,,,,snapshot_layer,8,phase2-selected,,,,,,,,,,,,,,,,
,,,I_zero,,,,,,,,,,,,21,,,,,,,,,,,,,,,,,,,,,,,,,,,,,,,,,,,,,,,,0.3552398085594177,0.17764031887054443,0.17764031887054443,0.0,,,,,,4.0,61.02933120727539,88.6976547241211,,,,,,,,,,,,,,,,,,,,,,,,,,,,,,snapshot_layer,8,phase2-selected,,,,,,,,,,,,,,,,
,,,I_zero,,,,,,,,,,,,27,,,,,,,,,,,,,,,,,,,,,,,,,,,,,,,,,,,,,,,,0.3940983712673187,0.1970457285642624,0.1970457285642624,0.0,,,,,,4.0,90.47187042236328,159.09034729003906,,,,,,,,,,,,,,,,,,,,,,,,,,,,,,snapshot_layer,8,phase2-selected,,,,,,,,,,,,,,,,
,,,I_real,1.0,,1.2282923460006714,0.9992854595184326,35.9407844543457,31.054452896118164,28.829580307006836,3.9775753021240234,-0.02678963541984558,2.749282956123352,0.0,,,7.000043869018555,1.0000002147607496,0.9986007213592529,41.612632751464844,,,,117.78073120117188,117.6983642578125,1.6652387380599976,1.6652384996414185,0.002149981742427581,1739.3555908203125,1728.6168212890625,41.70558547973633,41.57664108276367,41.70558547973633,41.641754150390625,0.04476671665906906,0.002149062883475586,8.0,70.67957378587712,,,,61.862796783447266,-0.02678963541984558,32.8818244934082,30.86098861694336,2.0859105587005615,4.0,4.0,two_level,short_slots,prompt_summary,4.0,structured_support_set,,,,,,56.67926788330078,,15.305153846740723,12.489439964294434,2.154278516769409,4.0,,,0.5000414848327637,2.600598963908851e-05,,,0.6931482553482056,0.6931482553482056,0.6931482553482056,0.0,0.7699422836303711,-0.0010831884574145079,0.7699422836303711,-0.0010831884574145079,0.0,0.0,,4.0,-0.0015913645038381219,0.0,0.009316571988165379,0.0036406884901225567,0.25,1.0,2.9988999366760254,1.2282923460006714,0.9992854595184326,8.0,1.0,1.5450371503829956,0.9987601041793823,snapshot_aggregate,12,phase2-selected,,6.0,96.12127685546875,39.24343490600586,39.24134826660156,0.0016188337467610836,,,117.78073120117188,,,,41.70558547973633,41.641754150390625,0.04476671665906906,
,,,I_real,,,,,,,,,,,,0,,,,,,,,,,,,,,,,,,,,,,,,,,,,,,,,,,,,,,,,25.110740661621094,14.443563461303711,12.371281623840332,2.1409757137298584,,,,,,4.0,2204.469970703125,13.024236679077148,,,,,,,,,,,,,,,,,,,,,,,,,,,,,,snapshot_layer,12,phase2-selected,,,,,,,,,,,,,,,,
,,,I_real,,,,,,,,,,,,7,,,,,,,,,,,,,,,,,,,,,,,,,,,,,,,,,,,,,,,,25.511384963989258,14.787394523620605,12.585382461547852,2.0788991451263428,,,,,,4.0,102.60234832763672,25.650217056274414,,,,,,,,,,,,,,,,,,,,,,,,,,,,,,snapshot_layer,12,phase2-selected,,,,,,,,,,,,,,,,
,,,I_real,,,,,,,,,,,,14,,,,,,,,,,,,,,,,,,,,,,,,,,,,,,,,,,,,,,,,25.117919921875,14.446231842041016,12.402345657348633,1.9761989116668701,,,,,,4.0,60.81947326660156,45.049293518066406,,,,,,,,,,,,,,,,,,,,,,,,,,,,,,snapshot_layer,12,phase2-selected,,,,,,,,,,,,,,,,
,,,I_real,,,,,,,,,,,,21,,,,,,,,,,,,,,,,,,,,,,,,,,,,,,,,,,,,,,,,25.535192489624023,15.305153846740723,12.5433931350708,2.3848555088043213,,,,,,4.0,41.190792083740234,51.77177429199219,,,,,,,,,,,,,,,,,,,,,,,,,,,,,,snapshot_layer,12,phase2-selected,,,,,,,,,,,,,,,,
,,,I_real,,,,,,,,,,,,27,,,,,,,,,,,,,,,,,,,,,,,,,,,,,,,,,,,,,,,,25.460960388183594,14.828664779663086,12.54479694366455,2.1608693599700928,,,,,,4.0,51.616493225097656,153.86476135253906,,,,,,,,,,,,,,,,,,,,,,,,,,,,,,snapshot_layer,12,phase2-selected,,,,,,,,,,,,,,,,
,,,I_shuffle,1.0,,1.2316477298736572,0.9992610216140747,35.9546012878418,31.06781005859375,28.841064453125,3.9775962829589844,-0.026753108948469162,2.745948553085327,0.0,,,7.000041961669922,1.0000002147607805,0.9986037611961365,41.65707015991211,,,,117.90634155273438,117.82408905029297,1.6652384996414185,1.6652380228042603,0.0025411255017543403,1741.1549072265625,1728.7127685546875,41.72714614868164,41.57779312133789,41.72714614868164,41.686153411865234,0.05299793928861618,0.002542284026258546,8.0,70.75508347642962,,,,61.88963317871094,-0.026753108948469162,32.89167022705078,30.874454498291016,2.085603713989258,4.0,4.0,two_level,short_slots,prompt_summary,4.0,structured_support_set,,,,,,56.68635559082031,,15.307531356811523,12.490478515625,2.1575820446014404,4.0,,,0.5000984072685242,7.584939157823101e-05,,,0.6931482553482056,0.6931482553482056,0.6931481957435608,0.0,0.7699422836303711,-0.001083189039491117,0.7699422836303711,-0.001083189039491117,0.0,0.0,,4.0,-0.0016006502555683255,0.0,0.009359023533761501,0.0035621102433651686,0.25,1.0,2.999093532562256,1.2316477298736572,0.9992610216140747,8.0,1.0,1.5418767929077148,0.9987763166427612,snapshot_aggregate,12,phase2-selected,,6.0,96.12181091308594,39.243141174316406,39.24156188964844,0.0016474436270073056,,,117.90634155273438,,,,41.72714614868164,41.686153411865234,0.05299793928861618,
,,,I_shuffle,,,,,,,,,,,,0,,,,,,,,,,,,,,,,,,,,,,,,,,,,,,,,,,,,,,,,25.112916946411133,14.44550609588623,12.372305870056152,2.144374370574951,,,,,,4.0,2204.732177734375,13.023575782775879,,,,,,,,,,,,,,,,,,,,,,,,,,,,,,snapshot_layer,12,phase2-selected,,,,,,,,,,,,,,,,
,,,I_shuffle,,,,,,,,,,,,7,,,,,,,,,,,,,,,,,,,,,,,,,,,,,,,,,,,,,,,,25.51413917541504,14.789528846740723,12.586371421813965,2.0822932720184326,,,,,,4.0,102.60393524169922,25.650625228881836,,,,,,,,,,,,,,,,,,,,,,,,,,,,,,snapshot_layer,12,phase2-selected,,,,,,,,,,,,,,,,
,,,I_shuffle,,,,,,,,,,,,14,,,,,,,,,,,,,,,,,,,,,,,,,,,,,,,,,,,,,,,,25.12083625793457,14.448627471923828,12.403316497802734,1.9793757200241089,,,,,,4.0,60.83439254760742,45.04673767089844,,,,,,,,,,,,,,,,,,,,,,,,,,,,,,snapshot_layer,12,phase2-selected,,,,,,,,,,,,,,,,
,,,I_shuffle,,,,,,,,,,,,21,,,,,,,,,,,,,,,,,,,,,,,,,,,,,,,,,,,,,,,,25.53768539428711,15.307531356811523,12.544503211975098,2.388101577758789,,,,,,4.0,41.19804000854492,51.767723083496094,,,,,,,,,,,,,,,,,,,,,,,,,,,,,,snapshot_layer,12,phase2-selected,,,,,,,,,,,,,,,,
,,,I_shuffle,,,,,,,,,,,,27,,,,,,,,,,,,,,,,,,,,,,,,,,,,,,,,,,,,,,,,25.46416473388672,14.831023216247559,12.545894622802734,2.1642117500305176,,,,,,4.0,51.634273529052734,153.85902404785156,,,,,,,,,,,,,,,,,,,,,,,,,,,,,,snapshot_layer,12,phase2-selected,,,,,,,,,,,,,,,,
,,,I_zero,0.0,,0.0,0.0,0.0,0.0,0.0,0.0,0.0,0.0,0.0,,,0.0,0.0,0.0,0.0,,,,0.0,0.0,0.0,0.0,0.0,0.0,0.0,0.0,0.0,0.0,0.0,0.0,0.0,8.0,0.0,,,,0.0,0.0,0.0,0.0,0.0,4.0,4.0,two_level,short_slots,prompt_summary,4.0,pooled_block,,,,,,0.743331253528595,,0.1970457285642624,0.16433371603488922,0.024929983541369438,4.0,,,0.0,0.0,,,1.473654492656351e-06,1.473654492656351e-06,1.473654492656351e-06,0.0,0.0,0.0,0.0,0.0,0.0,0.0,,4.0,0.0,0.0,0.0,0.0,1.0,0.25,0.0,0.0,0.0,8.0,0.0,0.0,0.0,snapshot_aggregate,12,phase2-selected,,0.0,0.0,0.0,0.0,0.0,,,0.0,,,,0.0,0.0,0.0,
,,,I_zero,,,,,,,,,,,,0,,,,,,,,,,,,,,,,,,,,,,,,,,,,,,,,,,,,,,,,0.24294143915176392,0.12149020284414291,0.12149020284414291,0.0,,,,,,4.0,2200.265625,19.26621437072754,,,,,,,,,,,,,,,,,,,,,,,,,,,,,,snapshot_layer,12,phase2-selected,,,,,,,,,,,,,,,,
,,,I_zero,,,,,,,,,,,,7,,,,,,,,,,,,,,,,,,,,,,,,,,,,,,,,,,,,,,,,0.3318038880825043,0.1658903807401657,0.1658903807401657,0.0,,,,,,4.0,109.58971405029297,51.37620162963867,,,,,,,,,,,,,,,,,,,,,,,,,,,,,,snapshot_layer,12,phase2-selected,,,,,,,,,,,,,,,,
,,,I_zero,,,,,,,,,,,,14,,,,,,,,,,,,,,,,,,,,,,,,,,,,,,,,,,,,,,,,0.31918904185295105,0.15960198640823364,0.15960198640823364,0.0,,,,,,4.0,115.8324966430664,88.78581237792969,,,,,,,,,,,,,,,,,,,,,,,,,,,,,,snapshot_layer,12,phase2-selected,,,,,,,,,,,,,,,,
,,,I_zero,,,,,,,,,,,,21,,,,,,,,,,,,,,,,,,,,,,,,,,,,,,,,,,,,,,,,0.3552398085594177,0.17764031887054443,0.17764031887054443,0.0,,,,,,4.0,61.02933120727539,88.6976547241211,,,,,,,,,,,,,,,,,,,,,,,,,,,,,,snapshot_layer,12,phase2-selected,,,,,,,,,,,,,,,,
,,,I_zero,,,,,,,,,,,,27,,,,,,,,,,,,,,,,,,,,,,,,,,,,,,,,,,,,,,,,0.3940983712673187,0.1970457285642624,0.1970457285642624,0.0,,,,,,4.0,90.47187042236328,159.09034729003906,,,,,,,,,,,,,,,,,,,,,,,,,,,,,,snapshot_layer,12,phase2-selected,,,,,,,,,,,,,,,,
,,,I_real,1.0,,1.2282923460006714,0.9992855787277222,35.94087219238281,31.054439544677734,28.829668045043945,3.9775753021240234,-0.026794491335749626,2.749282956123352,0.0,,,7.0000457763671875,1.0,0.9986006617546082,41.61262512207031,,,,117.78069305419922,117.6983642578125,1.665238380432129,1.665238380432129,0.002149967924888022,1739.35498046875,1728.6163330078125,41.705570220947266,41.576629638671875,41.705570220947266,41.641746520996094,0.04476623609662056,0.0021490509835853256,8.0,70.67958896507648,,,,61.862953186035156,-0.026794491335749626,32.88186264038086,30.861059188842773,2.085911512374878,4.0,4.0,two_level,short_slots,prompt_summary,4.0,structured_support_set,,,,,,56.679405212402344,,15.30522632598877,12.489468574523926,2.15427303314209,4.0,,,0.5000414848327637,2.600598963908851e-05,,,0.6931482553482056,0.6931482553482056,0.6931482553482056,0.0,0.7699422836303711,-0.001083190320059657,0.7699422836303711,-0.001083190320059657,0.0,0.0,,4.0,-0.0015913409879431129,0.0,0.009316684678196907,0.003640698501840234,0.25,1.0,2.9989023208618164,1.2282923460006714,0.9992855787277222,8.0,1.0,1.5450371503829956,0.9987601041793823,snapshot_aggregate,16,phase2-selected,,6.0,96.12297058105469,39.2442626953125,39.24203872680664,0.0017138458788394928,,,117.78069305419922,,,,41.705570220947266,41.641746520996094,0.04476623609662056,
,,,I_real,,,,,,,,,,,,0,,,,,,,,,,,,,,,,,,,,,,,,,,,,,,,,,,,,,,,,25.110628128051758,14.443568229675293,12.371315956115723,2.1409690380096436,,,,,,4.0,2204.469970703125,13.020064353942871,,,,,,,,,,,,,,,,,,,,,,,,,,,,,,snapshot_layer,16,phase2-selected,,,,,,,,,,,,,,,,
,,,I_real,,,,,,,,,,,,7,,,,,,,,,,,,,,,,,,,,,,,,,,,,,,,,,,,,,,,,25.511463165283203,14.787405014038086,12.585395812988281,2.0788798332214355,,,,,,4.0,102.60136413574219,25.64960289001465,,,,,,,,,,,,,,,,,,,,,,,,,,,,,,snapshot_layer,16,phase2-selected,,,,,,,,,,,,,,,,
,,,I_real,,,,,,,,,,,,14,,,,,,,,,,,,,,,,,,,,,,,,,,,,,,,,,,,,,,,,25.117982864379883,14.446213722229004,12.402355194091797,1.976175308227539,,,,,,4.0,60.8184814453125,45.05055618286133,,,,,,,,,,,,,,,,,,,,,,,,,,,,,,snapshot_layer,16,phase2-selected,,,,,,,,,,,,,,,,
,,,I_real,,,,,,,,,,,,21,,,,,,,,,,,,,,,,,,,,,,,,,,,,,,,,,,,,,,,,25.535057067871094,15.30522632598877,12.543447494506836,2.3848702907562256,,,,,,4.0,41.19673538208008,51.77922821044922,,,,,,,,,,,,,,,,,,,,,,,,,,,,,,snapshot_layer,16,phase2-selected,,,,,,,,,,,,,,,,
,,,I_real,,,,,,,,,,,,27,,,,,,,,,,,,,,,,,,,,,,,,,,,,,,,,,,,,,,,,25.461109161376953,14.828706741333008,12.544824600219727,2.1608726978302,,,,,,4.0,51.61857986450195,153.88526916503906,,,,,,,,,,,,,,,,,,,,,,,,,,,,,,snapshot_layer,16,phase2-selected,,,,,,,,,,,,,,,,
,,,I_shuffle,1.0,,1.2316476106643677,0.9992610216140747,35.95473098754883,31.067811965942383,28.84117889404297,3.9775962829589844,-0.026756955310702324,2.7459486722946167,0.0,,,7.000046253204346,1.0,0.9986037015914917,41.65707015991211,,,,117.90632629394531,117.82408142089844,1.665238380432129,1.6652380228042603,0.0025411311549966326,1741.154296875,1728.712158203125,41.727142333984375,41.57778549194336,41.727142333984375,41.68614959716797,0.05299820750951767,0.002542304936321672,8.0,70.75508396000525,,,,61.8897819519043,-0.026756955310702324,32.8917236328125,30.874530792236328,2.085606336593628,4.0,4.0,two_level,short_slots,prompt_summary,4.0,structured_support_set,,,,,,56.68647384643555,,15.307595252990723,12.490504264831543,2.157581090927124,4.0,,,0.5000984072685242,7.584939157823101e-05,,,0.6931482553482056,0.6931482553482056,0.6931481957435608,0.0,0.7699422836303711,-0.001083187758922577,0.7699422836303711,-0.001083187758922577,0.0,0.0,,4.0,-0.0016006478108465672,0.0,0.009359052404761314,0.0035621137358248234,0.25,1.0,2.9990923404693604,1.2316476106643677,0.9992610216140747,8.0,1.0,1.5418763160705566,0.9987764358520508,snapshot_aggregate,16,phase2-selected,,6.0,96.12422943115234,39.244136810302734,39.242549896240234,0.0017061728285625577,,,117.90632629394531,,,,41.727142333984375,41.68614959716797,0.05299820750951767,
,,,I_shuffle,,,,,,,,,,,,0,,,,,,,,,,,,,,,,,,,,,,,,,,,,,,,,,,,,,,,,25.113069534301758,14.445510864257812,12.372333526611328,2.144375801086426,,,,,,4.0,2204.732177734375,13.02288818359375,,,,,,,,,,,,,,,,,,,,,,,,,,,,,,snapshot_layer,16,phase2-selected,,,,,,,,,,,,,,,,
,,,I_shuffle,,,,,,,,,,,,7,,,,,,,,,,,,,,,,,,,,,,,,,,,,,,,,,,,,,,,,25.514585494995117,14.78953742980957,12.586383819580078,2.0822811126708984,,,,,,4.0,102.60387420654297,25.651073455810547,,,,,,,,,,,,,,,,,,,,,,,,,,,,,,snapshot_layer,16,phase2-selected,,,,,,,,,,,,,,,,
,,,I_shuffle,,,,,,,,,,,,14,,,,,,,,,,,,,,,,,,,,,,,,,,,,,,,,,,,,,,,,25.120866775512695,14.4486083984375,12.403326034545898,1.979353666305542,,,,,,4.0,60.838233947753906,45.04793167114258,,,,,,,,,,,,,,,,,,,,,,,,,,,,,,snapshot_layer,16,phase2-selected,,,,,,,,,,,,,,,,
,,,I_shuffle,,,,,,,,,,,,21,,,,,,,,,,,,,,,,,,,,,,,,,,,,,,,,,,,,,,,,25.53801155090332,15.307595252990723,12.5445556640625,2.388117551803589,,,,,,4.0,41.1944465637207,51.77235794067383,,,,,,,,,,,,,,,,,,,,,,,,,,,,,,snapshot_layer,16,phase2-selected,,,,,,,,,,,,,,,,
,,,I_shuffle,,,,,,,,,,,,27,,,,,,,,,,,,,,,,,,,,,,,,,,,,,,,,,,,,,,,,25.46405792236328,14.831059455871582,12.545921325683594,2.1642184257507324,,,,,,4.0,51.63297653198242,153.86024475097656,,,,,,,,,,,,,,,,,,,,,,,,,,,,,,snapshot_layer,16,phase2-selected,,,,,,,,,,,,,,,,
,,,I_zero,0.0,,0.0,0.0,0.0,0.0,0.0,0.0,0.0,0.0,0.0,,,0.0,0.0,0.0,0.0,,,,0.0,0.0,0.0,0.0,0.0,0.0,0.0,0.0,0.0,0.0,0.0,0.0,0.0,8.0,0.0,,,,0.0,0.0,0.0,0.0,0.0,4.0,4.0,two_level,short_slots,prompt_summary,4.0,pooled_block,,,,,,0.743331253528595,,0.1970457285642624,0.16433371603488922,0.024929983541369438,4.0,,,0.0,0.0,,,1.473654492656351e-06,1.473654492656351e-06,1.473654492656351e-06,0.0,0.0,0.0,0.0,0.0,0.0,0.0,,4.0,0.0,0.0,0.0,0.0,1.0,0.25,0.0,0.0,0.0,8.0,0.0,0.0,0.0,snapshot_aggregate,16,phase2-selected,,0.0,0.0,0.0,0.0,0.0,,,0.0,,,,0.0,0.0,0.0,
,,,I_zero,,,,,,,,,,,,0,,,,,,,,,,,,,,,,,,,,,,,,,,,,,,,,,,,,,,,,0.24294143915176392,0.12149020284414291,0.12149020284414291,0.0,,,,,,4.0,2200.265625,19.26621437072754,,,,,,,,,,,,,,,,,,,,,,,,,,,,,,snapshot_layer,16,phase2-selected,,,,,,,,,,,,,,,,
,,,I_zero,,,,,,,,,,,,7,,,,,,,,,,,,,,,,,,,,,,,,,,,,,,,,,,,,,,,,0.3318038880825043,0.1658903807401657,0.1658903807401657,0.0,,,,,,4.0,109.58971405029297,51.37620162963867,,,,,,,,,,,,,,,,,,,,,,,,,,,,,,snapshot_layer,16,phase2-selected,,,,,,,,,,,,,,,,
,,,I_zero,,,,,,,,,,,,14,,,,,,,,,,,,,,,,,,,,,,,,,,,,,,,,,,,,,,,,0.31918904185295105,0.15960198640823364,0.15960198640823364,0.0,,,,,,4.0,115.8324966430664,88.78581237792969,,,,,,,,,,,,,,,,,,,,,,,,,,,,,,snapshot_layer,16,phase2-selected,,,,,,,,,,,,,,,,
,,,I_zero,,,,,,,,,,,,21,,,,,,,,,,,,,,,,,,,,,,,,,,,,,,,,,,,,,,,,0.3552398085594177,0.17764031887054443,0.17764031887054443,0.0,,,,,,4.0,61.02933120727539,88.6976547241211,,,,,,,,,,,,,,,,,,,,,,,,,,,,,,snapshot_layer,16,phase2-selected,,,,,,,,,,,,,,,,
,,,I_zero,,,,,,,,,,,,27,,,,,,,,,,,,,,,,,,,,,,,,,,,,,,,,,,,,,,,,0.3940983712673187,0.1970457285642624,0.1970457285642624,0.0,,,,,,4.0,90.47187042236328,159.09034729003906,,,,,,,,,,,,,,,,,,,,,,,,,,,,,,snapshot_layer,16,phase2-selected,,,,,,,,,,,,,,,,
False,0.0,off,I_real,1.0,4.64253002716979e-10,1.2282923460006714,0.9992855787277222,35.940547943115234,31.054481506347656,28.829511642456055,3.9775760173797607,-0.0267828106880188,2.7492836713790894,0.0,,2.9802322831784522e-09,7.000044822692871,1.0000001431738843,0.9986006617546082,41.61264419555664,0.9968068599700928,0.0,1.6128612756729126,117.78074645996094,117.69837188720703,1.6652381420135498,1.6652381420135498,0.002149968047446851,1739.356201171875,1728.617431640625,41.705589294433594,41.57664489746094,41.705589294433594,41.641761779785156,0.04476669430732727,0.0021490473533626255,8.0,70.67960366610995,0.008565905503928661,0.0,3.9775760173797607,61.86260223388672,-0.0267828106880188,32.881736755371094,30.860885620117188,2.0859031677246094,4.0,4.0,two_level,short_slots,none,4.0,structured_support_set,full,,,,,56.67905807495117,3.0271518810605042e-09,15.305079460144043,12.489386558532715,2.1542818546295166,4.0,,,0.5000414848327637,2.600598963908851e-05,0.0,0.0,0.6931482553482056,0.6931482553482056,0.6931482553482056,0.0,0.7699422836303711,-0.0010831884574145079,0.7699422836303711,-0.0010831884574145079,0.0,0.0,1.0000196787193811e-10,4.0,-0.0015913574025034904,0.0,0.009316593408584595,0.0036406891886144876,0.25,1.0,2.9989023208618164,1.2282923460006714,0.9992855787277222,8.0,1.0,1.5450369119644165,0.9987602233886719,train_event,1,phase2-selected,1.4652766727121674e-06,5.0,87.74468994140625,39.241390228271484,39.24061965942383,0.0008866278803907335,1.4652799791292637e-06,5.612688870844529e-10,117.78074645996094,3.222217225240295e-17,0.05,-2.7814948566629027e-08,41.705589294433594,41.641761779785156,0.04476669430732727,146.58379415992516
False,0.0,off,I_real,1.0,2.25751404211997e-10,1.2282923460006714,0.9992855787277222,35.940589904785156,31.054475784301758,28.829505920410156,3.9775753021240234,-0.026783078908920288,2.749282956123352,0.0,,4.5140583893044095e-07,7.000044822692871,1.000000071586937,0.9986007213592529,41.612640380859375,0.9968068599700928,0.0,1.6128606796264648,117.78075408935547,117.69839477539062,1.6652382612228394,1.6652382612228394,0.0021499655448544213,1739.3564453125,1728.61767578125,41.70559310913086,41.5766487121582,41.70559310913086,41.641761779785156,0.04476689174771309,0.002149041537251012,8.0,70.67961235106429,0.00856595579534769,0.0,3.9775753021240234,61.86260986328125,-0.026783078908920288,32.881736755371094,30.860889434814453,2.0859036445617676,4.0,4.0,two_level,short_slots,none,4.0,structured_support_set,full,,,,,56.67905044555664,1.257655884221123e-09,15.305079460144043,12.489387512207031,2.1542809009552,4.0,,,0.5000414848327637,2.600598963908851e-05,0.0,0.0,0.6931482553482056,0.6931482553482056,0.6931482553482056,0.0,0.7699422836303711,-0.001083187758922577,0.7699422836303711,-0.001083187758922577,0.0,0.0,4.912377139767714e-11,4.0,-0.0015913482056930661,0.0,0.009316631592810154,0.003640692215412855,0.25,1.0,2.998901605606079,1.2282923460006714,0.9992855787277222,8.0,1.0,1.5450371503829956,0.9987601041793823,train_event,2,phase2-selected,0.00018785907378610493,5.0,87.74514770507812,39.243064880371094,39.240821838378906,0.0012464537285268307,0.00018785907013807446,3.843941053865053e-09,117.78075408935547,4.929474678520536e-15,0.05,1.5488954829834256e-07,41.70559310913086,41.641761779785156,0.04476689174771309,18786.29177271588
False,0.0,off,I_real,1.0,3.2934335974551075e-10,1.2282923460006714,0.9992855787277222,35.94063186645508,31.05451774597168,28.829526901245117,3.9775753021240234,-0.026783276349306107,2.749282956123352,0.0,,2.502334064047318e-05,7.0000457763671875,1.0000001431738639,0.9986007213592529,41.61262893676758,0.9968069791793823,0.0,1.612861156463623,117.78072357177734,117.69834899902344,1.6652382612228394,1.6652381420135498,0.0021499989429513136,1739.35546875,1728.6168212890625,41.70558166503906,41.576637268066406,41.70558166503906,41.64175033569336,0.044768087565898895,0.0021490769285303067,8.0,70.67958486168439,0.008565972559154034,0.0,3.9775753021240234,61.86268997192383,-0.026783276349306107,32.88180160522461,30.860931396484375,2.085909128189087,4.0,4.0,two_level,short_slots,none,4.0,structured_support_set,full,,,,,56.67906188964844,2.0768527686214932e-09,15.30508804321289,12.489389419555664,2.1542861461639404,4.0,,,0.5000414848327637,2.600598963908851e-05,0.0,0.0,0.6931482553482056,0.6931482553482056,0.6931482553482056,0.0,0.7699422836303711,-0.001083187758922577,0.7699422836303711,-0.001083187758922577,0.0,0.0,7.006394944475908e-11,4.0,-0.0015914203831925988,0.0,0.00931631401181221,0.0036406652070581913,0.25,1.0,2.9989013671875,1.2282923460006714,0.9992855787277222,8.0,1.0,1.5450379848480225,0.9987601041793823,train_event,3,phase2-selected,0.001578183069161942,5.0,87.7455825805664,39.2431640625,39.24101638793945,0.0018416250823065639,0.0015781831461936235,2.877629384936837e-08,117.78072357177734,1.3898769830357482e-13,0.05,-5.050294475950068e-07,41.70558166503906,41.64175033569336,0.044768087565898895,157821.18454557913
False,0.0,off,I_real,1.0,2.032925778178352e-10,1.2282923460006714,0.9992855787277222,35.94062805175781,31.054494857788086,28.829526901245117,3.9775753021240234,-0.026783455163240433,2.749282956123352,0.0,,1.1190175428055227e-05,7.000041484832764,1.0,0.9986007213592529,41.61263656616211,0.9968068599700928,0.0,1.6128607988357544,117.78074645996094,117.69837188720703,1.665239691734314,1.6652393341064453,0.002150039998007073,1739.356201171875,1728.6170654296875,41.705589294433594,41.57664108276367,41.705589294433594,41.641754150390625,0.044767916202545166,0.002149108215025371,8.0,70.67953788960347,0.008565995842218399,0.0,3.9775753021240234,61.8626708984375,-0.026783455163240433,32.881778717041016,30.860918045043945,2.0859076976776123,4.0,4.0,two_level,short_slots,none,4.0,structured_support_set,full,,,,,56.67906188964844,1.2894064338075639e-09,15.30508804321289,12.489389419555664,2.1542837619781494,4.0,,,0.5000414848327637,2.600598963908851e-05,0.0,0.0,0.6931482553482056,0.6931482553482056,0.6931482553482056,0.0,0.7699422836303711,-0.001083187758922577,0.7699422836303711,-0.001083187758922577,0.0,0.0,4.355243611654823e-11,4.0,-0.0015913889510557055,0.0,0.00931644905358553,0.0036406773142516613,0.25,1.0,2.998901844024658,1.2282923460006714,0.9992855787277222,8.0,1.0,1.545037865638733,0.9987601041793823,train_event,4,phase2-selected,0.003095568886156059,5.0,87.74563598632812,39.24171447753906,39.24104690551758,0.00048153509851545095,0.0030955688562244177,2.3029366725971205e-08,117.78074645996094,1.253396583571209e-12,0.05,9.091626225199434e-07,41.705589294433594,41.641754150390625,0.044767916202545166,309559.1915522785
False,0.0,off,I_real,1.0,6.732527589337226e-11,1.2282922267913818,0.9992855787277222,35.94063186645508,31.05449104309082,28.829498291015625,3.9775753021240234,-0.026783574372529984,2.7492830753326416,0.0,,1.9346394765307195e-05,7.000044822692871,1.0,0.9986006617546082,41.612640380859375,0.9968069791793823,0.0,1.6128603219985962,117.78074645996094,117.69837188720703,1.6652384996414185,1.6652382612228394,0.002149980023218191,1739.356201171875,1728.6173095703125,41.705589294433594,41.57664489746094,41.705589294433594,41.641761779785156,0.04476726055145264,0.0021490607589996127,8.0,70.67958848690529,0.008566002361476421,0.0,3.9775753021240234,61.86265563964844,-0.026783574372529984,32.88176727294922,30.860912322998047,2.085906505584717,4.0,4.0,two_level,short_slots,none,4.0,structured_support_set,full,,,,,56.67905807495117,1.2033553877368516e-09,15.30508804321289,12.489389419555664,2.154283285140991,4.0,,,0.5000414848327637,2.600598963908851e-05,0.0,0.0,0.6931482553482056,0.6931482553482056,0.6931482553482056,0.0,0.7699422836303711,-0.001083187758922577,0.7699422836303711,-0.001083187758922577,0.0,0.0,1.4068819406482711e-11,4.0,-0.0015913802199065685,0.0,0.009316488169133663,0.0036406812723726034,0.25,1.0,2.998901605606079,1.2282922267913818,0.9992855787277222,8.0,1.0,1.5450365543365479,0.9987601041793823,train_event,5,phase2-selected,0.0011259645630639326,5.0,87.74482727050781,39.24314880371094,39.240684509277344,0.0017848788993433118,0.001125964568927884,3.8611330808576626e-08,117.78074645996094,3.859209826706511e-12,0.05,-7.967854571688804e-07,41.705589294433594,41.641761779785156,0.04476726055145264,112600.31743947412
False,0.0,off,I_real,1.0,1.0423461587245933e-09,1.2282923460006714,0.9992855787277222,35.94062042236328,31.054489135742188,28.829509735107422,3.9775753021240234,-0.026783671230077744,2.749282956123352,0.0,,8.652408723719418e-06,7.000044822692871,1.0000008590421994,0.9986007213592529,41.612640380859375,0.9968068599700928,0.0,1.6128616333007812,117.7807388305664,117.69837188720703,1.6652405261993408,1.665239930152893,0.002150021065515913,1739.3558349609375,1728.616943359375,41.70558547973633,41.576637268066406,41.70558547973633,41.641754150390625,0.04476793855428696,0.002149073195507304,8.0,70.67950247153529,0.008566005155444145,0.0,3.9775753021240234,61.86266326904297,-0.026783671230077744,32.881778717041016,30.860919952392578,2.085906744003296,4.0,4.0,two_level,short_slots,none,4.0,structured_support_set,full,,,,,56.67906951904297,5.172851913973641e-09,15.305091857910156,12.48939037322998,2.1542842388153076,4.0,,,0.5000414848327637,2.600598963908851e-05,0.0,0.0,0.6931482553482056,0.6931482553482056,0.6931482553482056,0.0,0.7699422836303711,-0.001083187758922577,0.7699422836303711,-0.001083187758922577,0.0,0.0,2.182571506316621e-10,4.0,-0.0015913937240839005,0.0,0.009316430427134037,0.0036406752187758684,0.25,1.0,2.998901844024658,1.2282923460006714,0.9992855787277222,8.0,1.0,1.5450371503829956,0.9987601041793823,train_event,6,phase2-selected,0.0006700117032407782,5.0,87.74441528320312,39.24171829223633,39.24049758911133,0.001480234321206808,0.0006700116791762412,2.9763187308232566e-08,117.7807388305664,3.022156093088202e-12,0.05,-1.3127906539622813e-09,41.70558547973633,41.641754150390625,0.04476793855428696,67004.14664280864
False,0.0,off,I_real,1.0,1.395968120804938e-09,1.228292465209961,0.9992855787277222,35.940650939941406,31.05449676513672,28.829559326171875,3.9775753021240234,-0.026783866807818413,2.7492828369140625,0.0,,4.263878054189263e-06,7.0000457763671875,1.0,0.9986006617546082,41.61262130737305,0.9968068599700928,0.0,1.6128612756729126,117.78070831298828,117.6983413696289,1.6652381420135498,1.6652381420135498,0.002150019787607789,1739.3551025390625,1728.6160888671875,41.70557403564453,41.576629638671875,41.70557403564453,41.64174270629883,0.04476684331893921,0.0021490858796486467,8.0,70.67958533985538,0.008565976284444332,0.0,3.9775753021240234,61.862728118896484,-0.026783866807818413,32.8818244934082,30.860950469970703,2.0859124660491943,4.0,4.0,two_level,short_slots,none,4.0,structured_support_set,full,,,,,56.67908477783203,1.0705405507854107e-08,15.305097579956055,12.489392280578613,2.1542882919311523,4.0,,,0.5000414848327637,2.600598963908851e-05,0.0,0.0,0.6931482553482056,0.6931482553482056,0.6931482553482056,0.0,0.7699422836303711,-0.001083187758922577,0.7699422836303711,-0.001083187758922577,0.0,0.0,2.8493542639649996e-10,4.0,-0.0015914476243779063,0.0,0.009316196665167809,0.0036406542640179396,0.25,1.0,2.998899459838867,1.228292465209961,0.9992855787277222,8.0,1.0,1.5450382232666016,0.9987601041793823,train_event,7,phase2-selected,0.0004470818075392743,5.0,87.74751281738281,39.245460510253906,39.24187469482422,0.0024936229456216097,0.00044708180939778686,4.7676857046419225e-09,117.78070831298828,2.9815364925773503e-15,0.05,6.50497668175376e-07,41.70557403564453,41.64174270629883,0.04476684331893921,41762.69407982447
False,0.0,off,I_real,1.0,6.414541231361331e-11,1.2282923460006714,0.9992855787277222,35.940608978271484,31.054466247558594,28.829505920410156,3.9775760173797607,-0.026784133166074753,2.7492836713790894,0.0,,2.2024751160643063e-05,7.000043869018555,1.0000002147607805,0.9986007213592529,41.61262893676758,0.9968068599700928,0.0,1.6128607988357544,117.78071594238281,117.69832611083984,1.6652392148971558,1.6652377843856812,0.0021499993692905726,1739.35546875,1728.6165771484375,41.70558166503906,41.57663345336914,41.70558166503906,41.64175033569336,0.04476793855428696,0.0021490841676456225,8.0,70.67953063915134,0.008565980941057205,0.0,3.9775760173797607,61.86266326904297,-0.026784133166074753,32.881771087646484,30.860916137695312,2.085906505584717,4.0,4.0,two_level,short_slots,none,4.0,structured_support_set,full,,,,,56.67908477783203,3.8089437115936745e-10,15.305098533630371,12.489395141601562,2.1542844772338867,4.0,,,0.5000414848327637,2.600598963908851e-05,0.0,0.0,0.6931482553482056,0.6931482553482056,0.6931482553482056,0.0,0.7699422836303711,-0.001083187758922577,0.7699422836303711,-0.001083187758922577,0.0,0.0,1.3544427880849351e-11,4.0,-0.0015913837123662233,0.0,0.009316481649875641,0.0036406791768968105,0.25,1.0,2.9989001750946045,1.2282923460006714,0.9992855787277222,8.0,1.0,1.5450363159179688,0.9987602233886719,train_event,8,phase2-selected,0.004229803608739742,5.0,87.7456283569336,39.24348068237305,39.24104309082031,0.0014488720335066319,0.004229803569614887,5.1015760717591716e-08,117.78071594238281,1.9956471371262996e-12,0.05,-2.7198620955459774e-07,41.70558166503906,41.64175033569336,0.04476793855428696,422985.4624500459
False,0.0,off,I_real,1.0,6.170504810074427e-09,1.2282923460006714,0.9992855787277222,35.940616607666016,31.054471969604492,28.829538345336914,3.9775753021240234,-0.026784315705299377,2.749282956123352,0.0,,2.992387453559786e-05,7.000042915344238,1.0000001431738228,0.9986006617546082,41.61262893676758,0.9968067407608032,0.0,1.6128612756729126,117.78071594238281,117.69834899902344,1.6652382612228394,1.6652382612228394,0.0021500006205899614,1739.3553466796875,1728.61669921875,41.70558547973633,41.57663345336914,41.70558547973633,41.64175033569336,0.04476889222860336,0.002149072803717184,8.0,70.67958486168439,0.00856596790254116,0.0,3.9775753021240234,61.862667083740234,-0.026784315705299377,32.88178253173828,30.860919952392578,2.0859084129333496,4.0,4.0,two_level,short_slots,none,4.0,structured_support_set,full,,,,,56.67910385131836,4.683603873654013e-08,15.30510139465332,12.489398002624512,2.154285192489624,4.0,,,0.5000414848327637,2.600598963908851e-05,0.0,0.0,0.6931482553482056,0.6931482553482056,0.6931482553482056,0.0,0.7699422836303711,-0.0010831865947693586,0.7699422836303711,-0.0010831865947693586,0.0,0.0,1.4082306154701463e-09,4.0,-0.0015913901152089238,0.0,0.00931645929813385,0.0036406780127435923,0.25,1.0,2.998900890350342,1.2282923460006714,0.9992855787277222,8.0,1.0,1.5450365543365479,0.9987602233886719,train_event,9,phase2-selected,0.0021298086743548102,5.0,87.74652862548828,39.24327850341797,39.2414436340332,0.0017000081716105342,0.002129808533936739,1.654245899328926e-08,117.78071594238281,2.829143169735815e-13,0.05,-4.961802915204316e-07,41.70558547973633,41.64175033569336,0.04476889222860336,45474.0681378798
False,0.0,off,I_real,1.0,6.864615341821548e-10,1.228292465209961,0.9992855787277222,35.94071578979492,31.05450439453125,28.829593658447266,3.9775760173797607,-0.026785563677549362,2.7492835521698,0.0,,1.380801222694572e-05,7.000044822692871,1.0000002147606728,0.9986007213592529,41.61262130737305,0.9968068599700928,0.0,1.6128616333007812,117.78070068359375,117.69832611083984,1.665239691734314,1.665238857269287,0.0021500373867608894,1739.35498046875,1728.615966796875,41.7055778503418,41.57662582397461,41.7055778503418,41.64174270629883,0.044770002365112305,0.002149094129278377,8.0,70.67951040024718,0.008565913885831833,0.0,3.9775760173797607,61.86277770996094,-0.026785563677549362,32.88185119628906,30.860980987548828,2.08591365814209,4.0,4.0,two_level,short_slots,none,4.0,structured_support_set,full,,,,,56.679168701171875,3.3512723253751567e-09,15.305123329162598,12.489412307739258,2.154289484024048,4.0,,,0.5000414848327637,2.600598963908851e-05,0.0,0.0,0.6931482553482056,0.6931482553482056,0.6931482553482056,0.0,0.7699422836303711,-0.001083187758922577,0.7699422836303711,-0.001083187758922577,0.0,0.0,1.5060596874749348e-10,4.0,-0.0015914503019303083,0.0,0.00931618269532919,0.0036406537983566523,0.25,1.0,2.998901844024658,1.228292465209961,0.9992855787277222,8.0,1.0,1.5450373888015747,0.9987602233886719,train_event,10,phase2-selected,0.0007545817747263487,5.0,87.74730682373047,39.24397659301758,39.241790771484375,0.001626387587748468,0.0007545818225480616,3.386943577386919e-08,117.78070068359375,1.1611037652181633e-12,0.05,2.851068643394683e-07,41.7055778503418,41.64174270629883,0.044770002365112305,75461.56441621225
False,0.0,off,I_real,1.0,2.857609490855706e-09,1.2282923460006714,0.9992855787277222,35.94068908691406,31.054462432861328,28.829574584960938,3.9775760173797607,-0.02678680047392845,2.7492836713790894,0.0,,1.8547376384958625e-05,7.000047206878662,1.0000002863477073,0.9986007213592529,41.61262512207031,0.9968069195747375,0.0,1.6128607988357544,117.78071594238281,117.69834899902344,1.6652387380599976,1.6652382612228394,0.002150028655370971,1739.3555908203125,1728.6165771484375,41.70558547973633,41.57663345336914,41.70558547973633,41.64175033569336,0.04476845636963844,0.002149094665226735,8.0,70.6795646227531,0.008565915748476982,0.0,3.9775760173797607,61.862754821777344,-0.02678680047392845,32.88180923461914,30.8609619140625,2.0859079360961914,4.0,4.0,two_level,short_slots,none,4.0,structured_support_set,full,,,,,56.679195404052734,1.835758481068737e-08,15.305127143859863,12.489419937133789,2.154283046722412,4.0,,,0.5000414848327637,2.600598963908851e-05,0.0,0.0,0.6931482553482056,0.6931482553482056,0.6931482553482056,0.0,0.7699422836303711,-0.001083187758922577,0.7699422836303711,-0.001083187758922577,0.0,0.0,6.369467880790545e-10,4.0,-0.0015913877869024873,0.0,0.009316455572843552,0.003640677547082305,0.25,1.0,2.9989013671875,1.2282923460006714,0.9992855787277222,8.0,1.0,1.5450373888015747,0.9987602829933167,train_event,11,phase2-selected,0.0007978104262667057,5.0,87.74667358398438,39.2435417175293,39.24150085449219,0.0014680539024993777,0.0007978104404173791,2.5987438215457495e-08,117.78071594238281,2.8795507102906404e-13,0.05,4.4627191186918935e-07,41.70558547973633,41.64175033569336,0.04476845636963844,43460.85947212614
False,0.0,off,I_real,1.0,1.050501474689942e-09,1.228292465209961,0.9992855787277222,35.94077682495117,31.054475784301758,28.829580307006836,3.9775753021240234,-0.026788292452692986,2.7492828369140625,0.0,,2.533749648137018e-05,7.000046253204346,1.0,0.9986007809638977,41.61262893676758,0.9968069791793823,0.0,1.6128607988357544,117.78071594238281,117.69837188720703,1.6652384996414185,1.6652381420135498,0.002149998269343891,1739.355224609375,1728.61669921875,41.70557403564453,41.57663345336914,41.70557403564453,41.641746520996094,0.04476656764745712,0.0021490631310964745,8.0,70.67958848690529,0.008565923199057579,0.0,3.9775753021240234,61.86281204223633,-0.026788292452692986,32.88184356689453,30.860992431640625,2.0859110355377197,4.0,4.0,two_level,short_slots,none,4.0,structured_support_set,full,,,,,56.67924880981445,7.137348493113009e-09,15.305145263671875,12.489431381225586,2.1542835235595703,4.0,,,0.5000414848327637,2.600598963908851e-05,0.0,0.0,0.6931482553482056,0.6931482553482056,0.6931482553482056,0.0,0.7699422836303711,-0.001083190320059657,0.7699422836303711,-0.001083190320059657,0.0,0.0,2.2088679890443222e-10,4.0,-0.0015914069954305887,0.0,0.009316381067037582,0.00364067149348557,0.25,1.0,2.9989001750946045,1.228292465209961,0.9992855787277222,8.0,1.0,1.5450371503829956,0.9987601041793823,train_event,12,phase2-selected,0.0017788693365549451,5.0,87.7474365234375,39.244388580322266,39.241844177246094,0.0014642704045400023,0.0017788693075999618,4.451163025689634e-08,117.78071594238281,8.841055058189662e-13,0.05,-1.6971743832527864e-07,41.70557403564453,41.641746520996094,0.04476656764745712,177891.3848185202
False,0.0,off,I_real,1.0,1.949211105383279e-09,1.228292465209961,0.9992854595184326,35.94081115722656,31.05449104309082,28.82961654663086,3.9775753021240234,-0.026789590716362,2.7492828369140625,0.0,,1.4884113625157624e-05,7.000043869018555,1.000000071586932,0.9986007809638977,41.612613677978516,0.9968068599700928,0.0,1.6128612756729126,117.78067016601562,117.69831848144531,1.6652382612228394,1.6652379035949707,0.002150048318051866,1739.3543701171875,1728.615478515625,41.705570220947266,41.576622009277344,41.705570220947266,41.6417350769043,0.04476900026202202,0.002149088210375181,8.0,70.67956653543112,0.00856591947376728,0.0,3.9775753021240234,61.86289978027344,-0.026789590716362,32.88189697265625,30.861038208007812,2.0859169960021973,4.0,4.0,two_level,short_slots,none,4.0,structured_support_set,full,,,,,56.679283142089844,1.2159133213536444e-08,15.305161476135254,12.489441871643066,2.154284715652466,4.0,,,0.5000414848327637,2.600598963908851e-05,0.0,0.0,0.6931482553482056,0.6931482553482056,0.6931482553482056,0.0,0.7699422836303711,-0.0010831884574145079,0.7699422836303711,-0.0010831884574145079,0.0,0.0,4.2848615542232577e-10,4.0,-0.001591451931744814,0.0,0.009316179901361465,0.0036406537983566523,0.25,1.0,2.9989006519317627,1.228292465209961,0.9992854595184326,8.0,1.0,1.5450379848480225,0.9987601041793823,train_event,13,phase2-selected,0.0007446732079154868,5.0,87.7477798461914,39.24348831176758,39.242000579833984,0.0014465430285781622,0.0007446732488460839,1.259663260504258e-08,117.78067016601562,1.206494756531007e-13,0.05,-4.118867877878074e-07,41.705570220947266,41.6417350769043,0.04476900026202202,61244.974577550696
False,0.0,off,I_real,1.0,5.817424166041523e-09,1.228292465209961,0.9992854595184326,35.94081497192383,31.05446434020996,28.82960319519043,3.9775760173797607,-0.026791028678417206,2.7492835521698,0.0,,4.694898962043226e-06,7.000041484832764,1.000000429521438,0.9986006617546082,41.61262130737305,0.9968069195747375,0.0,1.6128613948822021,117.78071594238281,117.69832611083984,1.6652392148971558,1.665238857269287,0.002149997376186262,1739.354736328125,1728.615966796875,41.705570220947266,41.57662582397461,41.705570220947266,41.64174270629883,0.04476642608642578,0.002149057212185334,8.0,70.67953063915134,0.00856595765799284,0.0,3.9775760173797607,61.862884521484375,-0.026791028678417206,32.88187026977539,30.86102867126465,2.0859131813049316,4.0,4.0,two_level,short_slots,none,4.0,structured_support_set,full,,,,,56.67933654785156,2.9230231143775857e-08,15.305170059204102,12.489450454711914,2.154280662536621,4.0,,,0.5000414848327637,2.600598963908851e-05,0.0,0.0,0.6931482553482056,0.6931482553482056,0.6931482553482056,0.0,0.7699422836303711,-0.001083189039491117,0.7699422836303711,-0.001083189039491117,0.0,0.0,1.2145318744353462e-09,4.0,-0.0015914017567411065,0.0,0.00931641086935997,0.003640673588961363,0.25,1.0,2.998899459838867,1.228292465209961,0.9992854595184326,8.0,1.0,1.545037031173706,0.9987601041793823,train_event,14,phase2-selected,0.0003213038774914831,5.0,87.7489013671875,39.243186950683594,39.24250411987305,0.0005835838383063674,0.00032130390172824264,1.7245690743353826e-08,117.78071594238281,7.694489034641705e-13,0.05,4.229254457754905e-08,41.705570220947266,41.64174270629883,0.04476642608642578,10992.767097931315
False,0.0,off,I_real,1.0,1.7094643380968527e-09,1.2282923460006714,0.9992855787277222,35.940853118896484,31.054458618164062,28.829626083374023,3.9775753021240234,-0.02679242007434368,2.749282956123352,0.0,,1.0696729077608325e-05,7.0000481605529785,1.0,0.9986007809638977,41.61262130737305,0.9968068599700928,0.0,1.6128612756729126,117.78070068359375,117.69831848144531,1.6652382612228394,1.6652381420135498,0.0021500020509613044,1739.3548583984375,1728.615966796875,41.70557403564453,41.57662582397461,41.70557403564453,41.64174270629883,0.04476770758628845,0.002149057603977266,8.0,70.67956653543112,0.00856595765799284,0.0,3.9775753021240234,61.862911224365234,-0.02679242007434368,32.881874084472656,30.861042022705078,2.0859146118164062,4.0,4.0,two_level,short_slots,none,4.0,structured_support_set,full,,,,,56.67935562133789,9.43143312647045e-09,15.305187225341797,12.489458084106445,2.15427827835083,4.0,,,0.5000414848327637,2.600598963908851e-05,0.0,0.0,0.6931482553482056,0.6931482553482056,0.6931482553482056,0.0,0.7699422836303711,-0.0010831884574145079,0.7699422836303711,-0.0010831884574145079,0.0,0.0,3.686232738972194e-10,4.0,-0.001591386622749269,0.0,0.009316484443843365,0.003640680341050029,0.25,1.0,2.9989001750946045,1.2282923460006714,0.9992855787277222,8.0,1.0,1.545037031173706,0.9987602233886719,train_event,15,phase2-selected,0.0004234555314205298,5.0,87.74757385253906,39.242706298828125,39.241905212402344,0.00042454342474229634,0.00042345552355982363,5.915045326608254e-09,117.78070068359375,1.0846315334864676e-14,0.05,3.778358177441987e-07,41.70557403564453,41.64174270629883,0.04476770758628845,42346.144646585635
False,0.0,off,I_real,1.0,1.2189827066265552e-09,1.2282923460006714,0.9992854595184326,35.94089889526367,31.054473876953125,28.829668045043945,3.9775753021240234,-0.026793505996465683,2.749282956123352,0.0,,5.946159035374876e-06,7.0000457763671875,1.0,0.9986007213592529,41.61260986328125,0.9968069195747375,0.0,1.612861156463623,117.7806625366211,117.69829559326172,1.6652393341064453,1.6652382612228394,0.00215000926991718,1739.354248046875,1728.6153564453125,41.70556640625,41.576622009277344,41.70556640625,41.6417350769043,0.04476729780435562,0.002149084910522244,8.0,70.67950725318275,0.008565922267735004,0.0,3.9775753021240234,61.86299514770508,-0.026793505996465683,32.88190841674805,30.861080169677734,2.085916042327881,4.0,4.0,two_level,short_slots,none,4.0,structured_support_set,full,,,,,56.67940139770508,7.1431805174743065e-09,15.30521297454834,12.489465713500977,2.154280424118042,4.0,,,0.5000414848327637,2.600598963908851e-05,0.0,0.0,0.6931482553482056,0.6931482553482056,0.6931482553482056,0.0,0.7699422836303711,-0.001083187758922577,0.7699422836303711,-0.001083187758922577,0.0,0.0,2.588614694415085e-10,4.0,-0.0015914123505353928,0.0,0.00931636057794094,0.0036406691651791334,0.25,1.0,2.998900890350342,1.2282923460006714,0.9992854595184326,8.0,1.0,1.5450371503829956,0.9987602829933167,train_event,16,phase2-selected,0.00022246423967705407,5.0,87.74917602539062,39.24456024169922,39.24262237548828,0.0016284763114526868,0.00022246423759497702,1.9635496338383352e-08,117.7806625366211,6.289247551569122e-13,0.05,8.116331429164347e-08,41.70556640625,41.6417350769043,0.04476729780435562,22248.387517339244
False,0.0,off,I_shuffle,1.0,6.889428237617161e-10,1.2316474914550781,0.9992609024047852,35.95431137084961,31.067806243896484,28.840927124023438,3.9775969982147217,-0.026747729629278183,2.7459495067596436,0.0,,2.268826346081631e-18,7.0000457763671875,1.000000071586932,0.9986037611961365,41.65707778930664,0.9968147873878479,0.0,1.6121666431427002,117.9063491821289,117.82411193847656,1.665238380432129,1.6652382612228394,0.0025411817539635977,1741.15478515625,1728.7122802734375,41.727142333984375,41.57778549194336,41.727142333984375,41.686153411865234,0.052999500185251236,0.0025423452928651064,8.0,70.7551022862572,0.008559669367969036,0.0,3.9775969982147217,61.88933563232422,-0.026747729629278183,32.89150619506836,30.87430763244629,2.085592031478882,4.0,4.0,two_level,short_slots,none,4.0,structured_support_set,full,,,,,56.6861572265625,4.4789223359154915e-09,15.30746078491211,12.49043083190918,2.157576084136963,4.0,,,0.5000984072685242,7.584939157823101e-05,0.0,0.0,0.6931482553482056,0.6931482553482056,0.6931481957435608,0.0,0.7699422836303711,-0.0010831884574145079,0.7699422836303711,-0.0010831884574145079,0.0,0.0,1.476390644003169e-10,4.0,-0.0016005525831133127,0.0,0.009359483607113361,0.0035621554125100374,0.25,1.0,2.9990921020507812,1.2316474914550781,0.9992609024047852,8.0,1.0,1.5418750047683716,0.9987763166427612,train_event,1,phase2-selected,1.464033989871943e-06,5.0,87.74496459960938,39.24240493774414,39.240745544433594,0.001431157230399549,1.4640411336586112e-06,5.790302279232502e-10,117.9063491821289,4.537652444009078e-17,0.05,2.97825746287117e-08,41.727142333984375,41.686153411865234,0.052999500185251236,146.4613020099866
False,0.0,off,I_shuffle,1.0,2.375111998725122e-10,1.2316477298736572,0.9992610216140747,35.95439910888672,31.067852020263672,28.84098243713379,3.9775967597961426,-0.02674795687198639,2.7459490299224854,0.0,,4.2319297222093155e-07,7.0000457763671875,1.0,0.9986036419868469,41.657066345214844,0.9968147873878479,0.0,1.6121662855148315,117.90632629394531,117.82405853271484,1.6652379035949707,1.6652377843856812,0.002541108187912146,1741.154052734375,1728.7120361328125,41.727142333984375,41.57777786254883,41.727142333984375,41.68614196777344,0.052998706698417664,0.002542282628169086,8.0,70.75509047587276,0.00855971034616232,0.0,3.9775967597961426,61.88946533203125,-0.02674795687198639,32.8915901184082,30.87436866760254,2.085597515106201,4.0,4.0,two_level,short_slots,none,4.0,structured_support_set,full,,,,,56.68617248535156,1.2433763873493338e-09,15.307472229003906,12.490434646606445,2.1575827598571777,4.0,,,0.5000984072685242,7.584939157823101e-05,0.0,0.0,0.6931482553482056,0.6931482553482056,0.6931481957435608,0.0,0.7699422836303711,-0.001083187758922577,0.7699422836303711,-0.001083187758922577,0.0,0.0,5.156965715320395e-11,4.0,-0.001600649207830429,0.0,0.009359054267406464,0.003562113270163536,0.25,1.0,2.9990921020507812,1.2316477298736572,0.9992610216140747,8.0,1.0,1.541875958442688,0.9987764358520508,train_event,2,phase2-selected,0.00018334964602547012,5.0,87.74736785888672,39.24346160888672,39.2418212890625,0.0009513200493529439,0.000183349649887532,3.3049403001150315e-09,117.90632629394531,6.687659273070393e-15,0.05,-1.6446159634142532e-07,41.727142333984375,41.68614196777344,0.052998706698417664,18335.29509657702
False,0.0,off,I_shuffle,1.0,4.0194271220301817e-10,1.2316476106643677,0.9992610216140747,35.95440673828125,31.06781005859375,28.840925216674805,3.9775962829589844,-0.026748251169919968,2.7459486722946167,0.0,,2.521236820030026e-05,7.000048637390137,1.0000002147607496,0.9986036419868469,41.65707015991211,0.9968147873878479,0.0,1.6121666431427002,117.90631866455078,117.82408142089844,1.6652384996414185,1.665238380432129,0.0025411152530204133,1741.154296875,1728.7125244140625,41.727142333984375,41.577789306640625,41.727142333984375,41.686153411865234,0.05299719423055649,0.002542299049730263,8.0,70.75507889486695,0.008559775538742542,0.0,3.9775962829589844,61.88938522338867,-0.026748251169919968,32.891536712646484,30.874332427978516,2.0855941772460938,4.0,4.0,two_level,short_slots,none,4.0,structured_support_set,full,,,,,56.68616485595703,2.3367025134568186e-09,15.30746841430664,12.490433692932129,2.157576560974121,4.0,,,0.5000984072685242,7.584939157823101e-05,0.0,0.0,0.6931482553482056,0.6931482553482056,0.6931481957435608,0.0,0.7699422836303711,-0.001083187758922577,0.7699422836303711,-0.001083187758922577,0.0,0.0,8.536500906189959e-11,4.0,-0.001600579940713942,0.0,0.009359360672533512,0.0035621437709778547,0.25,1.0,2.9990923404693604,1.2316476106643677,0.9992610216140747,8.0,1.0,1.5418753623962402,0.9987764358520508,train_event,3,phase2-selected,0.00138132621220066,5.0,87.7455062866211,39.24278259277344,39.24099349975586,0.0010214103385806084,0.0013813262339681387,2.0867479127091048e-08,117.90631866455078,1.8792853015946187e-13,0.05,5.335522246241453e-07,41.727142333984375,41.686153411865234,0.05299719423055649,138134.7079679787
False,0.0,off,I_shuffle,1.0,1.9719979391669764e-10,1.2316477298736572,0.9992609024047852,35.95442199707031,31.067832946777344,28.8409481048584,3.9775962829589844,-0.026748429983854294,2.745948553085327,0.0,,2.5609731437725713e-06,7.000041961669922,1.0000001431738537,0.9986037015914917,41.65707015991211,0.9968147873878479,0.0,1.6121665239334106,117.90634155273438,117.82408142089844,1.6652389764785767,1.6652384996414185,0.0025411302491825044,1741.1544189453125,1728.71240234375,41.727142333984375,41.57778549194336,41.727142333984375,41.686153411865234,0.05299904942512512,0.002542308434939111,8.0,70.75505863432103,0.008559780195355415,0.0,3.9775962829589844,61.88946533203125,-0.026748429983854294,32.8915901184082,30.874370574951172,2.0855984687805176,4.0,4.0,two_level,short_slots,none,4.0,structured_support_set,full,,,,,56.686187744140625,1.3179239391604815e-09,15.307476997375488,12.490435600280762,2.157580614089966,4.0,,,0.5000984072685242,7.584939157823101e-05,0.0,0.0,0.6931482553482056,0.6931482553482056,0.6931481957435608,0.0,0.7699422836303711,-0.001083187758922577,0.7699422836303711,-0.001083187758922577,0.0,0.0,4.213229426001458e-11,4.0,-0.0016006350051611662,0.0,0.009359118528664112,0.0035621211864054203,0.25,1.0,2.999093532562256,1.2316477298736572,0.9992609024047852,8.0,1.0,1.5418757200241089,0.9987763166427612,train_event,4,phase2-selected,0.0003965193085010269,5.0,87.74748992919922,39.24520492553711,39.24187088012695,0.001755238394252956,0.000396519317291677,2.1408725076880772e-08,117.90634155273438,1.708385494701703e-12,0.05,-9.357297585665947e-07,41.727142333984375,41.686153411865234,0.05299904942512512,39654.07172261038
False,0.0,off,I_shuffle,1.0,1.0131741951203993e-10,1.2316478490829468,0.9992610216140747,35.9544792175293,31.06784439086914,28.84099578857422,3.9775962829589844,-0.026748578995466232,2.7459484338760376,0.0,,5.855262133991346e-05,7.0000457763671875,1.0000010022158994,0.9986037015914917,41.65707015991211,0.9968149065971375,0.0,1.6121670007705688,117.90632629394531,117.82408142089844,1.6652411222457886,1.6652400493621826,0.0025411274092765933,1741.154541015625,1728.7125244140625,41.727142333984375,41.57778549194336,41.727142333984375,41.68614959716797,0.05299863591790199,0.0025423122014403042,8.0,70.75496746200798,0.008559783920645714,0.0,3.9775962829589844,61.88949203491211,-0.026748578995466232,32.89160919189453,30.87438201904297,2.0856010913848877,4.0,4.0,two_level,short_slots,none,4.0,structured_support_set,full,,,,,56.686187744140625,1.6143087921263813e-09,15.30748176574707,12.490435600280762,2.1575818061828613,4.0,,,0.5000984072685242,7.584939157823101e-05,0.0,0.0,0.6931482553482056,0.6931482553482056,0.6931481957435608,0.0,0.7699422836303711,-0.0010831884574145079,0.7699422836303711,-0.0010831884574145079,0.0,0.0,2.1063976366741973e-11,4.0,-0.0016006574733182788,0.0,0.009359018877148628,0.0035621102433651686,0.25,1.0,2.9990930557250977,1.2316478490829468,0.9992610216140747,8.0,1.0,1.5418763160705566,0.9987763166427612,train_event,5,phase2-selected,0.005987015415738525,5.0,87.74746704101562,39.24458694458008,39.24186325073242,0.0020917081274092197,0.005987015552818775,7.708840661921316e-08,117.90632629394531,5.2325812953391004e-12,0.05,7.297141451090283e-07,41.727142333984375,41.68614959716797,0.05299863591790199,598709.2504145144
False,0.0,off,I_shuffle,1.0,1.017990976287468e-09,1.2316474914550781,0.9992609024047852,35.95440673828125,31.06780242919922,28.84092903137207,3.9775967597961426,-0.02674875035881996,2.7459492683410645,0.0,,2.9853978048777208e-05,7.000044822692871,1.0000001431738332,0.9986036419868469,41.657073974609375,0.9968147873878479,0.0,1.612166166305542,117.90634155273438,117.82410430908203,1.6652389764785767,1.6652387380599976,0.0025411636434962267,1741.154296875,1728.712158203125,41.727142333984375,41.57778549194336,41.727142333984375,41.686153411865234,0.05299913510680199,0.00254231571960984,8.0,70.75507237900509,0.008559813722968102,0.0,3.9775967597961426,61.889373779296875,-0.02674875035881996,32.89152526855469,30.874326705932617,2.0855937004089355,4.0,4.0,two_level,short_slots,none,4.0,structured_support_set,full,,,,,56.68617248535156,4.95283452147208e-09,15.307475090026855,12.490433692932129,2.15757417678833,4.0,,,0.5000984072685242,7.584939157823101e-05,0.0,0.0,0.6931482553482056,0.6931482553482056,0.6931481957435608,0.0,0.7699422836303711,-0.001083187758922577,0.7699422836303711,-0.001083187758922577,0.0,0.0,2.1315890622148768e-10,4.0,-0.0016005630604922771,0.0,0.009359445422887802,0.0035621521528810263,0.25,1.0,2.999091148376465,1.2316474914550781,0.9992609024047852,8.0,1.0,1.5418751239776611,0.9987764358520508,train_event,6,phase2-selected,0.0014691759174780337,5.0,87.74818420410156,39.24315643310547,39.2421760559082,0.0007617903756909072,0.0014691759133711457,3.2196107609555736e-08,117.90634155273438,3.963680078600262e-12,0.05,9.574225146025128e-08,41.727142333984375,41.686153411865234,0.05299913510680199,146920.81135856433
False,0.0,off,I_shuffle,1.0,1.3352010629523359e-09,1.2316474914550781,0.9992609024047852,35.95439910888672,31.067806243896484,28.840953826904297,3.9775962829589844,-0.026748962700366974,2.7459487915039062,0.0,,2.352428600715939e-05,7.000047206878662,1.0000001431738947,0.9986037611961365,41.657066345214844,0.9968147873878479,0.0,1.612166404724121,117.90630340576172,117.82408142089844,1.6652382612228394,1.6652380228042603,0.002541102617282454,1741.154052734375,1728.712158203125,41.72713851928711,41.577781677246094,41.72713851928711,41.68614959716797,0.05299803987145424,0.0025422879169167013,8.0,70.75508902514426,0.00855979509651661,0.0,3.9775962829589844,61.889404296875,-0.026748962700366974,32.891544342041016,30.874340057373047,2.0855956077575684,4.0,4.0,two_level,short_slots,none,4.0,structured_support_set,full,,,,,56.68619155883789,9.98178104818632e-09,15.307478904724121,12.490437507629395,2.157576560974121,4.0,,,0.5000984072685242,7.584939157823101e-05,0.0,0.0,0.6931482553482056,0.6931482553482056,0.6931481957435608,0.0,0.7699422836303711,-0.001083187758922577,0.7699422836303711,-0.001083187758922577,0.0,0.0,2.7234359085657885e-10,4.0,-0.001600582618266344,0.0,0.009359362535178661,0.003562144236639142,0.25,1.0,2.9990930557250977,1.2316474914550781,0.9992609024047852,8.0,1.0,1.5418751239776611,0.9987763166427612,train_event,7,phase2-selected,0.0014674150429423672,5.0,87.74638366699219,39.244361877441406,39.24138259887695,0.0018449462950229645,0.0014674150152131915,1.5659335011103734e-08,117.90630340576172,1.477421632842084e-14,0.05,-6.339812443911796e-07,41.72713851928711,41.68614959716797,0.05299803987145424,146743.07022773783
False,0.0,off,I_shuffle,1.0,2.805838868832363e-10,1.2316477298736572,0.9992609024047852,35.95439910888672,31.067781448364258,28.840972900390625,3.9775967597961426,-0.026749178767204285,2.7459490299224854,0.0,,1.0309219760529231e-05,7.000041484832764,1.0000007874558006,0.9986035823822021,41.657066345214844,0.9968148469924927,0.0,1.612166404724121,117.90630340576172,117.82405090332031,1.6652400493621826,1.6652393341064453,0.0025411280274045024,1741.153564453125,1728.7115478515625,41.72713088989258,41.57777404785156,41.72713088989258,41.68613815307617,0.05299866199493408,0.002542318293837437,8.0,70.75499472190155,0.008559780195355415,0.0,3.9775967597961426,61.88943099975586,-0.026749178767204285,32.89155960083008,30.874351501464844,2.0855960845947266,4.0,4.0,two_level,short_slots,none,4.0,structured_support_set,full,,,,,56.68620300292969,1.4844312400386665e-09,15.307482719421387,12.490440368652344,2.157578945159912,4.0,,,0.5000984072685242,7.584939157823101e-05,0.0,0.0,0.6931482553482056,0.6931482553482056,0.6931481957435608,0.0,0.7699422836303711,-0.001083189039491117,0.7699422836303711,-0.001083189039491117,0.0,0.0,5.785123187986466e-11,4.0,-0.001600598799996078,0.0,0.009359294548630714,0.0035621370188891888,0.25,1.0,2.9990930557250977,1.2316477298736572,0.9992609024047852,8.0,1.0,1.5418758392333984,0.9987763166427612,train_event,8,phase2-selected,0.0009458454260450703,5.0,87.74744415283203,39.244075775146484,39.241844177246094,0.0016240613767877221,0.0009458454442210495,3.755549755953562e-08,117.90630340576172,2.6588108884700867e-12,0.05,1.8358281295149936e-07,41.72713088989258,41.68613815307617,0.05299866199493408,94588.29815426299
False,0.0,off,I_shuffle,1.0,4.482169831993172e-09,1.2316474914550781,0.9992609024047852,35.95438003540039,31.067768096923828,28.840951919555664,3.9775967597961426,-0.026749376207590103,2.7459492683410645,0.0,,1.670563142397441e-05,7.000043869018555,1.000000143173874,0.9986037015914917,41.657066345214844,0.9968147873878479,0.0,1.612166404724121,117.90631866455078,117.82408142089844,1.6652379035949707,1.6652379035949707,0.0025411134015337383,1741.15380859375,1728.7119140625,41.727134704589844,41.57777786254883,41.727134704589844,41.68614196777344,0.05299961566925049,0.002542293885147078,8.0,70.75510422056567,0.008559777401387691,0.0,3.9775967597961426,61.88938522338867,-0.026749376207590103,32.89152908325195,30.874332427978516,2.085592746734619,4.0,4.0,two_level,short_slots,none,4.0,structured_support_set,full,,,,,56.68621063232422,3.3785974180536093e-08,15.30748462677002,12.49044418334961,2.1575770378112793,4.0,,,0.5000984072685242,7.584939157823101e-05,0.0,0.0,0.6931482553482056,0.6931482553482056,0.6931481957435608,0.0,0.7699422836303711,-0.001083187758922577,0.7699422836303711,-0.001083187758922577,0.0,0.0,1.0256753311018854e-09,4.0,-0.0016005623620003462,0.0,0.009359453804790974,0.003562153084203601,0.25,1.0,2.9990921020507812,1.2316474914550781,0.9992609024047852,8.0,1.0,1.5418752431869507,0.9987764358520508,train_event,9,phase2-selected,0.0009094106726043631,5.0,87.74748992919922,39.2435302734375,39.24187469482422,0.0008974288939498365,0.0009094107081182301,3.086934620761805e-08,117.90631866455078,3.446001079973615e-13,0.05,5.219523018240579e-07,41.727134704589844,41.68614196777344,0.05299961566925049,26917.72441105146
False,0.0,off,I_shuffle,1.0,5.659691132920109e-10,1.2316478490829468,0.9992610216140747,35.954463958740234,31.06781768798828,28.84102439880371,3.9775967597961426,-0.02675015851855278,2.745948910713196,0.0,,2.4657607355038635e-05,7.000042915344238,1.0000004295215916,0.9986037611961365,41.65706253051758,0.9968147873878479,0.0,1.6121666431427002,117.90631103515625,117.82405090332031,1.6652387380599976,1.6652382612228394,0.0025411251048870977,1741.1539306640625,1728.7119140625,41.72713851928711,41.577781677246094,41.72713851928711,41.68614196777344,0.05299784243106842,0.0025422881847979536,8.0,70.75505043834453,0.00855973456054926,0.0,3.9775967597961426,61.889503479003906,-0.02675015851855278,32.891605377197266,30.8743896484375,2.0856001377105713,4.0,4.0,two_level,short_slots,none,4.0,structured_support_set,full,,,,,56.686241149902344,2.640898845689755e-09,15.307500839233398,12.490452766418457,2.1575803756713867,4.0,,,0.5000984072685242,7.58700625738129e-05,0.0,0.0,0.6931482553482056,0.6931482553482056,0.6931481957435608,0.0,0.7699422836303711,-0.0010831884574145079,0.7699422836303711,-0.0010831884574145079,0.0,0.0,1.2367905093588397e-10,4.0,-0.0016006284859031439,0.0,0.009359151124954224,0.003562124213203788,0.25,1.0,2.9990921020507812,1.2316478490829468,0.9992610216140747,8.0,1.0,1.5418756008148193,0.9987764358520508,train_event,10,phase2-selected,0.0009694904469777027,5.0,87.74707794189453,39.243133544921875,39.24168014526367,0.0008828597492538393,0.0009694904438219965,2.5346068150244073e-08,117.90631103515625,1.5817331168802018e-12,0.05,-1.7733380275331e-07,41.72713851928711,41.68614196777344,0.05299784243106842,96951.57930458529
False,0.0,off,I_shuffle,1.0,2.616985912055019e-09,1.2316476106643677,0.9992610216140747,35.954490661621094,31.067808151245117,28.841033935546875,3.9775962829589844,-0.02675095945596695,2.7459486722946167,0.0,,4.202783020446077e-05,7.000043869018555,1.0000001431738024,0.9986037611961365,41.657066345214844,0.9968146085739136,0.0,1.6121665239334106,117.90633392333984,117.82408142089844,1.665238857269287,1.6652384996414185,0.002541174235968998,1741.1541748046875,1728.7119140625,41.72713851928711,41.57778549194336,41.72713851928711,41.68614959716797,0.052997324615716934,0.002542294028867305,8.0,70.75506369945643,0.008559729903936386,0.0,3.9775962829589844,61.889522552490234,-0.02675095945596695,32.89160919189453,30.874401092529297,2.0855979919433594,4.0,4.0,two_level,short_slots,none,4.0,structured_support_set,full,,,,,56.68626022338867,1.480467196017905e-08,15.307507514953613,12.490457534790039,2.157578468322754,4.0,,,0.5000984072685242,7.584939157823101e-05,0.0,0.0,0.6931482553482056,0.6931482553482056,0.6931481957435608,0.0,0.7699422836303711,-0.001083189039491117,0.7699422836303711,-0.001083189039491117,0.0,0.0,5.834710061865544e-10,4.0,-0.0016006117220968008,0.0,0.009359211660921574,0.003562129568308592,0.25,1.0,2.999093770980835,1.2316476106643677,0.9992610216140747,8.0,1.0,1.5418760776519775,0.9987762570381165,train_event,11,phase2-selected,0.00143028505221114,5.0,87.74786376953125,39.24290084838867,39.242027282714844,0.001043018070049584,0.0014302851632237434,3.659441823103726e-08,117.90633392333984,3.4388198668841574e-13,0.05,-4.203206458441855e-07,41.72713851928711,41.68614959716797,0.052997324615716934,96612.85643319805
False,0.0,off,I_shuffle,1.0,1.3360666966059012e-09,1.2316477298736572,0.9992610216140747,35.95452880859375,31.06780433654785,28.841028213500977,3.9775967597961426,-0.02675211802124977,2.7459490299224854,0.0,,3.12539741571527e-05,7.0000457763671875,1.0000005011083084,0.9986035823822021,41.657073974609375,0.9968147873878479,0.0,1.612166404724121,117.9063491821289,117.82408142089844,1.6652395725250244,1.6652384996414185,0.002541144888332738,1741.154541015625,1728.71240234375,41.72714614868164,41.577789306640625,41.72714614868164,41.686153411865234,0.052996981889009476,0.0025422877306762294,8.0,70.75503330865496,0.008559773676097393,0.0,3.9775967597961426,61.88955307006836,-0.02675211802124977,32.89161682128906,30.874414443969727,2.0855982303619385,4.0,4.0,two_level,short_slots,none,4.0,structured_support_set,full,,,,,56.686309814453125,9.52903349542559e-09,15.307515144348145,12.490469932556152,2.1575777530670166,4.0,,,0.5000984072685242,7.584939157823101e-05,0.0,0.0,0.6931482553482056,0.6931482553482056,0.6931481957435608,0.0,0.7699422836303711,-0.001083189039491117,0.7699422836303711,-0.001083189039491117,0.0,0.0,2.7941440096452545e-10,4.0,-0.0016006086952984333,0.0,0.00935921911150217,0.0035621304996311665,0.25,1.0,2.999091386795044,1.2316477298736572,0.9992610216140747,8.0,1.0,1.5418757200241089,0.9987763166427612,train_event,12,phase2-selected,0.0010151480952506145,5.0,87.74564361572266,39.2423210144043,39.24104309082031,0.0011159211862832308,0.0010151481255888939,2.379595507070651e-08,117.9063491821289,1.1642463252151125e-12,0.05,8.986431510038528e-08,41.72714614868164,41.686153411865234,0.052996981889009476,101517.18912056852
False,0.0,off,I_shuffle,1.0,2.0156773745478587e-09,1.2316477298736572,0.9992610812187195,35.95457077026367,31.067819595336914,28.841041564941406,3.9775962829589844,-0.026753101497888565,2.745948553085327,0.0,,1.6855001376825385e-05,7.000044822692871,1.0000002147607958,0.9986037611961365,41.657073974609375,0.9968147873878479,0.0,1.612166166305542,117.90634155273438,117.82408142089844,1.6652389764785767,1.6652387380599976,0.0025411249529522987,1741.1549072265625,1728.7125244140625,41.727149963378906,41.577789306640625,41.727149963378906,41.6861572265625,0.05299842730164528,0.002542307075968578,8.0,70.75505863432103,0.008559789508581161,0.0,3.9775962829589844,61.889652252197266,-0.026753101497888565,32.89167785644531,30.874462127685547,2.085603952407837,4.0,4.0,two_level,short_slots,none,4.0,structured_support_set,full,,,,,56.68635559082031,1.2982942657178204e-08,15.307531356811523,12.490479469299316,2.1575825214385986,4.0,,,0.5000984072685242,7.584939157823101e-05,0.0,0.0,0.6931482553482056,0.6931482553482056,0.6931481957435608,0.0,0.7699422836303711,-0.001083189039491117,0.7699422836303711,-0.001083189039491117,0.0,0.0,4.4190804773033513e-10,4.0,-0.0016006589867174625,0.0,0.009358984418213367,0.00356210651807487,0.25,1.0,2.999093532562256,1.2316477298736572,0.9992610812187195,8.0,1.0,1.5418760776519775,0.9987764358520508,train_event,13,phase2-selected,0.000687916448730625,5.0,87.74807739257812,39.243133544921875,39.24213409423828,0.0007831509574316442,0.0006879164720885456,2.8923492314529262e-08,117.90634155273438,1.4358154422355884e-13,0.05,3.5945831200479006e-07,41.727149963378906,41.6861572265625,0.05299842730164528,52988.40104193005
False,0.0,off,I_shuffle,1.0,6.6743677448311705e-09,1.2316477298736572,0.9992610216140747,35.954566955566406,31.06780242919922,28.841066360473633,3.9775962829589844,-0.02675422839820385,2.745948553085327,0.0,,2.260259680042509e-05,7.0000457763671875,1.0,0.9986036419868469,41.65707778930664,0.9968147873878479,0.0,1.6121662855148315,117.90635681152344,117.82408142089844,1.6652389764785767,1.6652384996414185,0.002541134748777603,1741.1549072265625,1728.7127685546875,41.727149963378906,41.577789306640625,41.727149963378906,41.6861572265625,0.05299937725067139,0.002542310862022094,8.0,70.75505863432103,0.008559838868677616,0.0,3.9775962829589844,61.88963317871094,-0.02675422839820385,32.891658782958984,30.87445831298828,2.0856025218963623,4.0,4.0,two_level,short_slots,none,4.0,structured_support_set,full,,,,,56.68638610839844,3.3513255617251096e-08,15.307537078857422,12.490486145019531,2.1575798988342285,4.0,,,0.5000984072685242,7.584939157823101e-05,0.0,0.0,0.6931482553482056,0.6931482553482056,0.6931481957435608,0.0,0.7699422836303711,-0.001083187758922577,0.7699422836303711,-0.001083187758922577,0.0,0.0,1.3880801609534745e-09,4.0,-0.0016006233636289835,0.0,0.009359142743051052,0.0035621230490505695,0.25,1.0,2.999091625213623,1.2316477298736572,0.9992610216140747,8.0,1.0,1.5418756008148193,0.9987764358520508,train_event,14,phase2-selected,0.001531592090780009,5.0,87.74699401855469,39.24470520019531,39.241661071777344,0.0019676717929542065,0.0015315919881686568,3.27331651907905e-08,117.90635681152344,9.935713276426617e-13,0.05,-1.0773614889103555e-08,41.727149963378906,41.6861572265625,0.05299937725067139,45702.06014711352
False,0.0,off,I_shuffle,1.0,1.4909186095857764e-09,1.2316479682922363,0.9992609024047852,35.95464324951172,31.06781005859375,28.84109878540039,3.9775967597961426,-0.026755353435873985,2.7459487915039062,0.0,,2.3089171008905396e-05,7.000044822692871,1.0,0.9986037015914917,41.65707015991211,0.9968147873878479,0.0,1.6121666431427002,117.90633392333984,117.82408142089844,1.6652382612228394,1.6652382612228394,0.0025411278754682554,1741.1546630859375,1728.7125244140625,41.72714614868164,41.57778549194336,41.72714614868164,41.686153411865234,0.05299966037273407,0.0025422949337106145,8.0,70.75508902514426,0.008559836074709892,0.0,3.9775967597961426,61.88972473144531,-0.026755353435873985,32.89170837402344,30.874500274658203,2.0856070518493652,4.0,4.0,two_level,short_slots,none,4.0,structured_support_set,full,,,,,56.68642807006836,7.642214040901119e-09,15.307559967041016,12.490494728088379,2.157582998275757,4.0,,,0.5000984072685242,7.584939157823101e-05,0.0,0.0,0.6931482553482056,0.6931482553482056,0.6931481957435608,0.0,0.7699422836303711,-0.001083189039491117,0.7699422836303711,-0.001083189039491117,0.0,0.0,3.2031978686105227e-10,4.0,-0.0016006581718102098,0.0,0.009359000250697136,0.0035621088463813066,0.25,1.0,2.999093770980835,1.2316479682922363,0.9992609024047852,8.0,1.0,1.541876196861267,0.9987763166427612,train_event,15,phase2-selected,0.0017868072287044031,5.0,87.74919128417969,39.2437629699707,39.24262619018555,0.0010974652832373977,0.0017868070863187313,1.5662798799010065e-08,117.90633392333984,1.0578936679569648e-14,0.05,-3.2988569387271127e-07,41.72714614868164,41.686153411865234,0.05299966037273407,178682.28915032023
False,0.0,off,I_shuffle,1.0,8.564468060153376e-10,1.2316478490829468,0.9992609024047852,35.95465087890625,31.067800521850586,28.84111976623535,3.9775962829589844,-0.02675621211528778,2.7459484338760376,0.0,,1.780092679837253e-05,7.000041961669922,1.0000002863475843,0.9986037015914917,41.657073974609375,0.9968147873878479,0.0,1.612166404724121,117.90633392333984,117.82408142089844,1.665238857269287,1.6652384996414185,0.0025411605291920207,1741.1546630859375,1728.71240234375,41.72714614868164,41.577789306640625,41.72714614868164,41.686153411865234,0.05299784243106842,0.002542303783152859,8.0,70.75506369945643,0.008559824898838997,0.0,3.9775962829589844,61.88973617553711,-0.02675621211528778,32.891700744628906,30.87450408935547,2.085604429244995,4.0,4.0,two_level,short_slots,none,4.0,structured_support_set,full,,,,,56.686439514160156,4.9752458068398585e-09,15.307576179504395,12.490498542785645,2.157580614089966,4.0,,,0.5000984072685242,7.584939157823101e-05,0.0,0.0,0.6931482553482056,0.6931482553482056,0.6931481957435608,0.0,0.7699422836303711,-0.0010831884574145079,0.7699422836303711,-0.0010831884574145079,0.0,0.0,1.81966066809839e-10,4.0,-0.0016006336081773043,0.0,0.009359107352793217,0.0035621195565909147,0.25,1.0,2.9990944862365723,1.2316478490829468,0.9992609024047852,8.0,1.0,1.5418760776519775,0.9987764358520508,train_event,16,phase2-selected,0.000782249000287429,5.0,87.75041198730469,39.244083404541016,39.2431755065918,0.0005980613059364259,0.00078224902972579,2.7606602042438702e-08,117.90633392333984,8.091015921488087e-13,0.05,-1.194837011553318e-07,41.72714614868164,41.686153411865234,0.05299784243106842,78227.66068894714
