arm_alias,layer_index,loss,prefix_hidden_l2,prefix_hidden_slot_norm_max,prefix_hidden_slot_norm_mean,prefix_hidden_slot_norm_std,prefix_l2,prefix_projector_grad_norm,prefix_slot_norm_max,prefix_slot_norm_mean,prefix_slot_norm_std,prefix_tokens,projected_k_l2,projected_v_l2,row_type,step,suite,total_grad_norm_pre_clip,writer_grad_norm,writer_memory_l2,writer_slot_norm_max,writer_slot_norm_mean,writer_slot_norm_std
I_real,,,,,,,9.98190975189209,,1.6131442785263062,1.5779132843017578,0.03397537022829056,8.0,,,snapshot_aggregate,0,phase2-selected,,,117.74927520751953,41.63066482543945,41.63066101074219,2.336015541004599e-06
I_real,0,,4.351722240447998,1.5383217334747314,1.538321614265442,1.115100829451876e-07,,,,,,8.0,3119.51904296875,17.89040184020996,snapshot_layer,0,phase2-selected,,,,,,
I_real,7,,4.549005508422852,1.6083991527557373,1.6083989143371582,1.3978528556890524e-07,,,,,,8.0,146.15420532226562,33.84749221801758,snapshot_layer,0,phase2-selected,,,,,,
I_real,14,,4.344303131103516,1.5357625484466553,1.5357625484466553,1.0323827126512697e-07,,,,,,8.0,76.83954620361328,68.08951568603516,snapshot_layer,0,phase2-selected,,,,,,
I_real,21,,4.562575817108154,1.6131442785263062,1.613144040107727,1.4600097131278744e-07,,,,,,8.0,56.164398193359375,70.1236801147461,snapshot_layer,0,phase2-selected,,,,,,
I_real,27,,4.508174419403076,1.5939397811889648,1.5939397811889648,1.519626238177807e-07,,,,,,8.0,65.52079772949219,220.2875213623047,snapshot_layer,0,phase2-selected,,,,,,
I_shuffle,,,,,,,8.773008346557617,,1.433407187461853,1.3867485523223877,0.032803311944007874,8.0,,,snapshot_aggregate,0,phase2-selected,,,117.74928283691406,41.63066482543945,41.63066482543945,0.0
I_shuffle,0,,4.0547003746032715,1.433407187461853,1.4334070682525635,1.115100829451876e-07,,,,,,8.0,3119.94287109375,17.982282638549805,snapshot_layer,0,phase2-selected,,,,,,
I_shuffle,7,,3.90014386177063,1.3789927959442139,1.3789925575256348,1.1920928955078125e-07,,,,,,8.0,144.9021759033203,31.20252227783203,snapshot_layer,0,phase2-selected,,,,,,
I_shuffle,14,,3.934939384460449,1.3915143013000488,1.3915140628814697,1.1920928955078125e-07,,,,,,8.0,80.25472259521484,63.06682586669922,snapshot_layer,0,phase2-selected,,,,,,
I_shuffle,21,,3.9538862705230713,1.3978304862976074,1.3978303670883179,9.42432194506182e-08,,,,,,8.0,64.04676055908203,64.1648178100586,snapshot_layer,0,phase2-selected,,,,,,
I_shuffle,27,,3.767814874649048,1.331998348236084,1.3319982290267944,8.429369557916289e-08,,,,,,8.0,67.889404296875,214.30738830566406,snapshot_layer,0,phase2-selected,,,,,,
I_zero,,,,,,,0.0,,0.0,0.0,0.0,8.0,,,snapshot_aggregate,0,phase2-selected,,,0.0,0.0,0.0,0.0
I_zero,0,,0.0,0.0,0.0,0.0,,,,,,8.0,3118.994384765625,10.266121864318848,snapshot_layer,0,phase2-selected,,,,,,
I_zero,7,,0.0,0.0,0.0,0.0,,,,,,8.0,138.72927856445312,5.444733619689941,snapshot_layer,0,phase2-selected,,,,,,
I_zero,14,,0.0,0.0,0.0,0.0,,,,,,8.0,25.89426612854004,5.364916801452637,snapshot_layer,0,phase2-selected,,,,,,
I_zero,21,,0.0,0.0,0.0,0.0,,,,,,8.0,30.194124221801758,11.934253692626953,snapshot_layer,0,phase2-selected,,,,,,
I_zero,27,,0.0,0.0,0.0,0.0,,,,,,8.0,42.11817169189453,28.961502075195312,snapshot_layer,0,phase2-selected,,,,,,
I_real,,,,,,,49.054588317871094,,7.792463779449463,7.756078243255615,0.04509952291846275,8.0,,,snapshot_aggregate,4,phase2-selected,,,117.7492904663086,41.63066482543945,41.63066101074219,1.3486991292666062e-06
I_real,0,,21.693462371826172,7.669486045837402,7.669486045837402,8.429369700024836e-07,,,,,,8.0,3118.88623046875,18.982242584228516,snapshot_layer,4,phase2-selected,,,,,,
I_real,7,,21.95002555847168,7.760018825531006,7.7600178718566895,5.59141142275621e-07,,,,,,8.0,145.92897033691406,33.39427185058594,snapshot_layer,4,phase2-selected,,,,,,
I_real,14,,22.035490036010742,7.790653228759766,7.790653228759766,3.3717478231665154e-07,,,,,,8.0,81.1839828491211,66.04020690917969,snapshot_layer,4,phase2-selected,,,,,,
I_real,21,,22.041671752929688,7.792463779449463,7.792463302612305,2.384185791015625e-07,,,,,,8.0,51.388309478759766,68.87439727783203,snapshot_layer,4,phase2-selected,,,,,,
I_real,27,,21.971721649169922,7.767769813537598,7.7677693367004395,2.384185791015625e-07,,,,,,8.0,78.69512176513672,228.17446899414062,snapshot_layer,4,phase2-selected,,,,,,
I_shuffle,,,,,,,35.58800506591797,,5.729161739349365,5.626016616821289,0.10285081714391708,8.0,,,snapshot_aggregate,4,phase2-selected,,,117.7492904663086,41.63066482543945,41.63066101074219,3.303624680484063e-06
I_shuffle,0,,16.087141036987305,5.687363147735596,5.687363147735596,1.6858739115832577e-07,,,,,,8.0,3122.67822265625,17.290348052978516,snapshot_layer,4,phase2-selected,,,,,,
I_shuffle,7,,15.435981750488281,5.4570631980896,5.457062721252441,4.76837158203125e-07,,,,,,8.0,145.67086791992188,34.69292068481445,snapshot_layer,4,phase2-selected,,,,,,
I_shuffle,14,,16.11840057373047,5.69872522354126,5.69872522354126,4.129530850605079e-07,,,,,,8.0,108.3284683227539,69.7856216430664,snapshot_layer,4,phase2-selected,,,,,,
I_shuffle,21,,16.204334259033203,5.729161739349365,5.729161262512207,4.76837158203125e-07,,,,,,8.0,62.64377212524414,75.85648345947266,snapshot_layer,4,phase2-selected,,,,,,
I_shuffle,27,,15.71977424621582,5.557771682739258,5.557771682739258,1.6858739115832577e-07,,,,,,8.0,71.86406707763672,221.21905517578125,snapshot_layer,4,phase2-selected,,,,,,
I_zero,,,,,,,0.0,,0.0,0.0,0.0,8.0,,,snapshot_aggregate,4,phase2-selected,,,0.0,0.0,0.0,0.0
I_zero,0,,0.0,0.0,0.0,0.0,,,,,,8.0,3118.994384765625,10.266121864318848,snapshot_layer,4,phase2-selected,,,,,,
I_zero,7,,0.0,0.0,0.0,0.0,,,,,,8.0,138.72927856445312,5.444733619689941,snapshot_layer,4,phase2-selected,,,,,,
I_zero,14,,0.0,0.0,0.0,0.0,,,,,,8.0,25.89426612854004,5.364916801452637,snapshot_layer,4,phase2-selected,,,,,,
I_zero,21,,0.0,0.0,0.0,0.0,,,,,,8.0,30.194124221801758,11.934253692626953,snapshot_layer,4,phase2-selected,,,,,,
I_zero,27,,0.0,0.0,0.0,0.0,,,,,,8.0,42.11817169189453,28.961502075195312,snapshot_layer,4,phase2-selected,,,,,,
I_real,,,,,,,70.14469909667969,,11.138667106628418,11.090777397155762,0.038257624953985214,8.0,,,snapshot_aggregate,8,phase2-selected,,,117.7492904663086,41.63066482543945,41.63066101074219,1.3486991292666062e-06
I_real,0,,31.216480255126953,11.036212921142578,11.036212921142578,3.3717478231665154e-07,,,,,,8.0,3116.51220703125,19.44539451599121,snapshot_layer,8,phase2-selected,,,,,,
I_real,7,,31.357730865478516,11.087240219116211,11.087240219116211,6.743495646333031e-07,,,,,,8.0,147.47756958007812,35.159576416015625,snapshot_layer,8,phase2-selected,,,,,,
I_real,14,,31.507848739624023,11.138667106628418,11.138665199279785,1.118282284551242e-06,,,,,,8.0,82.5961685180664,67.5045166015625,snapshot_layer,8,phase2-selected,,,,,,
I_real,21,,31.469614028930664,11.127374649047852,11.127373695373535,8.920806635615008e-07,,,,,,8.0,51.92460250854492,71.76991271972656,snapshot_layer,8,phase2-selected,,,,,,
I_real,27,,31.295114517211914,11.064401626586914,11.064400672912598,3.3717478231665154e-07,,,,,,8.0,80.55520629882812,234.47030639648438,snapshot_layer,8,phase2-selected,,,,,,
I_shuffle,,,,,,,50.2795295715332,,8.09538745880127,7.948787689208984,0.13267002999782562,8.0,,,snapshot_aggregate,8,phase2-selected,,,117.7492904663086,41.63066482543945,41.63066101074219,3.303624680484063e-06
I_shuffle,0,,22.61776351928711,7.996979713439941,7.996979236602783,2.920019426255749e-07,,,,,,8.0,3122.4423828125,17.647872924804688,snapshot_layer,8,phase2-selected,,,,,,
I_shuffle,7,,21.84294319152832,7.721309661865234,7.721309661865234,1.6858739115832577e-07,,,,,,8.0,145.0757598876953,37.681915283203125,snapshot_layer,8,phase2-selected,,,,,,
I_shuffle,14,,22.749649047851562,8.04230785369873,8.04230785369873,0.0,,,,,,8.0,124.44160461425781,71.41365814208984,snapshot_layer,8,phase2-selected,,,,,,
I_shuffle,21,,22.894994735717773,8.09538745880127,8.095386505126953,7.539457556049456e-07,,,,,,8.0,61.295074462890625,81.14433288574219,snapshot_layer,8,phase2-selected,,,,,,
I_shuffle,27,,22.3096981048584,7.887955665588379,7.887955188751221,5.59141142275621e-07,,,,,,8.0,74.99139404296875,222.08395385742188,snapshot_layer,8,phase2-selected,,,,,,
I_zero,,,,,,,0.0,,0.0,0.0,0.0,8.0,,,snapshot_aggregate,8,phase2-selected,,,0.0,0.0,0.0,0.0
I_zero,0,,0.0,0.0,0.0,0.0,,,,,,8.0,3118.994384765625,10.266121864318848,snapshot_layer,8,phase2-selected,,,,,,
I_zero,7,,0.0,0.0,0.0,0.0,,,,,,8.0,138.72927856445312,5.444733619689941,snapshot_layer,8,phase2-selected,,,,,,
I_zero,14,,0.0,0.0,0.0,0.0,,,,,,8.0,25.89426612854004,5.364916801452637,snapshot_layer,8,phase2-selected,,,,,,
I_zero,21,,0.0,0.0,0.0,0.0,,,,,,8.0,30.194124221801758,11.934253692626953,snapshot_layer,8,phase2-selected,,,,,,
I_zero,27,,0.0,0.0,0.0,0.0,,,,,,8.0,42.11817169189453,28.961502075195312,snapshot_layer,8,phase2-selected,,,,,,
I_real,,,,,,,93.13398742675781,,14.75687026977539,14.725763320922852,0.027870135381817818,8.0,,,snapshot_aggregate,16,phase2-selected,,,117.7489013671875,41.63050842285156,41.63050842285156,0.0
I_real,0,,41.58847427368164,14.702566146850586,14.702566146850586,1.0662403155947686e-06,,,,,,8.0,3115.984130859375,20.142534255981445,snapshot_layer,16,phase2-selected,,,,,,
I_real,7,,41.67054748535156,14.732949256896973,14.73294734954834,1.3902072169003077e-06,,,,,,8.0,148.93580627441406,37.50188446044922,snapshot_layer,16,phase2-selected,,,,,,
I_real,14,,41.72489547729492,14.751479148864746,14.75147819519043,1.469710809942626e-06,,,,,,8.0,86.48666381835938,69.71298217773438,snapshot_layer,16,phase2-selected,,,,,,
I_real,21,,41.7413330078125,14.75687026977539,14.756868362426758,1.3058723880021716e-06,,,,,,8.0,53.75645446777344,75.2945785522461,snapshot_layer,16,phase2-selected,,,,,,
I_real,27,,41.5319709777832,14.684957504272461,14.684957504272461,1.1680077705022995e-06,,,,,,8.0,82.64480590820312,240.12852478027344,snapshot_layer,16,phase2-selected,,,,,,
I_shuffle,,,,,,,66.89093017578125,,10.797462463378906,10.574545860290527,0.19762937724590302,8.0,,,snapshot_aggregate,16,phase2-selected,,,117.75287628173828,41.63193130493164,41.631927490234375,3.303624680484063e-06
I_shuffle,0,,29.973146438598633,10.597909927368164,10.597908973693848,8.920806635615008e-07,,,,,,8.0,3122.82275390625,18.061880111694336,snapshot_layer,16,phase2-selected,,,,,,
I_shuffle,7,,28.91713523864746,10.224743843078613,10.224742889404297,8.920806635615008e-07,,,,,,8.0,145.79364013671875,42.128204345703125,snapshot_layer,16,phase2-selected,,,,,,
I_shuffle,14,,30.319719314575195,10.719389915466309,10.719389915466309,3.3717478231665154e-07,,,,,,8.0,137.42335510253906,72.9100112915039,snapshot_layer,16,phase2-selected,,,,,,
I_shuffle,21,,30.54384422302246,10.797462463378906,10.797462463378906,0.0,,,,,,8.0,61.962642669677734,86.71853637695312,snapshot_layer,16,phase2-selected,,,,,,
I_shuffle,27,,29.79338836669922,10.533219337463379,10.533219337463379,0.0,,,,,,8.0,78.73040008544922,221.51211547851562,snapshot_layer,16,phase2-selected,,,,,,
I_zero,,,,,,,0.0,,0.0,0.0,0.0,8.0,,,snapshot_aggregate,16,phase2-selected,,,0.0,0.0,0.0,0.0
I_zero,0,,0.0,0.0,0.0,0.0,,,,,,8.0,3118.994384765625,10.266121864318848,snapshot_layer,16,phase2-selected,,,,,,
I_zero,7,,0.0,0.0,0.0,0.0,,,,,,8.0,138.72927856445312,5.444733619689941,snapshot_layer,16,phase2-selected,,,,,,
I_zero,14,,0.0,0.0,0.0,0.0,,,,,,8.0,25.89426612854004,5.364916801452637,snapshot_layer,16,phase2-selected,,,,,,
I_zero,21,,0.0,0.0,0.0,0.0,,,,,,8.0,30.194124221801758,11.934253692626953,snapshot_layer,16,phase2-selected,,,,,,
I_zero,27,,0.0,0.0,0.0,0.0,,,,,,8.0,42.11817169189453,28.961502075195312,snapshot_layer,16,phase2-selected,,,,,,
I_real,,,,,,,110.87458038330078,,17.648693084716797,17.52985191345215,0.18528228998184204,8.0,,,snapshot_aggregate,32,phase2-selected,,,117.74669647216797,41.62975311279297,41.6297492980957,1.9073486328125e-06
I_real,0,,49.841064453125,17.622682571411133,17.622682571411133,0.0,,,,,,8.0,3119.746826171875,20.451297760009766,snapshot_layer,32,phase2-selected,,,,,,
I_real,7,,49.71898651123047,17.57803726196289,17.578035354614258,1.9073486328125e-06,,,,,,8.0,149.6536102294922,37.59257888793945,snapshot_layer,32,phase2-selected,,,,,,
I_real,14,,49.91794967651367,17.648693084716797,17.648693084716797,6.743495646333031e-07,,,,,,8.0,90.27833557128906,66.9227294921875,snapshot_layer,32,phase2-selected,,,,,,
I_real,21,,49.87649917602539,17.637432098388672,17.637434005737305,1.9073486328125e-06,,,,,,8.0,56.70142364501953,76.22801971435547,snapshot_layer,32,phase2-selected,,,,,,
I_real,27,,48.54072570800781,17.162412643432617,17.162412643432617,0.0,,,,,,8.0,85.4340591430664,249.90243530273438,snapshot_layer,32,phase2-selected,,,,,,
I_shuffle,,,,,,,80.78795623779297,,13.1665620803833,12.76972770690918,0.318144828081131,8.0,,,snapshot_aggregate,32,phase2-selected,,,117.75608825683594,41.6330680847168,41.6330680847168,0.0
I_shuffle,0,,36.34722900390625,12.851317405700684,12.851317405700684,7.539457556049456e-07,,,,,,8.0,3119.904052734375,18.571706771850586,snapshot_layer,32,phase2-selected,,,,,,
I_shuffle,7,,34.74561309814453,12.28437328338623,12.284372329711914,5.840038852511498e-07,,,,,,8.0,147.55995178222656,47.817806243896484,snapshot_layer,32,phase2-selected,,,,,,
I_shuffle,14,,36.77649688720703,13.003796577453613,13.00379753112793,9.5367431640625e-07,,,,,,8.0,143.9819793701172,74.7995376586914,snapshot_layer,32,phase2-selected,,,,,,
I_shuffle,21,,37.242332458496094,13.1665620803833,13.166563034057617,1.719260808386025e-06,,,,,,8.0,64.1280517578125,91.57122802734375,snapshot_layer,32,phase2-selected,,,,,,
I_shuffle,27,,35.47312927246094,12.542595863342285,12.542594909667969,4.76837158203125e-07,,,,,,8.0,81.42577362060547,221.00904846191406,snapshot_layer,32,phase2-selected,,,,,,
I_zero,,,,,,,0.0,,0.0,0.0,0.0,8.0,,,snapshot_aggregate,32,phase2-selected,,,0.0,0.0,0.0,0.0
I_zero,0,,0.0,0.0,0.0,0.0,,,,,,8.0,3118.994384765625,10.266121864318848,snapshot_layer,32,phase2-selected,,,,,,
I_zero,7,,0.0,0.0,0.0,0.0,,,,,,8.0,138.72927856445312,5.444733619689941,snapshot_layer,32,phase2-selected,,,,,,
I_zero,14,,0.0,0.0,0.0,0.0,,,,,,8.0,25.89426612854004,5.364916801452637,snapshot_layer,32,phase2-selected,,,,,,
I_zero,21,,0.0,0.0,0.0,0.0,,,,,,8.0,30.194124221801758,11.934253692626953,snapshot_layer,32,phase2-selected,,,,,,
I_zero,27,,0.0,0.0,0.0,0.0,,,,,,8.0,42.11817169189453,28.961502075195312,snapshot_layer,32,phase2-selected,,,,,,
I_real,,,,,,,118.28483581542969,,19.077077865600586,18.697994232177734,0.40963321924209595,8.0,,,snapshot_aggregate,48,phase2-selected,,,117.74711608886719,41.629905700683594,41.62990951538086,3.814697265625e-06
I_real,0,,53.9527702331543,19.077077865600586,19.077075958251953,9.5367431640625e-07,,,,,,8.0,3119.4658203125,21.141128540039062,snapshot_layer,48,phase2-selected,,,,,,
I_real,7,,52.97581481933594,18.730972290039062,18.730972290039062,0.0,,,,,,8.0,150.17552185058594,37.97200393676758,snapshot_layer,48,phase2-selected,,,,,,
I_real,14,,53.45604705810547,18.897472381591797,18.897472381591797,1.7841613271230017e-06,,,,,,8.0,94.98406982421875,65.75169372558594,snapshot_layer,48,phase2-selected,,,,,,
I_real,21,,53.38722610473633,18.87566566467285,18.87566566467285,0.0,,,,,,8.0,61.75460433959961,77.64688110351562,snapshot_layer,48,phase2-selected,,,,,,
I_real,27,,50.65167236328125,17.908788681030273,17.90878677368164,6.743495646333031e-07,,,,,,8.0,88.2054672241211,253.34201049804688,snapshot_layer,48,phase2-selected,,,,,,
I_shuffle,,,,,,,85.1235122680664,,14.018242835998535,13.454132080078125,0.3695792257785797,8.0,,,snapshot_aggregate,48,phase2-selected,,,117.75456237792969,41.63252639770508,41.63252639770508,3.303624680484063e-06
I_shuffle,0,,38.29176330566406,13.538548469543457,13.53854751586914,7.539457556049456e-07,,,,,,8.0,3118.734130859375,18.68770980834961,snapshot_layer,48,phase2-selected,,,,,,
I_shuffle,7,,36.84786605834961,13.028189659118652,13.028188705444336,9.5367431640625e-07,,,,,,8.0,147.9972686767578,49.84537887573242,snapshot_layer,48,phase2-selected,,,,,,
I_shuffle,14,,38.51363754272461,13.617973327636719,13.617973327636719,0.0,,,,,,8.0,145.7114715576172,76.5279312133789,snapshot_layer,48,phase2-selected,,,,,,
I_shuffle,21,,39.65401077270508,14.018242835998535,14.018241882324219,3.3717478231665154e-07,,,,,,8.0,67.45278930664062,93.05297088623047,snapshot_layer,48,phase2-selected,,,,,,
I_shuffle,27,,36.95650863647461,13.067705154418945,13.067704200744629,9.5367431640625e-07,,,,,,8.0,81.99131774902344,221.415283203125,snapshot_layer,48,phase2-selected,,,,,,
I_zero,,,,,,,0.0,,0.0,0.0,0.0,8.0,,,snapshot_aggregate,48,phase2-selected,,,0.0,0.0,0.0,0.0
I_zero,0,,0.0,0.0,0.0,0.0,,,,,,8.0,3118.994384765625,10.266121864318848,snapshot_layer,48,phase2-selected,,,,,,
I_zero,7,,0.0,0.0,0.0,0.0,,,,,,8.0,138.72927856445312,5.444733619689941,snapshot_layer,48,phase2-selected,,,,,,
I_zero,14,,0.0,0.0,0.0,0.0,,,,,,8.0,25.89426612854004,5.364916801452637,snapshot_layer,48,phase2-selected,,,,,,
I_zero,21,,0.0,0.0,0.0,0.0,,,,,,8.0,30.194124221801758,11.934253692626953,snapshot_layer,48,phase2-selected,,,,,,
I_zero,27,,0.0,0.0,0.0,0.0,,,,,,8.0,42.11817169189453,28.961502075195312,snapshot_layer,48,phase2-selected,,,,,,
I_real,,,,,,,148.2550811767578,,24.075687408447266,23.435083389282227,0.5337457656860352,8.0,,,snapshot_aggregate,64,phase2-selected,,,117.74990844726562,41.63089370727539,41.630889892578125,1.3486991292666062e-06
I_real,0,,67.34716033935547,23.81000518798828,23.81000518798828,0.0,,,,,,8.0,3117.662841796875,22.93180274963379,snapshot_layer,64,phase2-selected,,,,,,
I_real,7,,64.3647232055664,22.757549285888672,22.757549285888672,1.7841613271230017e-06,,,,,,8.0,155.16000366210938,51.218177795410156,snapshot_layer,64,phase2-selected,,,,,,
I_real,14,,64.61761474609375,22.843412399291992,22.843412399291992,0.0,,,,,,8.0,147.3252716064453,77.79286193847656,snapshot_layer,64,phase2-selected,,,,,,
I_real,21,,67.01206970214844,23.68876838684082,23.688766479492188,1.9073486328125e-06,,,,,,8.0,82.83104705810547,77.15520477294922,snapshot_layer,64,phase2-selected,,,,,,
I_real,27,,68.09629821777344,24.075687408447266,24.075685501098633,6.743495646333031e-07,,,,,,8.0,92.09864044189453,250.8759307861328,snapshot_layer,64,phase2-selected,,,,,,
I_shuffle,,,,,,,95.77377319335938,,16.062259674072266,15.128143310546875,0.6746020913124084,8.0,,,snapshot_aggregate,64,phase2-selected,,,117.75274658203125,41.63188552856445,41.63188171386719,3.303624680484063e-06
I_shuffle,0,,43.36505889892578,15.331344604492188,15.331344604492188,5.840038852511498e-07,,,,,,8.0,3119.947998046875,18.2936954498291,snapshot_layer,64,phase2-selected,,,,,,
I_shuffle,7,,41.85918426513672,14.800265312194824,14.800264358520508,7.539457556049456e-07,,,,,,8.0,150.3131561279297,51.10056686401367,snapshot_layer,64,phase2-selected,,,,,,
I_shuffle,14,,43.5634765625,15.404040336608887,15.40403938293457,9.5367431640625e-07,,,,,,8.0,138.77120971679688,82.74021911621094,snapshot_layer,64,phase2-selected,,,,,,
I_shuffle,21,,45.428314208984375,16.062259674072266,16.062257766723633,1.9073486328125e-06,,,,,,8.0,70.9112319946289,106.81566619873047,snapshot_layer,64,phase2-selected,,,,,,
I_shuffle,27,,39.72163391113281,14.042808532714844,14.042808532714844,5.840038852511498e-07,,,,,,8.0,85.01703643798828,225.78721618652344,snapshot_layer,64,phase2-selected,,,,,,
I_zero,,,,,,,0.0,,0.0,0.0,0.0,8.0,,,snapshot_aggregate,64,phase2-selected,,,0.0,0.0,0.0,0.0
I_zero,0,,0.0,0.0,0.0,0.0,,,,,,8.0,3118.994384765625,10.266121864318848,snapshot_layer,64,phase2-selected,,,,,,
I_zero,7,,0.0,0.0,0.0,0.0,,,,,,8.0,138.72927856445312,5.444733619689941,snapshot_layer,64,phase2-selected,,,,,,
I_zero,14,,0.0,0.0,0.0,0.0,,,,,,8.0,25.89426612854004,5.364916801452637,snapshot_layer,64,phase2-selected,,,,,,
I_zero,21,,0.0,0.0,0.0,0.0,,,,,,8.0,30.194124221801758,11.934253692626953,snapshot_layer,64,phase2-selected,,,,,,
I_zero,27,,0.0,0.0,0.0,0.0,,,,,,8.0,42.11817169189453,28.961502075195312,snapshot_layer,64,phase2-selected,,,,,,
I_real,,,,,,,192.00009155273438,,33.75103759765625,30.3028564453125,1.8267021179199219,8.0,,,snapshot_aggregate,80,phase2-selected,,,117.7521743774414,41.631690979003906,41.63168716430664,3.303624680484063e-06
I_real,0,,86.119384765625,30.44705581665039,30.447053909301758,1.1680077705022995e-06,,,,,,8.0,3113.99267578125,24.60822105407715,snapshot_layer,80,phase2-selected,,,,,,
I_real,7,,81.77613830566406,28.90860366821289,28.908601760864258,6.743495646333031e-07,,,,,,8.0,159.08216857910156,59.40147399902344,snapshot_layer,80,phase2-selected,,,,,,
I_real,14,,81.31556701660156,28.7490177154541,28.7490177154541,1.9073486328125e-06,,,,,,8.0,176.64645385742188,87.09912872314453,snapshot_layer,80,phase2-selected,,,,,,
I_real,21,,83.8751449584961,29.65857696533203,29.658573150634766,2.236564569102484e-06,,,,,,8.0,97.35669708251953,83.02218627929688,snapshot_layer,80,phase2-selected,,,,,,
I_real,27,,95.4591293334961,33.75103759765625,33.75103759765625,1.9073486328125e-06,,,,,,8.0,87.72059631347656,280.1927490234375,snapshot_layer,80,phase2-selected,,,,,,
I_shuffle,,,,,,,113.83186340332031,,19.46760368347168,17.961084365844727,1.1584025621414185,8.0,,,snapshot_aggregate,80,phase2-selected,,,117.74197387695312,41.62806701660156,41.6280632019043,1.3486991292666062e-06
I_shuffle,0,,51.25835037231445,18.120330810546875,18.120330810546875,0.0,,,,,,8.0,3120.490966796875,19.15108299255371,snapshot_layer,80,phase2-selected,,,,,,
I_shuffle,7,,51.37846755981445,18.16600227355957,18.16600227355957,6.743495646333031e-07,,,,,,8.0,149.88450622558594,50.545223236083984,snapshot_layer,80,phase2-selected,,,,,,
I_shuffle,14,,51.3915901184082,18.17090606689453,18.17090606689453,0.0,,,,,,8.0,132.13418579101562,85.0147705078125,snapshot_layer,80,phase2-selected,,,,,,
I_shuffle,21,,55.067325592041016,19.46760368347168,19.46760368347168,0.0,,,,,,8.0,71.6728286743164,117.35069274902344,snapshot_layer,80,phase2-selected,,,,,,
I_shuffle,27,,44.920204162597656,15.88057804107666,15.88057804107666,0.0,,,,,,8.0,87.07987976074219,232.60020446777344,snapshot_layer,80,phase2-selected,,,,,,
I_zero,,,,,,,0.0,,0.0,0.0,0.0,8.0,,,snapshot_aggregate,80,phase2-selected,,,0.0,0.0,0.0,0.0
I_zero,0,,0.0,0.0,0.0,0.0,,,,,,8.0,3118.994384765625,10.266121864318848,snapshot_layer,80,phase2-selected,,,,,,
I_zero,7,,0.0,0.0,0.0,0.0,,,,,,8.0,138.72927856445312,5.444733619689941,snapshot_layer,80,phase2-selected,,,,,,
I_zero,14,,0.0,0.0,0.0,0.0,,,,,,8.0,25.89426612854004,5.364916801452637,snapshot_layer,80,phase2-selected,,,,,,
I_zero,21,,0.0,0.0,0.0,0.0,,,,,,8.0,30.194124221801758,11.934253692626953,snapshot_layer,80,phase2-selected,,,,,,
I_zero,27,,0.0,0.0,0.0,0.0,,,,,,8.0,42.11817169189453,28.961502075195312,snapshot_layer,80,phase2-selected,,,,,,
I_real,,,,,,,192.0,,34.245914459228516,30.286550521850586,2.079582691192627,8.0,,,snapshot_aggregate,96,phase2-selected,,,117.75279235839844,41.63188934326172,41.631893157958984,3.814697265625e-06
I_real,0,,86.00328063964844,30.4060001373291,30.406002044677734,2.236564569102484e-06,,,,,,8.0,3113.259765625,24.81241226196289,snapshot_layer,96,phase2-selected,,,,,,
I_real,7,,81.45364379882812,28.80243682861328,28.802433013916016,2.7804144338006154e-06,,,,,,8.0,159.6594696044922,60.73700714111328,snapshot_layer,96,phase2-selected,,,,,,
I_real,14,,80.78910064697266,28.562780380249023,28.562776565551758,2.7804144338006154e-06,,,,,,8.0,181.6656494140625,88.72834014892578,snapshot_layer,96,phase2-selected,,,,,,
I_real,21,,83.20386505126953,29.41562843322754,29.415630340576172,1.9073486328125e-06,,,,,,8.0,99.62421417236328,84.36662292480469,snapshot_layer,96,phase2-selected,,,,,,
I_real,27,,96.85628509521484,34.245914459228516,34.245914459228516,0.0,,,,,,8.0,87.05149841308594,283.62176513671875,snapshot_layer,96,phase2-selected,,,,,,
I_shuffle,,,,,,,118.62419891357422,,20.390409469604492,18.711292266845703,1.2960402965545654,8.0,,,snapshot_aggregate,96,phase2-selected,,,117.73896789550781,41.627010345458984,41.627010345458984,2.6973982585332124e-06
I_shuffle,0,,53.409645080566406,18.883501052856445,18.883501052856445,0.0,,,,,,8.0,3122.12255859375,19.56298065185547,snapshot_layer,96,phase2-selected,,,,,,
I_shuffle,7,,53.89925765991211,19.057790756225586,19.057788848876953,1.3486991292666062e-06,,,,,,8.0,149.88677978515625,50.64936065673828,snapshot_layer,96,phase2-selected,,,,,,
I_shuffle,14,,53.28667449951172,18.840030670166016,18.840028762817383,1.9073486328125e-06,,,,,,8.0,131.94757080078125,85.31529998779297,snapshot_layer,96,phase2-selected,,,,,,
I_shuffle,21,,57.66855239868164,20.390409469604492,20.390409469604492,0.0,,,,,,8.0,71.83377075195312,119.09288024902344,snapshot_layer,96,phase2-selected,,,,,,
I_shuffle,27,,46.34166717529297,16.384733200073242,16.384733200073242,0.0,,,,,,8.0,90.04586029052734,230.97059631347656,snapshot_layer,96,phase2-selected,,,,,,
I_zero,,,,,,,0.0,,0.0,0.0,0.0,8.0,,,snapshot_aggregate,96,phase2-selected,,,0.0,0.0,0.0,0.0
I_zero,0,,0.0,0.0,0.0,0.0,,,,,,8.0,3118.994384765625,10.266121864318848,snapshot_layer,96,phase2-selected,,,,,,
I_zero,7,,0.0,0.0,0.0,0.0,,,,,,8.0,138.72927856445312,5.444733619689941,snapshot_layer,96,phase2-selected,,,,,,
I_zero,14,,0.0,0.0,0.0,0.0,,,,,,8.0,25.89426612854004,5.364916801452637,snapshot_layer,96,phase2-selected,,,,,,
I_zero,21,,0.0,0.0,0.0,0.0,,,,,,8.0,30.194124221801758,11.934253692626953,snapshot_layer,96,phase2-selected,,,,,,
I_zero,27,,0.0,0.0,0.0,0.0,,,,,,8.0,42.11817169189453,28.961502075195312,snapshot_layer,96,phase2-selected,,,,,,
I_real,,0.023074686527252197,,,,,9.98188591003418,2.916654793485958,,,,8.0,,,train_event,1,phase2-selected,2.9166548252105713,0.0,117.74930572509766,41.63066101074219,41.63066101074219,0.0
I_real,,0.00012909532233607024,,,,,20.513748168945312,0.013278012335143578,,,,8.0,,,train_event,2,phase2-selected,0.013278013095259666,0.0,117.7492904663086,41.63066101074219,41.63066101074219,0.0
I_real,,0.00012230125139467418,,,,,32.92912292480469,0.01258162279664105,,,,8.0,,,train_event,3,phase2-selected,0.012581623159348965,0.0,117.7492904663086,41.63066482543945,41.63066482543945,2.6973982585332124e-06
I_real,,8.320462075062096e-05,,,,,41.79951095581055,0.006776539877702784,,,,8.0,,,train_event,4,phase2-selected,0.006776540074497461,0.0,117.74930572509766,41.63066482543945,41.63066101074219,2.336015541004599e-06
I_real,,8.34461570775602e-06,,,,,49.05464172363281,0.0014550507161490843,,,,8.0,,,train_event,5,phase2-selected,0.0014550506602972746,0.0,117.74927520751953,41.63066101074219,41.63066101074219,0.0
I_real,,2.825220326485578e-05,,,,,55.36684799194336,0.003271054419936104,,,,8.0,,,train_event,6,phase2-selected,0.0032710544764995575,0.0,117.74928283691406,41.63066482543945,41.63066101074219,2.336015541004599e-06
I_real,,1.7881377516459906e-06,,,,,60.881282806396484,0.0002848290473641643,,,,8.0,,,train_event,7,phase2-selected,0.00028482903144322336,0.0,117.74929809570312,41.63066101074219,41.63066101074219,0.0
I_real,,0.0,,,,,65.77196502685547,1.298406516218814e-05,,,,8.0,,,train_event,8,phase2-selected,1.2984065506316256e-05,0.0,117.7492904663086,41.63066482543945,41.63066101074219,1.3486991292666062e-06
I_real,,2.3841855067985307e-07,,,,,70.14448547363281,4.2757305094947635e-05,,,,8.0,,,train_event,9,phase2-selected,4.275865649105981e-05,3.396160720461856e-07,117.74930572509766,41.63066482543945,41.63066101074219,3.303624680484063e-06
I_real,,1.1920928244535389e-07,,,,,74.07846069335938,3.240298878824537e-05,,,,8.0,,,train_event,10,phase2-selected,3.2405157980974764e-05,3.749658816716388e-07,117.7491683959961,41.6306266784668,41.63062286376953,1.9073486328125e-06
I_real,,0.0,,,,,77.63440704345703,6.159024618479167e-06,,,,8.0,,,train_event,11,phase2-selected,6.159099484648323e-06,3.037923777156793e-08,117.74911499023438,41.63059997558594,41.63059616088867,1.3486991292666062e-06
I_real,,0.0,,,,,80.85845184326172,9.387074905910879e-07,,,,8.0,,,train_event,12,phase2-selected,9.387650266035052e-07,1.039221981100072e-08,117.74906158447266,41.63057327270508,41.63057327270508,0.0
I_real,,0.0,,,,,83.78868103027344,2.093852468970468e-06,,,,8.0,,,train_event,13,phase2-selected,2.0939476144121727e-06,1.9954668408056388e-08,117.74900817871094,41.630558013916016,41.63055419921875,1.3486991292666062e-06
I_real,,0.0,,,,,86.45649719238281,2.085970696672088e-07,,,,8.0,,,train_event,14,phase2-selected,2.0861398297711276e-07,2.656999310577145e-09,117.74896240234375,41.63054275512695,41.63053894042969,1.3486991292666062e-06
I_real,,0.0,,,,,88.88813018798828,2.910823094395614e-06,,,,8.0,,,train_event,15,phase2-selected,2.9109637580404524e-06,2.8612436981064948e-08,117.74893951416016,41.630531311035156,41.63052749633789,1.3486991292666062e-06
I_real,,0.0,,,,,91.10743713378906,1.840749649194961e-07,,,,8.0,,,train_event,16,phase2-selected,1.8407826019029017e-07,1.0990496958406509e-09,117.74887084960938,41.63051986694336,41.63051986694336,0.0
I_real,,0.0,,,,,93.13390350341797,9.29441455623767e-06,,,,8.0,,,train_event,17,phase2-selected,9.295074960391503e-06,1.1077397270513844e-07,117.74889373779297,41.63051223754883,41.63051223754883,2.6973982585332124e-06
I_real,,0.0,,,,,94.98523712158203,2.0063127882553456e-07,,,,8.0,,,train_event,18,phase2-selected,2.0064038608325063e-07,1.911513819374609e-09,117.74886322021484,41.63050842285156,41.6305046081543,1.3486991292666062e-06
I_real,,0.0,,,,,96.67737579345703,1.1844248660554978e-05,,,,8.0,,,train_event,19,phase2-selected,1.184438315249281e-05,5.6378078476746197e-08,117.74884033203125,41.6305046081543,41.630496978759766,5.046370006311918e-06
I_real,,1.1920928244535389e-07,,,,,98.22434997558594,8.005274565922282e-05,,,,8.0,,,train_event,20,phase2-selected,8.00533453002572e-05,3.10296187169007e-07,117.74884796142578,41.630496978759766,41.630496978759766,1.3486991292666062e-06
I_real,,1.1920928244535389e-07,,,,,99.63958740234375,4.756349821388033e-05,,,,8.0,,,train_event,21,phase2-selected,4.7565710701746866e-05,4.5868418114125646e-07,117.74881744384766,41.6304931640625,41.630489349365234,1.3486991292666062e-06
I_real,,0.0,,,,,100.9328842163086,8.734719028771739e-06,,,,8.0,,,train_event,22,phase2-selected,8.734868970350362e-06,5.11471441577239e-08,117.74878692626953,41.63048553466797,41.63048553466797,2.336015541004599e-06
I_real,,0.0,,,,,102.11564636230469,4.457897699260131e-06,,,,8.0,,,train_event,23,phase2-selected,4.458119292394258e-06,4.444214333053706e-08,117.74877166748047,41.63047409057617,41.630470275878906,3.0157830224197824e-06
I_real,,1.1920928244535389e-07,,,,,103.19686889648438,7.312460553262145e-05,,,,8.0,,,train_event,24,phase2-selected,7.312532397918403e-05,3.23857375421841e-07,117.74874114990234,41.630470275878906,41.63046646118164,1.9073486328125e-06
I_real,,7.867782187531702e-06,,,,,104.18548583984375,0.005127634994852957,,,,8.0,,,train_event,25,phase2-selected,0.005127703305333853,2.6401934835190368e-05,117.74874877929688,41.630462646484375,41.630462646484375,3.0157830224197824e-06
I_real,,5.030505417380482e-05,,,,,105.1012191772461,0.03175928854659792,,,,8.0,,,train_event,26,phase2-selected,0.03175988420844078,0.00019465584565596597,117.74847412109375,41.6303825378418,41.6303825378418,0.0
I_real,,0.0,,,,,105.91246032714844,2.0633071092420663e-07,,,,8.0,,,train_event,27,phase2-selected,2.063345192482302e-07,1.2524737291241576e-09,117.74797058105469,41.63019561767578,41.630191802978516,2.336015541004599e-06
I_real,,0.0,,,,,106.75579833984375,1.0049688470002008e-07,,,,8.0,,,train_event,28,phase2-selected,1.0049999588090941e-07,7.904251849091153e-10,117.74755096435547,41.63005447387695,41.63005447387695,0.0
I_real,,0.0,,,,,107.60929870605469,3.977462724901542e-08,,,,8.0,,,train_event,29,phase2-selected,3.977647722308575e-08,3.8341693803361024e-10,117.74726867675781,41.62994384765625,41.62994384765625,3.0157830224197824e-06
I_real,,0.0,,,,,108.45892333984375,7.838057476623288e-07,,,,8.0,,,train_event,30,phase2-selected,7.838211786292959e-07,4.9154308299898745e-09,117.74706268310547,41.6298713684082,41.62986755371094,2.6973982585332124e-06
I_real,,0.0,,,,,109.29141998291016,6.429491168673604e-08,,,,8.0,,,train_event,31,phase2-selected,6.42990514165831e-08,7.296821264156971e-10,117.74687194824219,41.62981033325195,41.62981033325195,0.0
I_real,,0.0,,,,,110.09883880615234,1.5725467925647762e-07,,,,8.0,,,train_event,32,phase2-selected,1.5725906621355534e-07,1.1758927482827048e-09,117.7468032836914,41.6297721862793,41.6297721862793,0.0
I_real,,0.0,,,,,110.874267578125,1.073629565775785e-07,,,,8.0,,,train_event,33,phase2-selected,1.0736494715501976e-07,6.536826444047913e-10,117.74669647216797,41.6297492980957,41.6297492980957,0.0
I_real,,0.0,,,,,111.61418914794922,1.0572419104008613e-07,,,,8.0,,,train_event,34,phase2-selected,1.0572841091516239e-07,9.44138873070094e-10,117.74667358398438,41.629737854003906,41.62973403930664,3.5683226542460034e-06
I_real,,0.0,,,,,112.31542205810547,1.2306628126075293e-05,,,,8.0,,,train_event,35,phase2-selected,1.230675115948543e-05,5.513290069332361e-08,117.7466812133789,41.62973403930664,41.62973403930664,0.0
I_real,,0.0,,,,,112.97637939453125,5.626973083084065e-07,,,,8.0,,,train_event,36,phase2-selected,5.627038035527221e-07,2.7072569823294488e-09,117.74664306640625,41.62974166870117,41.629737854003906,3.0157830224197824e-06
I_real,,0.0,,,,,113.59674072265625,2.6404975972280713e-06,,,,8.0,,,train_event,37,phase2-selected,2.6405148219055263e-06,9.522026339379843e-09,117.7467041015625,41.6297492980957,41.62974548339844,2.336015541004599e-06
I_real,,0.0,,,,,114.1769027709961,9.710262909086944e-06,,,,8.0,,,train_event,38,phase2-selected,9.710353879199829e-06,4.1894286278553657e-08,117.74675750732422,41.62975311279297,41.629756927490234,3.814697265625e-06
I_real,,0.0,,,,,114.7180404663086,5.913157940659832e-06,,,,8.0,,,train_event,39,phase2-selected,5.913346740271663e-06,4.729671558831029e-08,117.74678039550781,41.62976837158203,41.629764556884766,1.3486991292666062e-06
I_real,,2.3841855067985307e-07,,,,,115.22118377685547,6.922597288155353e-05,,,,8.0,,,train_event,40,phase2-selected,6.9227913627401e-05,5.184341690206614e-07,117.74678802490234,41.62977981567383,41.62977981567383,0.0
I_real,,0.0,,,,,115.68881225585938,7.4742267891036015e-06,,,,8.0,,,train_event,41,phase2-selected,7.474310223187786e-06,3.5278629882124283e-08,117.74687957763672,41.629798889160156,41.62979507446289,3.814697265625e-06
I_real,,0.0,,,,,116.12104034423828,1.0680930512091063e-05,,,,8.0,,,train_event,42,phase2-selected,1.0681053026928566e-05,5.135930398595223e-08,117.74691009521484,41.62981033325195,41.62981033325195,1.3486991292666062e-06
I_real,,2.3841855067985307e-07,,,,,116.52095031738281,6.651827254880665e-05,,,,8.0,,,train_event,43,phase2-selected,6.651976582361385e-05,4.448768071008696e-07,117.7469253540039,41.62983322143555,41.629825592041016,4.473129138204968e-06
I_real,,1.1920928244535389e-07,,,,,116.89091491699219,0.00027736462523961805,,,,8.0,,,train_event,44,phase2-selected,0.0002773820306174457,3.1081618583843468e-06,117.74699401855469,41.62984848022461,41.62984848022461,0.0
I_real,,0.0,,,,,117.21847534179688,8.087161923480883e-07,,,,8.0,,,train_event,45,phase2-selected,8.087295100267511e-07,4.641279179324706e-09,117.74703979492188,41.62986373901367,41.62986373901367,1.3486991292666062e-06
I_real,,2.3841855067985307e-07,,,,,117.5195083618164,3.50274154851847e-05,,,,8.0,,,train_event,46,phase2-selected,3.502839899738319e-05,2.6233456700498256e-07,117.74708557128906,41.62987518310547,41.62987518310547,3.5683226542460034e-06
I_real,,2.3841855067985307e-07,,,,,117.79460144042969,3.695185381025913e-05,,,,8.0,,,train_event,47,phase2-selected,3.695204577525146e-05,1.1932085501320627e-07,117.74711608886719,41.629878997802734,41.629878997802734,1.9073486328125e-06
I_real,,9.536738616588991e-07,,,,,118.04734802246094,0.00014989741326148598,,,,8.0,,,train_event,48,phase2-selected,0.0001499004865763709,9.58153849109575e-07,117.74710845947266,41.6298942565918,41.6298942565918,0.0
I_real,,1.1920928244535389e-07,,,,,118.28498840332031,6.945385054183496e-05,,,,8.0,,,train_event,49,phase2-selected,6.945469067431986e-05,3.417288693133046e-07,117.74715423583984,41.62990951538086,41.62990951538086,1.3486991292666062e-06
I_real,,1.1920928244535389e-07,,,,,118.50318908691406,2.130716733476359e-05,,,,8.0,,,train_event,50,phase2-selected,2.1307314455043525e-05,7.972242568180981e-08,117.74718475341797,41.629920959472656,41.62991714477539,1.9073486328125e-06
I_real,,3.576278118089249e-07,,,,,118.70286560058594,7.745015280008469e-05,,,,8.0,,,train_event,51,phase2-selected,7.745177572360262e-05,5.019662158207552e-07,117.74718475341797,41.62992477416992,41.62992477416992,0.0
I_real,,1.1920928244535389e-07,,,,,118.88697814941406,1.5707092875038847e-05,,,,8.0,,,train_event,52,phase2-selected,1.570736276335083e-05,9.211248437220933e-08,117.74720001220703,41.629940032958984,41.629940032958984,3.0157830224197824e-06
I_real,,0.0,,,,,119.05506134033203,6.177719829145292e-06,,,,8.0,,,train_event,53,phase2-selected,6.177804607432336e-06,3.236373978600644e-08,117.74726104736328,41.62994384765625,41.62994384765625,0.0
I_real,,0.0,,,,,119.20819854736328,2.7366292742179553e-05,,,,8.0,,,train_event,54,phase2-selected,2.736673195613548e-05,1.553066582834897e-07,117.74729919433594,41.62995147705078,41.629947662353516,3.5683226542460034e-06
I_real,,1.1920928244535389e-07,,,,,119.34917449951172,1.1835423372778446e-05,,,,8.0,,,train_event,55,phase2-selected,1.1835579243779648e-05,6.099821653556804e-08,117.74736022949219,41.62996292114258,41.62996292114258,2.336015541004599e-06
I_real,,54.31813049316406,,,,,119.47694396972656,510.6567798483593,,,,8.0,,,train_event,56,phase2-selected,510.6689453125,3.5275184369758095,117.74734497070312,41.629966735839844,41.62997055053711,3.814697265625e-06
I_real,,14.979633331298828,,,,,117.7522964477539,1349.3493260703253,,,,8.0,,,train_event,57,phase2-selected,1349.3717041015625,7.7712487430397665,117.74787902832031,41.630157470703125,41.630157470703125,0.0
I_real,,15.413782119750977,,,,,120.86799621582031,998.9696506901079,,,,8.0,,,train_event,58,phase2-selected,998.9797973632812,4.513076475941197,117.74761962890625,41.63007354736328,41.630069732666016,3.814697265625e-06
I_real,,5.604949951171875,,,,,125.36953735351562,506.3654254379166,,,,8.0,,,train_event,59,phase2-selected,506.379638671875,3.7951403944537323,117.7483901977539,41.63034439086914,41.630340576171875,2.6973982585332124e-06
I_real,,0.5313121676445007,,,,,128.24139404296875,363.5014989500938,,,,8.0,,,train_event,60,phase2-selected,363.51287841796875,2.87473850082444,117.74884033203125,41.63050079345703,41.630496978759766,3.814697265625e-06
I_real,,0.023401271551847458,,,,,131.75196838378906,3.048107241309189,,,,8.0,,,train_event,61,phase2-selected,3.0481438636779785,0.014920788569741479,117.74911499023438,41.63060760498047,41.63060760498047,3.0157830224197824e-06
I_real,,0.013455886393785477,,,,,134.84024047851562,2.5988340455175596,,,,8.0,,,train_event,62,phase2-selected,2.5988869667053223,0.016588072681364165,117.74930572509766,41.63066101074219,41.63066101074219,3.303624680484063e-06
I_real,,3.3378546504536644e-06,,,,,138.7037353515625,0.000413258018603729,,,,8.0,,,train_event,63,phase2-selected,0.00041326205246150494,1.8259671325499882e-06,117.74950408935547,41.6307373046875,41.6307373046875,3.303624680484063e-06
I_real,,8.797258487902582e-05,,,,,143.2533416748047,0.03937161449466819,,,,8.0,,,train_event,64,phase2-selected,0.0393730029463768,0.00033091889184836673,117.7497329711914,41.63081359863281,41.63081359863281,2.6973982585332124e-06
I_real,,2.264974000354414e-06,,,,,148.2546844482422,0.0004143564279580746,,,,8.0,,,train_event,65,phase2-selected,0.0004143667174503207,2.9223353298124855e-06,117.74992370605469,41.630897521972656,41.63089370727539,1.9073486328125e-06
I_real,,2.145764938177308e-06,,,,,153.41432189941406,0.00035702916872070616,,,,8.0,,,train_event,66,phase2-selected,0.000357036420609802,2.274117932544771e-06,117.75015258789062,41.63096618652344,41.63096618652344,0.0
I_real,,3.576278118089249e-07,,,,,158.5704803466797,7.862055651736094e-05,,,,8.0,,,train_event,67,phase2-selected,7.862514758016914e-05,8.49462728038426e-07,117.7503890991211,41.63105010986328,41.631046295166016,1.3486991292666062e-06
I_real,,8.821448318485636e-06,,,,,163.6100311279297,0.002522103592274743,,,,8.0,,,train_event,68,phase2-selected,0.002522123046219349,9.9208618340383e-06,117.75057983398438,41.6311149597168,41.6311149597168,1.3486991292666062e-06
I_real,,8.344646857949556e-07,,,,,168.45965576171875,0.00018342153171757626,,,,8.0,,,train_event,69,phase2-selected,0.00018342264229431748,6.399661206323146e-07,117.75077819824219,41.63118362426758,41.63117980957031,2.336015541004599e-06
I_real,,1.5735502529423684e-05,,,,,173.07151794433594,0.0031642763268800514,,,,8.0,,,train_event,70,phase2-selected,0.0031643009278923273,1.2501556508226506e-05,117.75096893310547,41.63124465942383,41.63124084472656,3.303624680484063e-06
I_real,,1.6689286894688848e-06,,,,,177.41688537597656,0.00024436736488299806,,,,8.0,,,train_event,71,phase2-selected,0.00024436949752271175,1.0233482428796171e-06,117.7510757446289,41.63130187988281,41.63129425048828,5.560828867601231e-06
I_real,,3.576278118089249e-07,,,,,181.4808807373047,4.119597310923608e-05,,,,8.0,,,train_event,72,phase2-selected,4.1196701204171404e-05,2.4480423888953133e-07,117.75125122070312,41.63135528564453,41.631351470947266,1.9073486328125e-06
I_real,,4.768370445162873e-07,,,,,185.2549591064453,8.174723866964572e-05,,,,8.0,,,train_event,73,phase2-selected,8.174979302566499e-05,6.461981087295335e-07,117.7513656616211,41.631404876708984,41.631404876708984,0.0
I_real,,1.1920928244535389e-07,,,,,188.73683166503906,1.8964874603361773e-05,,,,8.0,,,train_event,74,phase2-selected,1.8964959963341244e-05,5.674558969528778e-08,117.75151062011719,41.63145065307617,41.631446838378906,2.6973982585332124e-06
I_real,,3.576278118089249e-07,,,,,191.9366912841797,6.488080464816799e-05,,,,8.0,,,train_event,75,phase2-selected,6.488202780019492e-05,3.9855650472218655e-07,117.75164794921875,41.63148880004883,41.63148880004883,0.0
I_real,,1.1920922133867862e-06,,,,,192.00001525878906,0.00018492637567630118,,,,8.0,,,train_event,76,phase2-selected,0.00018493276729714125,1.5362551380732018e-06,117.75175476074219,41.631534576416016,41.631534576416016,0.0
I_real,,1.1920928244535389e-07,,,,,191.9999542236328,2.1153740815678867e-05,,,,8.0,,,train_event,77,phase2-selected,2.1153980924282223e-05,1.0096652937433558e-07,117.75187683105469,41.631568908691406,41.63156509399414,3.0157830224197824e-06
I_real,,2.3841855067985307e-07,,,,,191.9998321533203,3.527821648954133e-05,,,,8.0,,,train_event,78,phase2-selected,3.527834633132443e-05,9.51514742467687e-08,117.75192260742188,41.63160705566406,41.63160705566406,1.3486991292666062e-06
I_real,,7.152555099310121e-07,,,,,191.99998474121094,0.00015448933185476402,,,,8.0,,,train_event,79,phase2-selected,0.00015449029160663486,5.481094998809599e-07,117.75203704833984,41.63163757324219,41.63163757324219,2.336015541004599e-06
I_real,,2.3841855067985307e-07,,,,,191.9999542236328,3.789902976787562e-05,,,,8.0,,,train_event,80,phase2-selected,3.789949550991878e-05,1.88646472172657e-07,117.75211334228516,41.63166809082031,41.63166809082031,1.3486991292666062e-06
I_real,,8.344646857949556e-07,,,,,192.00010681152344,0.0001846579433477947,,,,8.0,,,train_event,81,phase2-selected,0.00018465858011040837,4.790637689033948e-07,117.75218200683594,41.631690979003906,41.63168716430664,3.0157830224197824e-06
I_real,,1.549708758830093e-05,,,,,191.9999542236328,0.0075691117928694575,,,,8.0,,,train_event,82,phase2-selected,0.007569173816591501,3.0562625569450573e-05,117.75226593017578,41.631717681884766,41.631717681884766,0.0
I_real,,5.006777428206988e-06,,,,,191.99993896484375,0.0007256483858838189,,,,8.0,,,train_event,83,phase2-selected,0.0007256522076204419,2.354499901775647e-06,117.75235748291016,41.631736755371094,41.631736755371094,3.0157830224197824e-06
I_real,,4.291525328881107e-06,,,,,191.9999237060547,0.0010660653318332635,,,,8.0,,,train_event,84,phase2-selected,0.0010660717962309718,3.7007386438435496e-06,117.75237274169922,41.63175582885742,41.631752014160156,2.6973982585332124e-06
I_real,,8.344646857949556e-07,,,,,191.99978637695312,9.326296292947505e-05,,,,8.0,,,train_event,85,phase2-selected,9.326382132712752e-05,3.997867124319744e-07,117.75243377685547,41.631771087646484,41.631771087646484,1.3486991292666062e-06
I_real,,0.0,,,,,191.99998474121094,3.0846656176560503e-06,,,,8.0,,,train_event,86,phase2-selected,3.084722038693144e-06,1.866324954322432e-08,117.75247955322266,41.63179016113281,41.63179016113281,0.0
I_real,,4.768370445162873e-07,,,,,192.0001220703125,8.189228825863572e-05,,,,8.0,,,train_event,87,phase2-selected,8.189313666662201e-05,3.7331018403480784e-07,117.75251007080078,41.631805419921875,41.63180160522461,1.9073486328125e-06
I_real,,9.536738616588991e-07,,,,,191.9999542236328,0.00015946598670559426,,,,8.0,,,train_event,88,phase2-selected,0.00015947183419484645,1.3642264771356977e-06,117.7525634765625,41.63181686401367,41.631813049316406,1.9073486328125e-06
I_real,,4.768370445162873e-07,,,,,192.00003051757812,6.126736720914049e-05,,,,8.0,,,train_event,89,phase2-selected,6.126903463155031e-05,4.5195387915976795e-07,117.7525863647461,41.631832122802734,41.631832122802734,3.5683226542460034e-06
I_real,,1.1920928244535389e-07,,,,,192.0,1.713631837383481e-05,,,,8.0,,,train_event,90,phase2-selected,1.713636811473407e-05,4.090423988864143e-08,117.75262451171875,41.6318359375,41.6318359375,1.3486991292666062e-06
I_real,,0.0,,,,,192.00001525878906,2.936836723936691e-06,,,,8.0,,,train_event,91,phase2-selected,2.936857299573603e-06,1.1016338589582937e-08,117.7526626586914,41.6318473815918,41.6318473815918,1.3486991292666062e-06
I_real,,1.1920928244535389e-07,,,,,191.99989318847656,1.97199820695861e-05,,,,8.0,,,train_event,92,phase2-selected,1.972012069018092e-05,7.389118354428841e-08,117.75269317626953,41.631858825683594,41.63186264038086,4.473129138204968e-06
I_real,,0.0,,,,,191.99996948242188,5.886784992941277e-06,,,,8.0,,,train_event,93,phase2-selected,5.886819053557701e-06,2.005373104997538e-08,117.75270080566406,41.631866455078125,41.631866455078125,3.0157830224197824e-06
I_real,,2.3841855067985307e-07,,,,,191.9999542236328,3.790986425523813e-05,,,,8.0,,,train_event,94,phase2-selected,3.7910347600700334e-05,1.9159787020525178e-07,117.75273895263672,41.63187026977539,41.63187026977539,0.0
I_real,,4.768370445162873e-07,,,,,192.0,8.409872132215685e-05,,,,8.0,,,train_event,95,phase2-selected,8.409908332396299e-05,2.4567260315368033e-07,117.75273895263672,41.63187789916992,41.63187789916992,0.0
I_real,,2.3841855067985307e-07,,,,,191.9999237060547,4.845038682933713e-05,,,,8.0,,,train_event,96,phase2-selected,4.845160219701938e-05,3.432046297362344e-07,117.75273895263672,41.63188552856445,41.63188552856445,0.0
I_shuffle,,0.004957170691341162,,,,,8.773008346557617,3.5118720920985282,,,,8.0,,,train_event,1,phase2-selected,3.5118720531463623,0.0,117.74927520751953,41.63066482543945,41.63066482543945,1.9073486328125e-06
I_shuffle,,0.001213648240081966,,,,,19.615859985351562,0.275246487496071,,,,8.0,,,train_event,2,phase2-selected,0.2752464711666107,0.0,117.74930572509766,41.63066101074219,41.63066101074219,0.0
I_shuffle,,0.00012838016846217215,,,,,25.22597885131836,0.07355192887040228,,,,8.0,,,train_event,3,phase2-selected,0.07355193793773651,0.0,117.74932098388672,41.63066482543945,41.63066101074219,1.3486991292666062e-06
I_shuffle,,8.201262971851975e-05,,,,,30.744768142700195,0.01633724048889792,,,,8.0,,,train_event,4,phase2-selected,0.016337238252162933,0.0,117.74927520751953,41.63066101074219,41.63066101074219,0.0
I_shuffle,,3.4927710657939315e-05,,,,,35.5879020690918,0.018194259845878923,,,,8.0,,,train_event,5,phase2-selected,0.018194260075688362,0.0,117.74931335449219,41.63066482543945,41.63066482543945,1.9073486328125e-06
I_shuffle,,1.156323378381785e-05,,,,,39.889442443847656,0.003447610383780842,,,,8.0,,,train_event,6,phase2-selected,0.003447610419243574,0.0,117.74930572509766,41.63066482543945,41.63066482543945,1.9073486328125e-06
I_shuffle,,5.245195097813848e-06,,,,,43.72486114501953,0.0011882333717437184,,,,8.0,,,train_event,7,phase2-selected,0.0011882333783432841,0.0,117.74930572509766,41.63066482543945,41.63066482543945,1.3486991292666062e-06
I_shuffle,,1.5497195136049413e-06,,,,,47.16954040527344,0.003862629588657344,,,,8.0,,,train_event,8,phase2-selected,0.003862629411742091,0.0,117.7492904663086,41.63066101074219,41.63066101074219,0.0
I_shuffle,,2.9802276912960224e-06,,,,,50.279457092285156,0.0008792739997242517,,,,8.0,,,train_event,9,phase2-selected,0.0008792789885774255,2.9629266057617802e-06,117.74929809570312,41.63066101074219,41.63066101074219,0.0
I_shuffle,,1.6689286894688848e-06,,,,,53.08097457885742,0.0008474947377221191,,,,8.0,,,train_event,10,phase2-selected,0.0008475086069665849,4.852375266790667e-06,117.75015258789062,41.63096618652344,41.63096237182617,3.303624680484063e-06
I_shuffle,,0.0,,,,,55.63870620727539,3.265281175357619e-05,,,,8.0,,,train_event,11,phase2-selected,3.2653886592015624e-05,2.6468001571416626e-07,117.7506103515625,41.63113021850586,41.631126403808594,2.336015541004599e-06
I_shuffle,,1.1920928244535389e-07,,,,,57.96809768676758,4.913358682518899e-05,,,,8.0,,,train_event,12,phase2-selected,4.913405064144172e-05,2.1260845981777203e-07,117.75093078613281,41.63125228881836,41.63125228881836,1.9073486328125e-06
I_shuffle,,3.576278118089249e-07,,,,,60.093910217285156,0.00014595786166371374,,,,8.0,,,train_event,13,phase2-selected,0.0001459599588997662,7.810282380282174e-07,117.75132751464844,41.63136291503906,41.6313591003418,1.9073486328125e-06
I_shuffle,,0.0005980133428238332,,,,,62.03556442260742,0.36779154545335213,,,,8.0,,,train_event,14,phase2-selected,0.36779463291168213,0.0015081689943476988,117.75153350830078,41.631473541259766,41.631473541259766,0.0
I_shuffle,,0.0,,,,,63.74657440185547,4.577168102994654e-05,,,,8.0,,,train_event,15,phase2-selected,4.577209983835928e-05,1.9543658920519743e-07,117.75201416015625,41.63162612915039,41.631622314453125,1.3486991292666062e-06
I_shuffle,,0.0,,,,,65.36607360839844,5.026005613230711e-06,,,,8.0,,,train_event,16,phase2-selected,5.0260559874004684e-06,2.2522761500605725e-08,117.75243377685547,41.63177490234375,41.63177490234375,1.3486991292666062e-06
I_shuffle,,0.0,,,,,66.8907699584961,2.0953248160235822e-08,,,,8.0,,,train_event,17,phase2-selected,2.09533528305883e-08,6.604871267636166e-11,117.75285339355469,41.631935119628906,41.63193130493164,3.0157830224197824e-06
I_shuffle,,3.576278118089249e-07,,,,,68.32048797607422,0.00011541948326425473,,,,8.0,,,train_event,18,phase2-selected,0.00011541968706296757,2.1946885428277291e-07,117.75333404541016,41.63208770751953,41.632083892822266,3.814697265625e-06
I_shuffle,,0.0,,,,,69.65533447265625,6.537593782578005e-07,,,,8.0,,,train_event,19,phase2-selected,6.537702006426116e-07,3.750762816145296e-09,117.75374603271484,41.63223648071289,41.63223648071289,1.3486991292666062e-06
I_shuffle,,0.0,,,,,70.89927673339844,2.4891907230654238e-05,,,,8.0,,,train_event,20,phase2-selected,2.489206235622987e-05,8.800993849257349e-08,117.75415802001953,41.63238525390625,41.63238525390625,0.0
I_shuffle,,0.0,,,,,72.05477142333984,3.319479562506916e-05,,,,8.0,,,train_event,21,phase2-selected,3.319495226605795e-05,1.0206232706407939e-07,117.75458526611328,41.632530212402344,41.63253402709961,3.814697265625e-06
I_shuffle,,0.0,,,,,73.12567138671875,3.417214401244427e-06,,,,8.0,,,train_event,22,phase2-selected,3.417244897718774e-06,1.443430545727224e-08,117.75493621826172,41.63266372680664,41.632659912109375,3.0157830224197824e-06
I_shuffle,,0.0,,,,,74.11713409423828,1.6410872078264905e-05,,,,8.0,,,train_event,23,phase2-selected,1.641098060645163e-05,5.998711721690353e-08,117.75526428222656,41.63278579711914,41.63278579711914,0.0
I_shuffle,,0.0,,,,,75.03340148925781,7.922752297808954e-06,,,,8.0,,,train_event,24,phase2-selected,7.922771146695595e-06,1.7194303818431856e-08,117.755615234375,41.632904052734375,41.632904052734375,0.0
I_shuffle,,8.344646857949556e-07,,,,,75.87971496582031,0.0001881053874843932,,,,8.0,,,train_event,25,phase2-selected,0.00018810621986631304,5.601482603510361e-07,117.75594329833984,41.633018493652344,41.63302230834961,3.814697265625e-06
I_shuffle,,1.680836794548668e-05,,,,,76.66007232666016,0.004233657559663281,,,,8.0,,,train_event,26,phase2-selected,0.004233746323734522,2.739692261985041e-05,117.75624084472656,41.63312530517578,41.633121490478516,2.6973982585332124e-06
I_shuffle,,1.1920928244535389e-07,,,,,77.38640594482422,3.0811135899716794e-05,,,,8.0,,,train_event,27,phase2-selected,3.081157774431631e-05,1.642922921392825e-07,117.75643920898438,41.63319778442383,41.63319396972656,2.6973982585332124e-06
I_shuffle,,5.125986263010418e-06,,,,,78.05511474609375,0.0014236044519789271,,,,8.0,,,train_event,28,phase2-selected,0.0014236128190532327,4.90000397777169e-06,117.75663757324219,41.633270263671875,41.633270263671875,2.6973982585332124e-06
I_shuffle,,1.0728830375228426e-06,,,,,78.67171478271484,0.00022596193690180687,,,,8.0,,,train_event,29,phase2-selected,0.00022596346389036626,8.293582764313418e-07,117.7568359375,41.63333511352539,41.633331298828125,2.336015541004599e-06
I_shuffle,,0.0005567907355725765,,,,,79.23880004882812,0.09451516693561204,,,,8.0,,,train_event,30,phase2-selected,0.09451615065336227,0.0004314903707500415,117.75701141357422,41.633399963378906,41.633392333984375,4.046097274112981e-06
I_shuffle,,1.0490362910786644e-05,,,,,79.78414916992188,0.002788446595128705,,,,8.0,,,train_event,31,phase2-selected,0.002788472454994917,1.2014032600433186e-05,117.7566909790039,41.63326644897461,41.63326644897461,1.3486991292666062e-06
I_shuffle,,0.0,,,,,80.30217742919922,7.398921954963851e-06,,,,8.0,,,train_event,32,phase2-selected,7.398952220682986e-06,2.117071804417055e-08,117.75633239746094,41.6331672668457,41.63316345214844,2.336015541004599e-06
I_shuffle,,0.0,,,,,80.78778839111328,4.757379067945305e-06,,,,8.0,,,train_event,33,phase2-selected,4.757425358548062e-06,2.0983078590833517e-08,117.75606536865234,41.63307189941406,41.6330680847168,1.9073486328125e-06
I_shuffle,,0.0,,,,,81.24250793457031,7.775179705453342e-09,,,,8.0,,,train_event,34,phase2-selected,7.775180499436374e-09,2.6874427308975167e-12,117.75588989257812,41.632991790771484,41.632991790771484,0.0
I_shuffle,,0.0,,,,,81.66695404052734,1.4433569863525273e-07,,,,8.0,,,train_event,35,phase2-selected,1.443361554720468e-07,3.593831871246584e-10,117.75570678710938,41.6329231262207,41.63291549682617,4.862803962168982e-06
I_shuffle,,0.0,,,,,82.06169128417969,3.042522800675338e-08,,,,8.0,,,train_event,36,phase2-selected,3.0425280073131944e-08,5.492367141537801e-11,117.75550842285156,41.63286209106445,41.63286209106445,0.0
I_shuffle,,0.0,,,,,82.42829895019531,2.147744915679019e-08,,,,8.0,,,train_event,37,phase2-selected,2.1478113509942887e-08,1.68956917487908e-10,117.75534057617188,41.6328125,41.6328125,2.336015541004599e-06
I_shuffle,,0.0,,,,,82.76779174804688,4.795145941277219e-07,,,,8.0,,,train_event,38,phase2-selected,4.795201107299363e-07,2.289888844855355e-09,117.75521850585938,41.63276290893555,41.63275909423828,1.9073486328125e-06
I_shuffle,,0.0,,,,,83.08232879638672,8.490957704456083e-07,,,,8.0,,,train_event,39,phase2-selected,8.490993081977649e-07,2.4328293372962337e-09,117.75515747070312,41.632728576660156,41.63272476196289,3.5683226542460034e-06
I_shuffle,,0.0,,,,,83.3722152709961,6.674186174435102e-07,,,,8.0,,,train_event,40,phase2-selected,6.67427116241015e-07,3.3687841035414105e-09,117.75502014160156,41.632694244384766,41.6326904296875,2.6973982585332124e-06
I_shuffle,,0.0,,,,,83.63938903808594,5.652956747172138e-06,,,,8.0,,,train_event,41,phase2-selected,5.653042990161339e-06,3.119771036122467e-08,117.75494384765625,41.63266372680664,41.63266372680664,1.3486991292666062e-06
I_shuffle,,0.0,,,,,83.88540649414062,8.772606297608227e-06,,,,8.0,,,train_event,42,phase2-selected,8.772841283644084e-06,6.416352776708909e-08,117.7548828125,41.63263702392578,41.632633209228516,3.0157830224197824e-06
I_shuffle,,8.344646857949556e-07,,,,,84.11149597167969,0.00038940229951483834,,,,8.0,,,train_event,43,phase2-selected,0.0003894099500030279,2.439773345254182e-06,117.75479888916016,41.63261413574219,41.63261032104492,1.3486991292666062e-06
I_shuffle,,0.0,,,,,84.31889343261719,8.165304247703517e-06,,,,8.0,,,train_event,44,phase2-selected,8.16533065517433e-06,2.0632257588332722e-08,117.7547378540039,41.63259506225586,41.63259506225586,3.303624680484063e-06
I_shuffle,,0.0,,,,,84.50942993164062,1.0399466861995886e-05,,,,8.0,,,train_event,45,phase2-selected,1.0399492566648405e-05,2.311383713059481e-08,117.75469970703125,41.632572174072266,41.632572174072266,0.0
I_shuffle,,0.0,,,,,84.68405151367188,3.2432179016573087e-06,,,,8.0,,,train_event,46,phase2-selected,3.2432469652121654e-06,1.3713447788285588e-08,117.75463104248047,41.63256072998047,41.6325569152832,1.3486991292666062e-06
I_shuffle,,0.0,,,,,84.84375762939453,2.44841033765519e-06,,,,8.0,,,train_event,47,phase2-selected,2.4484745608788216e-06,1.772652698200634e-08,117.75464630126953,41.63254928588867,41.63254928588867,0.0
I_shuffle,,0.0,,,,,84.98980712890625,1.5567504625207115e-05,,,,8.0,,,train_event,48,phase2-selected,1.55676607391797e-05,6.975463984260031e-08,117.75460052490234,41.632537841796875,41.632537841796875,3.0157830224197824e-06
I_shuffle,,0.0,,,,,85.12348937988281,5.7604929299366594e-06,,,,8.0,,,train_event,49,phase2-selected,5.760504336649319e-06,1.1515632452043617e-08,117.7545394897461,41.63252258300781,41.63252258300781,0.0
I_shuffle,,1.1920928244535389e-07,,,,,85.24541473388672,5.05791562344358e-05,,,,8.0,,,train_event,50,phase2-selected,5.057993621448986e-05,2.807496155913686e-07,117.75455474853516,41.63251876831055,41.63251495361328,2.6973982585332124e-06
I_shuffle,,0.0,,,,,85.35694122314453,2.2001544963429266e-06,,,,8.0,,,train_event,51,phase2-selected,2.2001656816428294e-06,7.009984706314832e-09,117.75450897216797,41.632503509521484,41.632503509521484,2.6973982585332124e-06
I_shuffle,,0.0,,,,,85.45854949951172,2.861083234735631e-07,,,,8.0,,,train_event,52,phase2-selected,2.861110033336445e-07,1.2376650732095694e-09,117.75446319580078,41.63249969482422,41.632503509521484,3.814697265625e-06
I_shuffle,,0.0,,,,,85.55109405517578,3.2882571526598725e-06,,,,8.0,,,train_event,53,phase2-selected,3.2882660434552236e-06,7.702481809937455e-09,117.75447082519531,41.63249588012695,41.63249206542969,1.9073486328125e-06
I_shuffle,,0.0,,,,,85.63578033447266,1.4169394707873885e-06,,,,8.0,,,train_event,54,phase2-selected,1.416939767295844e-06,8.388008438208055e-10,117.7544174194336,41.632484436035156,41.63248062133789,3.814697265625e-06
I_shuffle,,0.0,,,,,85.7126235961914,7.236999073256814e-06,,,,8.0,,,train_event,55,phase2-selected,7.237041245389264e-06,2.480191697246095e-08,117.75442504882812,41.63248062133789,41.63248062133789,0.0
I_shuffle,,30.06340789794922,,,,,85.78260803222656,723.0501335470428,,,,8.0,,,train_event,56,phase2-selected,723.061279296875,4.014678689346373,117.75439453125,41.63248062133789,41.632476806640625,1.3486991292666062e-06
I_shuffle,,17.002546310424805,,,,,86.65977478027344,1120.1849898744545,,,,8.0,,,train_event,57,phase2-selected,1120.1968994140625,5.16948997609653,117.7550277709961,41.63268280029297,41.63268280029297,3.5683226542460034e-06
I_shuffle,,0.03275448828935623,,,,,86.99578094482422,10.527467846154206,,,,8.0,,,train_event,58,phase2-selected,10.527518272399902,0.03282446988493113,117.7562255859375,41.63310623168945,41.63310623168945,2.6973982585332124e-06
I_shuffle,,1.4305104514278355e-06,,,,,87.93746948242188,0.00057566482533092,,,,8.0,,,train_event,59,phase2-selected,0.0005756692844443023,2.259014957696655e-06,117.75634002685547,41.63315200805664,41.63315200805664,0.0
I_shuffle,,0.0,,,,,88.96329498291016,1.2792473450916835e-05,,,,8.0,,,train_event,60,phase2-selected,1.2792564120900352e-05,4.81448774137972e-08,117.75648498535156,41.633201599121094,41.63320541381836,3.814697265625e-06
I_shuffle,,2.992108420585282e-05,,,,,90.0348892211914,0.01405932796424651,,,,8.0,,,train_event,61,phase2-selected,0.014059498906135559,6.933355530986681e-05,117.75662994384766,41.63324737548828,41.633243560791016,3.5683226542460034e-06
I_shuffle,,0.00016866691294126213,,,,,91.13331604003906,0.15367330787497296,,,,8.0,,,train_event,62,phase2-selected,0.15367555618286133,0.0008312175637549012,117.75668334960938,41.6332893371582,41.6332893371582,0.0
I_shuffle,,0.0010052633006125689,,,,,92.32656860351562,0.7771560977032754,,,,8.0,,,train_event,63,phase2-selected,0.7771679162979126,0.00428561313339824,117.75628662109375,41.63313674926758,41.63313293457031,1.3486991292666062e-06
I_shuffle,,4.410734163684538e-06,,,,,94.04756927490234,0.0013984070565899287,,,,8.0,,,train_event,64,phase2-selected,0.0013984128599986434,4.041614905467078e-06,117.7544174194336,41.63246536254883,41.63246536254883,2.336015541004599e-06
I_shuffle,,0.0,,,,,95.77357482910156,6.214613764496618e-06,,,,8.0,,,train_event,65,phase2-selected,6.214705081220018e-06,3.3598005054326753e-08,117.75274658203125,41.63188171386719,41.63188171386719,0.0
I_shuffle,,0.0,,,,,97.47164916992188,2.7871261213771797e-06,,,,8.0,,,train_event,66,phase2-selected,2.7871378733834717e-06,8.163291346731622e-09,117.75130462646484,41.63136291503906,41.63136291503906,0.0
I_shuffle,,0.0,,,,,99.11824798583984,1.1765858590038971e-06,,,,8.0,,,train_event,67,phase2-selected,1.1765876024583122e-06,2.063963157547915e-09,117.75003051757812,41.630916595458984,41.630916595458984,0.0
I_shuffle,,0.0,,,,,100.696533203125,2.9330509897312096e-06,,,,8.0,,,train_event,68,phase2-selected,2.933068799393368e-06,1.0234466100237693e-08,117.7488784790039,41.63051986694336,41.63051986694336,1.9073486328125e-06
I_shuffle,,0.0,,,,,102.1966781616211,2.801758010261896e-06,,,,8.0,,,train_event,69,phase2-selected,2.8017605018249014e-06,3.643313578588518e-09,117.74789428710938,41.63017272949219,41.63017272949219,0.0
I_shuffle,,1.1920928244535389e-07,,,,,103.61180114746094,5.0705173889705386e-05,,,,8.0,,,train_event,70,phase2-selected,5.070526822237298e-05,9.78072456538372e-08,117.74701690673828,41.62986755371094,41.62986373901367,1.3486991292666062e-06
I_shuffle,,4.768370445162873e-07,,,,,104.93869018554688,0.00017649114334507623,,,,8.0,,,train_event,71,phase2-selected,0.00017649120127316564,1.3699943105356726e-07,117.74623107910156,41.62958526611328,41.629581451416016,3.5683226542460034e-06
I_shuffle,,0.0,,,,,106.17790985107422,6.369935785911454e-07,,,,8.0,,,train_event,72,phase2-selected,6.369955372065306e-07,1.5697484108236304e-09,117.74559020996094,41.62934494018555,41.62934112548828,3.5683226542460034e-06
I_shuffle,,1.1920928244535389e-07,,,,,107.32936096191406,6.678886824153022e-05,,,,8.0,,,train_event,73,phase2-selected,6.678922363789752e-05,2.1886818069632793e-07,117.74495697021484,41.629127502441406,41.62912368774414,3.814697265625e-06
I_shuffle,,0.0,,,,,108.39686584472656,5.218165063369747e-06,,,,8.0,,,train_event,74,phase2-selected,5.2181867431499995e-06,1.510465552845579e-08,117.74443817138672,41.628936767578125,41.628936767578125,0.0
I_shuffle,,0.0,,,,,109.38282012939453,3.04562750729306e-06,,,,8.0,,,train_event,75,phase2-selected,3.045628545805812e-06,2.0169849993893117e-09,117.74393463134766,41.62876510620117,41.62876510620117,0.0
I_shuffle,,0.0,,,,,110.29183197021484,2.2034095580469617e-07,,,,8.0,,,train_event,76,phase2-selected,2.2034097924006346e-07,1.161789601815189e-10,117.74349212646484,41.62861633300781,41.62861633300781,0.0
I_shuffle,,0.0,,,,,111.12785339355469,1.4961534393665986e-06,,,,8.0,,,train_event,77,phase2-selected,1.496155505265051e-06,2.52418172468412e-09,117.74314880371094,41.62847900390625,41.62847900390625,1.9073486328125e-06
I_shuffle,,0.0,,,,,111.89546203613281,7.139755267733416e-08,,,,8.0,,,train_event,78,phase2-selected,7.139759361507458e-08,7.315052585165394e-11,117.74274444580078,41.628360748291016,41.62835693359375,3.5683226542460034e-06
I_shuffle,,0.0,,,,,112.59906768798828,4.807998047718635e-07,,,,8.0,,,train_event,79,phase2-selected,4.808023277291795e-07,1.5689471231621695e-09,117.74247741699219,41.62825393676758,41.62825012207031,2.6973982585332124e-06
I_shuffle,,0.0,,,,,113.24288177490234,8.8553749314826e-06,,,,8.0,,,train_event,80,phase2-selected,8.855445230437908e-06,3.541622758179991e-08,117.7421875,41.62815475463867,41.62815475463867,0.0
I_shuffle,,0.0,,,,,113.83202362060547,5.528843042554428e-06,,,,8.0,,,train_event,81,phase2-selected,5.528846486413386e-06,5.988722118860852e-09,117.74198913574219,41.62806701660156,41.62806701660156,3.0157830224197824e-06
I_shuffle,,0.0,,,,,114.36914825439453,9.351898353326174e-06,,,,8.0,,,train_event,82,phase2-selected,9.35191837925231e-06,1.9122171730444145e-08,117.7417221069336,41.62799072265625,41.62799072265625,3.5683226542460034e-06
I_shuffle,,0.0,,,,,114.86006164550781,1.72043113493179e-06,,,,8.0,,,train_event,83,phase2-selected,1.720433715490799e-06,3.0070562033860533e-09,117.7415771484375,41.6279182434082,41.6279182434082,0.0
I_shuffle,,1.1920922133867862e-06,,,,,115.3074722290039,0.00039276984000295186,,,,8.0,,,train_event,84,phase2-selected,0.00039277024916373193,5.322699015500799e-07,117.74138641357422,41.62786102294922,41.627864837646484,3.814697265625e-06
I_shuffle,,0.0,,,,,115.71463775634766,8.677427625629168e-07,,,,8.0,,,train_event,85,phase2-selected,8.677442338012042e-07,1.610774020235328e-09,117.74121856689453,41.627803802490234,41.627803802490234,3.303624680484063e-06
I_shuffle,,0.0,,,,,116.08533477783203,1.642019492749715e-06,,,,8.0,,,train_event,86,phase2-selected,1.642039592297806e-06,8.105168803519294e-09,117.74104309082031,41.627750396728516,41.62774658203125,2.6973982585332124e-06
I_shuffle,,0.0009065332706086338,,,,,116.42283630371094,0.2874754929730534,,,,8.0,,,train_event,87,phase2-selected,0.2874777317047119,0.0011374474175029606,117.74089813232422,41.627708435058594,41.627708435058594,3.0157830224197824e-06
I_shuffle,,0.0,,,,,116.69544982910156,7.884133682123339e-07,,,,8.0,,,train_event,88,phase2-selected,7.884153205850453e-07,1.7608497259611345e-09,117.74064636230469,41.62760543823242,41.627601623535156,3.0157830224197824e-06
I_shuffle,,3.576278118089249e-07,,,,,116.96009826660156,0.00011001775943787449,,,,8.0,,,train_event,89,phase2-selected,0.00011002022074535489,7.357723364391034e-07,117.7403335571289,41.627506256103516,41.627506256103516,0.0
I_shuffle,,0.0,,,,,117.2140121459961,1.0696621703729878e-07,,,,8.0,,,train_event,90,phase2-selected,1.069669934850026e-07,4.078935196813826e-10,117.74010467529297,41.62742233276367,41.62742233276367,0.0
I_shuffle,,0.0,,,,,117.45610809326172,3.903878179203073e-08,,,,8.0,,,train_event,91,phase2-selected,3.903907241920024e-08,1.5089922939101712e-10,117.73992919921875,41.627342224121094,41.62734603881836,5.560828867601231e-06
I_shuffle,,0.0,,,,,117.68476104736328,4.141399154823309e-08,,,,8.0,,,train_event,92,phase2-selected,4.14140401971963e-08,6.329676660247035e-11,117.73970794677734,41.62726974487305,41.62726974487305,0.0
I_shuffle,,0.0,,,,,117.90016174316406,1.1961494425578773e-08,,,,8.0,,,train_event,93,phase2-selected,1.196150378746097e-08,1.5636767599676865e-11,117.73951721191406,41.62721252441406,41.62721252441406,1.9073486328125e-06
I_shuffle,,0.0,,,,,118.10130310058594,6.425307076216865e-07,,,,8.0,,,train_event,94,phase2-selected,6.425312903957092e-07,8.697386656313987e-10,117.7393798828125,41.62715148925781,41.62715148925781,0.0
I_shuffle,,0.0,,,,,118.28886413574219,3.963428112477228e-06,,,,8.0,,,train_event,95,phase2-selected,3.963431936426787e-06,5.4367772903859216e-09,117.73921203613281,41.62710189819336,41.62710189819336,3.5683226542460034e-06
I_shuffle,,0.0,,,,,118.46271514892578,1.0246029824243137e-06,,,,8.0,,,train_event,96,phase2-selected,1.0246202464259113e-06,5.957249386386087e-09,117.73905944824219,41.62705612182617,41.627052307128906,3.0157830224197824e-06
