alignment_aux_active,alignment_aux_loss,alignment_aux_mode,arm_alias,layer_index,loss,pilot_support_encoder_mode,pilot_trainable_variant,prefix_hidden_l2,prefix_hidden_slot_norm_max,prefix_hidden_slot_norm_mean,prefix_hidden_slot_norm_std,prefix_l2,prefix_projector_grad_norm,prefix_slot_norm_max,prefix_slot_norm_mean,prefix_slot_norm_std,prefix_tokens,projected_k_l2,projected_v_l2,row_type,step,suite,support_encoder_grad_norm,support_item_count,support_item_hidden_l2,support_item_hidden_norm_max,support_item_hidden_norm_mean,support_item_hidden_norm_std,total_grad_norm_pre_clip,writer_grad_norm,writer_memory_l2,writer_slot_norm_max,writer_slot_norm_mean,writer_slot_norm_std,writer_to_projector_grad_ratio
,,,I_real,,,structured_support_set,,,,,,65.00129699707031,,10.514363288879395,10.276042938232422,0.1795378029346466,8.0,,,snapshot_aggregate,0,phase2-selected,,6.0,96.09494018554688,39.23228073120117,39.2306022644043,0.001296027097851038,,,117.73040008544922,41.62397766113281,41.62397384643555,1.3486991292666062e-06,
,,,I_real,0,,,,29.272642135620117,10.349554061889648,10.349553108215332,5.840038852511498e-07,,,,,,8.0,3116.882080078125,21.728416442871094,snapshot_layer,0,phase2-selected,,,,,,,,,,,,,
,,,I_real,7,,,,28.709665298461914,10.150084495544434,10.150084495544434,4.76837158203125e-07,,,,,,8.0,149.99070739746094,42.510047912597656,snapshot_layer,0,phase2-selected,,,,,,,,,,,,,
,,,I_real,14,,,,28.289722442626953,10.00168228149414,10.00168228149414,5.840038852511498e-07,,,,,,8.0,97.99698638916016,78.74329376220703,snapshot_layer,0,phase2-selected,,,,,,,,,,,,,
,,,I_real,21,,,,29.73933219909668,10.514363288879395,10.514362335205078,6.743495646333031e-07,,,,,,8.0,60.28038024902344,75.60037231445312,snapshot_layer,0,phase2-selected,,,,,,,,,,,,,
,,,I_real,27,,,,29.31466293334961,10.36452865600586,10.364527702331543,3.3717478231665154e-07,,,,,,8.0,78.27092742919922,220.1636505126953,snapshot_layer,0,phase2-selected,,,,,,,,,,,,,
,,,I_shuffle,,,structured_support_set,,,,,,65.00128936767578,,10.514361381530762,10.276040077209473,0.17953772842884064,8.0,,,snapshot_aggregate,0,phase2-selected,,6.0,96.0954360961914,39.23244094848633,39.23080062866211,0.001495519420132041,,,117.73040008544922,41.62397766113281,41.62397766113281,2.6973982585332124e-06,
,,,I_shuffle,0,,,,29.272640228271484,10.349553108215332,10.349553108215332,8.920806635615008e-07,,,,,,8.0,3116.882080078125,21.728412628173828,snapshot_layer,0,phase2-selected,,,,,,,,,,,,,
,,,I_shuffle,7,,,,28.709665298461914,10.150083541870117,10.150083541870117,8.259061701210157e-07,,,,,,8.0,149.99070739746094,42.510047912597656,snapshot_layer,0,phase2-selected,,,,,,,,,,,,,
,,,I_shuffle,14,,,,28.289722442626953,10.001681327819824,10.001680374145508,7.539457556049456e-07,,,,,,8.0,97.99698638916016,78.74329376220703,snapshot_layer,0,phase2-selected,,,,,,,,,,,,,
,,,I_shuffle,21,,,,29.73933219909668,10.514361381530762,10.514360427856445,5.840038852511498e-07,,,,,,8.0,60.28038024902344,75.60037231445312,snapshot_layer,0,phase2-selected,,,,,,,,,,,,,
,,,I_shuffle,27,,,,29.31466293334961,10.364526748657227,10.36452579498291,4.76837158203125e-07,,,,,,8.0,78.27092742919922,220.1636505126953,snapshot_layer,0,phase2-selected,,,,,,,,,,,,,
,,,I_zero,,,pooled_block,,,,,,1.033820390701294,,0.18989966809749603,0.16223151981830597,0.020014354959130287,8.0,,,snapshot_aggregate,0,phase2-selected,,0.0,0.0,0.0,0.0,0.0,,,0.0,0.0,0.0,0.0,
,,,I_zero,0,,,,0.36570510268211365,0.12929028272628784,0.12929028272628784,0.0,,,,,,8.0,3113.552001953125,29.15438461303711,snapshot_layer,0,phase2-selected,,,,,,,,,,,,,
,,,I_zero,7,,,,0.47786945104599,0.16894391179084778,0.16894389688968658,1.4901161193847656e-08,,,,,,8.0,156.9075469970703,73.5356674194336,snapshot_layer,0,phase2-selected,,,,,,,,,,,,,
,,,I_zero,14,,,,0.43622106313705444,0.15422731637954712,0.15422731637954712,0.0,,,,,,8.0,163.94216918945312,125.2828140258789,snapshot_layer,0,phase2-selected,,,,,,,,,,,,,
,,,I_zero,21,,,,0.47741416096687317,0.1687963455915451,0.1687963306903839,1.4901161193847656e-08,,,,,,8.0,97.11265563964844,113.81671905517578,snapshot_layer,0,phase2-selected,,,,,,,,,,,,,
,,,I_zero,27,,,,0.5370827913284302,0.18989966809749603,0.18989966809749603,0.0,,,,,,8.0,125.32305908203125,221.6431884765625,snapshot_layer,0,phase2-selected,,,,,,,,,,,,,
,,,I_real,,,structured_support_set,,,,,,65.78229522705078,,10.65485668182373,10.39947509765625,0.18397361040115356,8.0,,,snapshot_aggregate,8,phase2-selected,,6.0,96.10604858398438,39.23696517944336,39.23513412475586,0.0015688565326854587,,,117.71604919433594,41.61893081665039,41.618927001953125,1.3486991292666062e-06,
,,,I_real,0,,,,30.137500762939453,10.65485668182373,10.654855728149414,8.920806635615008e-07,,,,,,8.0,3115.28271484375,21.31101417541504,snapshot_layer,8,phase2-selected,,,,,,,,,,,,,
,,,I_real,7,,,,28.6820125579834,10.140378952026367,10.140379905700684,1.118282284551242e-06,,,,,,8.0,150.78921508789062,42.201778411865234,snapshot_layer,8,phase2-selected,,,,,,,,,,,,,
,,,I_real,14,,,,28.99280548095703,10.251168251037598,10.251167297363281,8.259061701210157e-07,,,,,,8.0,94.1347427368164,74.69180297851562,snapshot_layer,8,phase2-selected,,,,,,,,,,,,,
,,,I_real,21,,,,29.749164581298828,10.5162935256958,10.5162935256958,0.0,,,,,,8.0,59.23863220214844,76.24765014648438,snapshot_layer,8,phase2-selected,,,,,,,,,,,,,
,,,I_real,27,,,,29.51714324951172,10.434679985046387,10.43467903137207,6.743495646333031e-07,,,,,,8.0,78.5538558959961,219.5010986328125,snapshot_layer,8,phase2-selected,,,,,,,,,,,,,
,,,I_shuffle,,,structured_support_set,,,,,,64.81149291992188,,10.429473876953125,10.246292114257812,0.16345681250095367,8.0,,,snapshot_aggregate,8,phase2-selected,,6.0,96.09813690185547,39.233516693115234,39.231903076171875,0.0015495342668145895,,,117.72847747802734,41.62330627441406,41.62330627441406,4.2649612623790745e-06,
,,,I_shuffle,0,,,,29.357452392578125,10.379847526550293,10.379846572875977,7.539457556049456e-07,,,,,,8.0,3117.70654296875,21.330575942993164,snapshot_layer,8,phase2-selected,,,,,,,,,,,,,
,,,I_shuffle,7,,,,28.440797805786133,10.054758071899414,10.054757118225098,5.840038852511498e-07,,,,,,8.0,150.84524536132812,43.73321533203125,snapshot_layer,8,phase2-selected,,,,,,,,,,,,,
,,,I_shuffle,14,,,,28.41489601135254,10.046442985534668,10.046442031860352,8.259061701210157e-07,,,,,,8.0,96.17559051513672,78.71807098388672,snapshot_layer,8,phase2-selected,,,,,,,,,,,,,
,,,I_shuffle,21,,,,29.503419876098633,10.429473876953125,10.429473876953125,6.743495646333031e-07,,,,,,8.0,60.250972747802734,77.24041748046875,snapshot_layer,8,phase2-selected,,,,,,,,,,,,,
,,,I_shuffle,27,,,,29.19552993774414,10.320943832397461,10.320941925048828,8.259061701210157e-07,,,,,,8.0,81.29927825927734,219.37689208984375,snapshot_layer,8,phase2-selected,,,,,,,,,,,,,
,,,I_zero,,,pooled_block,,,,,,1.033820390701294,,0.18989966809749603,0.16223151981830597,0.020014354959130287,8.0,,,snapshot_aggregate,8,phase2-selected,,0.0,0.0,0.0,0.0,0.0,,,0.0,0.0,0.0,0.0,
,,,I_zero,0,,,,0.36570510268211365,0.12929028272628784,0.12929028272628784,0.0,,,,,,8.0,3113.552001953125,29.15438461303711,snapshot_layer,8,phase2-selected,,,,,,,,,,,,,
,,,I_zero,7,,,,0.47786945104599,0.16894391179084778,0.16894389688968658,1.4901161193847656e-08,,,,,,8.0,156.9075469970703,73.5356674194336,snapshot_layer,8,phase2-selected,,,,,,,,,,,,,
,,,I_zero,14,,,,0.43622106313705444,0.15422731637954712,0.15422731637954712,0.0,,,,,,8.0,163.94216918945312,125.2828140258789,snapshot_layer,8,phase2-selected,,,,,,,,,,,,,
,,,I_zero,21,,,,0.47741416096687317,0.1687963455915451,0.1687963306903839,1.4901161193847656e-08,,,,,,8.0,97.11265563964844,113.81671905517578,snapshot_layer,8,phase2-selected,,,,,,,,,,,,,
,,,I_zero,27,,,,0.5370827913284302,0.18989966809749603,0.18989966809749603,0.0,,,,,,8.0,125.32305908203125,221.6431884765625,snapshot_layer,8,phase2-selected,,,,,,,,,,,,,
,,,I_real,,,structured_support_set,,,,,,67.33599090576172,,10.90798568725586,10.644413948059082,0.2234390676021576,8.0,,,snapshot_aggregate,16,phase2-selected,,6.0,96.11476135253906,39.24082946777344,39.238677978515625,0.0017660949379205704,,,117.72577667236328,41.62234115600586,41.62234115600586,2.6973982585332124e-06,
,,,I_real,0,,,,30.846879959106445,10.90798568725586,10.907984733581543,8.920806635615008e-07,,,,,,8.0,3116.41259765625,21.240718841552734,snapshot_layer,16,phase2-selected,,,,,,,,,,,,,
,,,I_real,7,,,,28.963964462280273,10.24074935913086,10.240748405456543,6.743495646333031e-07,,,,,,8.0,150.9874725341797,42.596832275390625,snapshot_layer,16,phase2-selected,,,,,,,,,,,,,
,,,I_real,14,,,,30.06766700744629,10.630701065063477,10.63070011138916,9.5367431640625e-07,,,,,,8.0,93.56867218017578,72.12196350097656,snapshot_layer,16,phase2-selected,,,,,,,,,,,,,
,,,I_real,21,,,,30.465681076049805,10.772274017333984,10.772273063659668,7.539457556049456e-07,,,,,,8.0,59.95220947265625,78.89464569091797,snapshot_layer,16,phase2-selected,,,,,,,,,,,,,
,,,I_real,27,,,,30.1824893951416,10.670354843139648,10.670354843139648,1.3486991292666062e-06,,,,,,8.0,79.86793518066406,222.3920440673828,snapshot_layer,16,phase2-selected,,,,,,,,,,,,,
,,,I_shuffle,,,structured_support_set,,,,,,65.25467681884766,,10.505254745483398,10.316123962402344,0.17874009907245636,8.0,,,snapshot_aggregate,16,phase2-selected,,6.0,96.10358428955078,39.23561096191406,39.2341194152832,0.001664422219619155,,,117.72654724121094,41.62263488769531,41.62263107299805,3.0157830224197824e-06,
,,,I_shuffle,0,,,,29.716354370117188,10.505254745483398,10.505254745483398,6.743495646333031e-07,,,,,,8.0,3115.9775390625,20.906003952026367,snapshot_layer,16,phase2-selected,,,,,,,,,,,,,
,,,I_shuffle,7,,,,28.34139060974121,10.020228385925293,10.02022647857666,1.5078915112098912e-06,,,,,,8.0,151.6677703857422,43.102264404296875,snapshot_layer,16,phase2-selected,,,,,,,,,,,,,
,,,I_shuffle,14,,,,28.91610336303711,10.223543167114258,10.223542213439941,7.539457556049456e-07,,,,,,8.0,92.01851654052734,77.06429290771484,snapshot_layer,16,phase2-selected,,,,,,,,,,,,,
,,,I_shuffle,21,,,,29.6380672454834,10.478943824768066,10.47894287109375,4.76837158203125e-07,,,,,,8.0,59.761573791503906,78.89120483398438,snapshot_layer,16,phase2-selected,,,,,,,,,,,,,
,,,I_shuffle,27,,,,29.28083038330078,10.352648735046387,10.35264778137207,7.539457556049456e-07,,,,,,8.0,80.1967544555664,220.6427764892578,snapshot_layer,16,phase2-selected,,,,,,,,,,,,,
,,,I_zero,,,pooled_block,,,,,,1.033820390701294,,0.18989966809749603,0.16223151981830597,0.020014354959130287,8.0,,,snapshot_aggregate,16,phase2-selected,,0.0,0.0,0.0,0.0,0.0,,,0.0,0.0,0.0,0.0,
,,,I_zero,0,,,,0.36570510268211365,0.12929028272628784,0.12929028272628784,0.0,,,,,,8.0,3113.552001953125,29.15438461303711,snapshot_layer,16,phase2-selected,,,,,,,,,,,,,
,,,I_zero,7,,,,0.47786945104599,0.16894391179084778,0.16894389688968658,1.4901161193847656e-08,,,,,,8.0,156.9075469970703,73.5356674194336,snapshot_layer,16,phase2-selected,,,,,,,,,,,,,
,,,I_zero,14,,,,0.43622106313705444,0.15422731637954712,0.15422731637954712,0.0,,,,,,8.0,163.94216918945312,125.2828140258789,snapshot_layer,16,phase2-selected,,,,,,,,,,,,,
,,,I_zero,21,,,,0.47741416096687317,0.1687963455915451,0.1687963306903839,1.4901161193847656e-08,,,,,,8.0,97.11265563964844,113.81671905517578,snapshot_layer,16,phase2-selected,,,,,,,,,,,,,
,,,I_zero,27,,,,0.5370827913284302,0.18989966809749603,0.18989966809749603,0.0,,,,,,8.0,125.32305908203125,221.6431884765625,snapshot_layer,16,phase2-selected,,,,,,,,,,,,,
,,,I_real,,,structured_support_set,,,,,,68.84398651123047,,11.080205917358398,10.882378578186035,0.247832253575325,8.0,,,snapshot_aggregate,24,phase2-selected,,6.0,96.118896484375,39.242706298828125,39.240379333496094,0.0018440408166497946,,,117.73506927490234,41.62565231323242,41.625648498535156,2.336015541004599e-06,
,,,I_real,0,,,,31.325151443481445,11.077435493469238,11.077434539794922,3.3717478231665154e-07,,,,,,8.0,3115.710693359375,21.374263763427734,snapshot_layer,24,phase2-selected,,,,,,,,,,,,,
,,,I_real,7,,,,29.443239212036133,10.40880298614502,10.408802032470703,8.259061701210157e-07,,,,,,8.0,150.8096923828125,43.55244827270508,snapshot_layer,24,phase2-selected,,,,,,,,,,,,,
,,,I_real,14,,,,30.79734992980957,10.888137817382812,10.888137817382812,5.840038852511498e-07,,,,,,8.0,94.80009460449219,72.00675201416016,snapshot_layer,24,phase2-selected,,,,,,,,,,,,,
,,,I_real,21,,,,31.338863372802734,11.080205917358398,11.080205917358398,6.743495646333031e-07,,,,,,8.0,61.56044387817383,81.26444244384766,snapshot_layer,24,phase2-selected,,,,,,,,,,,,,
,,,I_real,27,,,,30.993385314941406,10.957306861877441,10.957305908203125,5.840038852511498e-07,,,,,,8.0,81.77115631103516,225.08255004882812,snapshot_layer,24,phase2-selected,,,,,,,,,,,,,
,,,I_shuffle,,,structured_support_set,,,,,,66.25523376464844,,10.674640655517578,10.473736763000488,0.211313396692276,8.0,,,snapshot_aggregate,24,phase2-selected,,6.0,96.10811614990234,39.23737716674805,39.235965728759766,0.0017698839074000716,,,117.72511291503906,41.62211227416992,41.622108459472656,2.6973982585332124e-06,
,,,I_shuffle,0,,,,30.189712524414062,10.674640655517578,10.674640655517578,5.840038852511498e-07,,,,,,8.0,3117.153076171875,20.880762100219727,snapshot_layer,24,phase2-selected,,,,,,,,,,,,,
,,,I_shuffle,7,,,,28.55128288269043,10.094888687133789,10.094887733459473,9.5367431640625e-07,,,,,,8.0,152.2119140625,42.53837203979492,snapshot_layer,24,phase2-selected,,,,,,,,,,,,,
,,,I_shuffle,14,,,,29.493961334228516,10.428643226623535,10.428642272949219,8.259061701210157e-07,,,,,,8.0,89.45267486572266,76.10946655273438,snapshot_layer,24,phase2-selected,,,,,,,,,,,,,
,,,I_shuffle,21,,,,30.162654876708984,10.664225578308105,10.664224624633789,6.743495646333031e-07,,,,,,8.0,60.27278518676758,80.5791015625,snapshot_layer,24,phase2-selected,,,,,,,,,,,,,
,,,I_shuffle,27,,,,29.715805053710938,10.506285667419434,10.506285667419434,4.76837158203125e-07,,,,,,8.0,78.72547912597656,223.0769500732422,snapshot_layer,24,phase2-selected,,,,,,,,,,,,,
,,,I_zero,,,pooled_block,,,,,,1.033820390701294,,0.18989966809749603,0.16223151981830597,0.020014354959130287,8.0,,,snapshot_aggregate,24,phase2-selected,,0.0,0.0,0.0,0.0,0.0,,,0.0,0.0,0.0,0.0,
,,,I_zero,0,,,,0.36570510268211365,0.12929028272628784,0.12929028272628784,0.0,,,,,,8.0,3113.552001953125,29.15438461303711,snapshot_layer,24,phase2-selected,,,,,,,,,,,,,
,,,I_zero,7,,,,0.47786945104599,0.16894391179084778,0.16894389688968658,1.4901161193847656e-08,,,,,,8.0,156.9075469970703,73.5356674194336,snapshot_layer,24,phase2-selected,,,,,,,,,,,,,
,,,I_zero,14,,,,0.43622106313705444,0.15422731637954712,0.15422731637954712,0.0,,,,,,8.0,163.94216918945312,125.2828140258789,snapshot_layer,24,phase2-selected,,,,,,,,,,,,,
,,,I_zero,21,,,,0.47741416096687317,0.1687963455915451,0.1687963306903839,1.4901161193847656e-08,,,,,,8.0,97.11265563964844,113.81671905517578,snapshot_layer,24,phase2-selected,,,,,,,,,,,,,
,,,I_zero,27,,,,0.5370827913284302,0.18989966809749603,0.18989966809749603,0.0,,,,,,8.0,125.32305908203125,221.6431884765625,snapshot_layer,24,phase2-selected,,,,,,,,,,,,,
,,,I_real,,,structured_support_set,,,,,,69.71946716308594,,11.262011528015137,11.020429611206055,0.26539045572280884,8.0,,,snapshot_aggregate,32,phase2-selected,,6.0,96.12079620361328,39.243560791015625,39.24114990234375,0.0018793853232637048,,,117.7393798828125,41.627159118652344,41.627159118652344,3.0157830224197824e-06,
,,,I_real,0,,,,31.6019344329834,11.172658920288086,11.172659873962402,9.5367431640625e-07,,,,,,8.0,3115.57470703125,21.405900955200195,snapshot_layer,32,phase2-selected,,,,,,,,,,,,,
,,,I_real,7,,,,29.729440689086914,10.51142692565918,10.511427879333496,9.5367431640625e-07,,,,,,8.0,151.22669982910156,44.04547119140625,snapshot_layer,32,phase2-selected,,,,,,,,,,,,,
,,,I_real,14,,,,31.191944122314453,11.028496742248535,11.028496742248535,0.0,,,,,,8.0,95.29591369628906,72.00238037109375,snapshot_layer,32,phase2-selected,,,,,,,,,,,,,
,,,I_real,21,,,,31.851594924926758,11.262011528015137,11.262009620666504,1.118282284551242e-06,,,,,,8.0,62.60391616821289,82.34661102294922,snapshot_layer,32,phase2-selected,,,,,,,,,,,,,
,,,I_real,27,,,,31.472135543823242,11.127557754516602,11.127556800842285,9.5367431640625e-07,,,,,,8.0,82.63796997070312,226.4009552001953,snapshot_layer,32,phase2-selected,,,,,,,,,,,,,
,,,I_shuffle,,,structured_support_set,,,,,,67.02459716796875,,10.824934005737305,10.594947814941406,0.23353999853134155,8.0,,,snapshot_aggregate,32,phase2-selected,,6.0,96.11061096191406,39.23843002319336,39.23699951171875,0.0018312553875148296,,,117.72592163085938,41.62240982055664,41.622406005859375,1.9073486328125e-06,
,,,I_shuffle,0,,,,30.503236770629883,10.784261703491211,10.784261703491211,6.743495646333031e-07,,,,,,8.0,3117.6044921875,20.870174407958984,snapshot_layer,32,phase2-selected,,,,,,,,,,,,,
,,,I_shuffle,7,,,,28.762590408325195,10.16807746887207,10.168076515197754,4.76837158203125e-07,,,,,,8.0,152.18470764160156,42.14729309082031,snapshot_layer,32,phase2-selected,,,,,,,,,,,,,
,,,I_shuffle,14,,,,29.895734786987305,10.569376945495605,10.569376945495605,0.0,,,,,,8.0,88.4033203125,75.75305938720703,snapshot_layer,32,phase2-selected,,,,,,,,,,,,,
,,,I_shuffle,21,,,,30.620290756225586,10.824934005737305,10.824934005737305,6.743495646333031e-07,,,,,,8.0,61.3553466796875,81.97096252441406,snapshot_layer,32,phase2-selected,,,,,,,,,,,,,
,,,I_shuffle,27,,,,30.060998916625977,10.628097534179688,10.628097534179688,4.76837158203125e-07,,,,,,8.0,77.81050109863281,225.40011596679688,snapshot_layer,32,phase2-selected,,,,,,,,,,,,,
,,,I_zero,,,pooled_block,,,,,,1.033820390701294,,0.18989966809749603,0.16223151981830597,0.020014354959130287,8.0,,,snapshot_aggregate,32,phase2-selected,,0.0,0.0,0.0,0.0,0.0,,,0.0,0.0,0.0,0.0,
,,,I_zero,0,,,,0.36570510268211365,0.12929028272628784,0.12929028272628784,0.0,,,,,,8.0,3113.552001953125,29.15438461303711,snapshot_layer,32,phase2-selected,,,,,,,,,,,,,
,,,I_zero,7,,,,0.47786945104599,0.16894391179084778,0.16894389688968658,1.4901161193847656e-08,,,,,,8.0,156.9075469970703,73.5356674194336,snapshot_layer,32,phase2-selected,,,,,,,,,,,,,
,,,I_zero,14,,,,0.43622106313705444,0.15422731637954712,0.15422731637954712,0.0,,,,,,8.0,163.94216918945312,125.2828140258789,snapshot_layer,32,phase2-selected,,,,,,,,,,,,,
,,,I_zero,21,,,,0.47741416096687317,0.1687963455915451,0.1687963306903839,1.4901161193847656e-08,,,,,,8.0,97.11265563964844,113.81671905517578,snapshot_layer,32,phase2-selected,,,,,,,,,,,,,
,,,I_zero,27,,,,0.5370827913284302,0.18989966809749603,0.18989966809749603,0.0,,,,,,8.0,125.32305908203125,221.6431884765625,snapshot_layer,32,phase2-selected,,,,,,,,,,,,,
,,,I_real,,,structured_support_set,,,,,,70.39141845703125,,11.406476974487305,11.126304626464844,0.2818610966205597,8.0,,,snapshot_aggregate,48,phase2-selected,,6.0,96.12194061279297,39.24409484863281,39.24162673950195,0.001902128104120493,,,117.74253845214844,41.628273010253906,41.62826919555664,3.814697265625e-06,
,,,I_real,0,,,,31.798608779907227,11.243181228637695,11.243180274963379,6.743495646333031e-07,,,,,,8.0,3115.609375,21.442529678344727,snapshot_layer,48,phase2-selected,,,,,,,,,,,,,
,,,I_real,7,,,,29.95502471923828,10.589923858642578,10.589922904968262,3.3717478231665154e-07,,,,,,8.0,151.17588806152344,44.402931213378906,snapshot_layer,48,phase2-selected,,,,,,,,,,,,,
,,,I_real,14,,,,31.491575241088867,11.134079933166504,11.134078979492188,6.743495646333031e-07,,,,,,8.0,95.82630920410156,72.06001281738281,snapshot_layer,48,phase2-selected,,,,,,,,,,,,,
,,,I_real,21,,,,32.25925827026367,11.406476974487305,11.406477928161621,9.5367431640625e-07,,,,,,8.0,63.48683547973633,83.28271484375,snapshot_layer,48,phase2-selected,,,,,,,,,,,,,
,,,I_real,27,,,,31.84568977355957,11.257857322692871,11.257857322692871,0.0,,,,,,8.0,83.18632507324219,227.7837677001953,snapshot_layer,48,phase2-selected,,,,,,,,,,,,,
,,,I_shuffle,,,structured_support_set,,,,,,67.71428680419922,,10.969992637634277,10.703600883483887,0.25152745842933655,8.0,,,snapshot_aggregate,48,phase2-selected,,6.0,96.11231231689453,39.23915481567383,39.23768997192383,0.0018717222847044468,,,117.72714233398438,41.622825622558594,41.622825622558594,2.336015541004599e-06,
,,,I_shuffle,0,,,,30.781532287597656,10.8831205368042,10.883118629455566,8.920806635615008e-07,,,,,,8.0,3117.510009765625,20.854961395263672,snapshot_layer,48,phase2-selected,,,,,,,,,,,,,
,,,I_shuffle,7,,,,28.975568771362305,10.243803977966309,10.243803977966309,1.1680077705022995e-06,,,,,,8.0,152.61129760742188,41.975284576416016,snapshot_layer,48,phase2-selected,,,,,,,,,,,,,
,,,I_shuffle,14,,,,30.21649932861328,10.682008743286133,10.6820068359375,1.0115243185282452e-06,,,,,,8.0,87.54485321044922,75.72296905517578,snapshot_layer,48,phase2-selected,,,,,,,,,,,,,
,,,I_shuffle,21,,,,31.02529525756836,10.969992637634277,10.969991683959961,9.5367431640625e-07,,,,,,8.0,62.428985595703125,83.31535339355469,snapshot_layer,48,phase2-selected,,,,,,,,,,,,,
,,,I_shuffle,27,,,,30.372835159301758,10.739089012145996,10.73908805847168,1.118282284551242e-06,,,,,,8.0,77.17362213134766,226.898193359375,snapshot_layer,48,phase2-selected,,,,,,,,,,,,,
,,,I_zero,,,pooled_block,,,,,,1.033820390701294,,0.18989966809749603,0.16223151981830597,0.020014354959130287,8.0,,,snapshot_aggregate,48,phase2-selected,,0.0,0.0,0.0,0.0,0.0,,,0.0,0.0,0.0,0.0,
,,,I_zero,0,,,,0.36570510268211365,0.12929028272628784,0.12929028272628784,0.0,,,,,,8.0,3113.552001953125,29.15438461303711,snapshot_layer,48,phase2-selected,,,,,,,,,,,,,
,,,I_zero,7,,,,0.47786945104599,0.16894391179084778,0.16894389688968658,1.4901161193847656e-08,,,,,,8.0,156.9075469970703,73.5356674194336,snapshot_layer,48,phase2-selected,,,,,,,,,,,,,
,,,I_zero,14,,,,0.43622106313705444,0.15422731637954712,0.15422731637954712,0.0,,,,,,8.0,163.94216918945312,125.2828140258789,snapshot_layer,48,phase2-selected,,,,,,,,,,,,,
,,,I_zero,21,,,,0.47741416096687317,0.1687963455915451,0.1687963306903839,1.4901161193847656e-08,,,,,,8.0,97.11265563964844,113.81671905517578,snapshot_layer,48,phase2-selected,,,,,,,,,,,,,
,,,I_zero,27,,,,0.5370827913284302,0.18989966809749603,0.18989966809749603,0.0,,,,,,8.0,125.32305908203125,221.6431884765625,snapshot_layer,48,phase2-selected,,,,,,,,,,,,,
,,,I_real,,,structured_support_set,,,,,,73.06663513183594,,11.782989501953125,11.54969596862793,0.2700454294681549,8.0,,,snapshot_aggregate,64,phase2-selected,,6.0,96.1200180053711,39.24289321899414,39.2408332824707,0.0016488305991515517,,,117.69670867919922,41.61207580566406,41.61207580566406,0.0,
,,,I_real,0,,,,33.23273468017578,11.750354766845703,11.750354766845703,0.0,,,,,,8.0,3114.547119140625,21.089017868041992,snapshot_layer,64,phase2-selected,,,,,,,,,,,,,
,,,I_real,7,,,,31.32499122619629,11.075567245483398,11.075566291809082,4.76837158203125e-07,,,,,,8.0,149.57363891601562,40.74610137939453,snapshot_layer,64,phase2-selected,,,,,,,,,,,,,
,,,I_real,14,,,,32.298736572265625,11.420910835266113,11.42091178894043,9.5367431640625e-07,,,,,,8.0,89.76338195800781,65.50798034667969,snapshot_layer,64,phase2-selected,,,,,,,,,,,,,
,,,I_real,21,,,,33.14320755004883,11.718658447265625,11.718658447265625,0.0,,,,,,8.0,64.20868682861328,78.69554138183594,snapshot_layer,64,phase2-selected,,,,,,,,,,,,,
,,,I_real,27,,,,33.32888412475586,11.782989501953125,11.782989501953125,0.0,,,,,,8.0,77.48236083984375,204.1045379638672,snapshot_layer,64,phase2-selected,,,,,,,,,,,,,
,,,I_shuffle,,,structured_support_set,,,,,,69.7682113647461,,11.3374662399292,11.026782035827637,0.3162904977798462,8.0,,,snapshot_aggregate,64,phase2-selected,,6.0,96.10772705078125,39.237640380859375,39.23581314086914,0.001989519689232111,,,117.70426940917969,41.614742279052734,41.61473846435547,3.0157830224197824e-06,
,,,I_shuffle,0,,,,32.06483840942383,11.3374662399292,11.337465286254883,4.76837158203125e-07,,,,,,8.0,3117.3212890625,20.050090789794922,snapshot_layer,64,phase2-selected,,,,,,,,,,,,,
,,,I_shuffle,7,,,,29.47614860534668,10.422504425048828,10.422503471374512,4.76837158203125e-07,,,,,,8.0,154.3677520751953,42.02486038208008,snapshot_layer,64,phase2-selected,,,,,,,,,,,,,
,,,I_shuffle,14,,,,31.238426208496094,11.044407844543457,11.04440689086914,3.3717478231665154e-07,,,,,,8.0,79.07707214355469,68.89054870605469,snapshot_layer,64,phase2-selected,,,,,,,,,,,,,
,,,I_shuffle,21,,,,31.554006576538086,11.156694412231445,11.156693458557129,3.3717478231665154e-07,,,,,,8.0,65.03266143798828,82.048583984375,snapshot_layer,64,phase2-selected,,,,,,,,,,,,,
,,,I_shuffle,27,,,,31.59773826599121,11.172844886779785,11.172843933105469,5.840038852511498e-07,,,,,,8.0,68.59622192382812,210.2295684814453,snapshot_layer,64,phase2-selected,,,,,,,,,,,,,
,,,I_zero,,,pooled_block,,,,,,1.033820390701294,,0.18989966809749603,0.16223151981830597,0.020014354959130287,8.0,,,snapshot_aggregate,64,phase2-selected,,0.0,0.0,0.0,0.0,0.0,,,0.0,0.0,0.0,0.0,
,,,I_zero,0,,,,0.36570510268211365,0.12929028272628784,0.12929028272628784,0.0,,,,,,8.0,3113.552001953125,29.15438461303711,snapshot_layer,64,phase2-selected,,,,,,,,,,,,,
,,,I_zero,7,,,,0.47786945104599,0.16894391179084778,0.16894389688968658,1.4901161193847656e-08,,,,,,8.0,156.9075469970703,73.5356674194336,snapshot_layer,64,phase2-selected,,,,,,,,,,,,,
,,,I_zero,14,,,,0.43622106313705444,0.15422731637954712,0.15422731637954712,0.0,,,,,,8.0,163.94216918945312,125.2828140258789,snapshot_layer,64,phase2-selected,,,,,,,,,,,,,
,,,I_zero,21,,,,0.47741416096687317,0.1687963455915451,0.1687963306903839,1.4901161193847656e-08,,,,,,8.0,97.11265563964844,113.81671905517578,snapshot_layer,64,phase2-selected,,,,,,,,,,,,,
,,,I_zero,27,,,,0.5370827913284302,0.18989966809749603,0.18989966809749603,0.0,,,,,,8.0,125.32305908203125,221.6431884765625,snapshot_layer,64,phase2-selected,,,,,,,,,,,,,
False,0.0,off,I_real,,6.611185073852539,structured_support_set,full,,,,,65.00128936767578,217.50615186089203,,,,8.0,,,train_event,1,phase2-selected,0.0003052443554510413,5.0,87.72300720214844,39.23284149169922,39.23093032836914,0.0017896525096148252,217.51174926757812,1.561105383445986,117.73039245605469,41.62397766113281,41.62397766113281,1.3486991292666062e-06,0.007178696392918812
False,0.0,off,I_real,,2.7659449577331543,structured_support_set,full,,,,,65.03792572021484,210.5096668262961,,,,8.0,,,train_event,2,phase2-selected,0.0003430718705208597,5.0,87.72655487060547,39.233882904052734,39.232505798339844,0.0008984628366306424,210.51406860351562,1.3595425634118883,117.73204040527344,41.62456512451172,41.624568939208984,3.814697265625e-06,0.006459967638467314
False,0.0,off,I_real,,1.7786141633987427,structured_support_set,full,,,,,65.28712463378906,117.12506677435842,,,,8.0,,,train_event,3,phase2-selected,0.00037515808643327433,5.0,87.72453308105469,39.23284912109375,39.231605529785156,0.001355149899609387,117.13089752197266,1.1690695030081906,117.73297882080078,41.62489318847656,41.6248893737793,1.3486991292666062e-06,0.009984580528330117
False,0.0,off,I_real,,1.6420906782150269,structured_support_set,full,,,,,65.33257293701172,99.48680913381901,,,,8.0,,,train_event,4,phase2-selected,0.0002258849396403799,5.0,87.7252197265625,39.23371887207031,39.231910705566406,0.001966702053323388,99.48865509033203,0.6055167492883063,117.73037719726562,41.62398147583008,41.62398147583008,1.3486991292666062e-06,0.006088672855244222
False,0.0,off,I_real,,0.6762332916259766,structured_support_set,full,,,,,65.23303985595703,244.79845983029122,,,,8.0,,,train_event,5,phase2-selected,0.0005559765164301911,5.0,87.72618865966797,39.23356628417969,39.23234176635742,0.001493627205491066,244.80868530273438,2.2386105151520272,117.7275161743164,41.62297439575195,41.62297058105469,1.3486991292666062e-06,0.009146979491704238
False,0.0,off,I_real,,0.6449520587921143,structured_support_set,full,,,,,65.3396987915039,131.2011069532375,,,,8.0,,,train_event,6,phase2-selected,0.0004161383566968045,5.0,87.72987365722656,39.235050201416016,39.23398971557617,0.0008291769190691411,131.2049102783203,0.9977721077582868,117.72418212890625,41.62177276611328,41.621768951416016,3.814697265625e-06,0.007608077929332992
False,0.0,off,I_real,,0.36950474977493286,structured_support_set,full,,,,,65.56761932373047,38.02499282936364,,,,8.0,,,train_event,7,phase2-selected,0.0001224647212933295,5.0,87.73223876953125,39.23615264892578,39.23505401611328,0.0007834370480850339,38.026512145996094,0.34008004913831363,117.72126007080078,41.620758056640625,41.620758056640625,2.336015541004599e-06,0.008946813359998742
False,0.0,off,I_real,,0.06356445699930191,structured_support_set,full,,,,,65.6762466430664,10.158927729589113,,,,8.0,,,train_event,8,phase2-selected,2.7066507282587737e-05,5.0,87.7322998046875,39.23603057861328,39.235076904296875,0.0007502957596443594,10.15954303741455,0.11177555693850093,117.71846771240234,41.619773864746094,41.61977005004883,1.3486991292666062e-06,0.011005356709069282
False,0.0,off,I_real,,0.021534200757741928,structured_support_set,full,,,,,65.78225708007812,2.899151176808642,,,,8.0,,,train_event,9,phase2-selected,3.7654837992411647e-06,5.0,87.73397827148438,39.2384147644043,39.2358283996582,0.001472648000344634,2.8992085456848145,0.018216193364548383,117.71607971191406,41.61893081665039,41.618927001953125,2.336015541004599e-06,0.0062845839134211615
False,0.0,off,I_real,,0.03210313990712166,structured_support_set,full,,,,,65.90522003173828,4.285273990280338,,,,8.0,,,train_event,10,phase2-selected,4.442886055176011e-06,5.0,87.73515319824219,39.23802185058594,39.236351013183594,0.0019700753036886454,4.285340785980225,0.023962265881477287,117.71573638916016,41.61880111694336,41.61880111694336,2.336015541004599e-06,0.005592806626109009
False,0.0,off,I_real,,0.002285013673827052,structured_support_set,full,,,,,66.05225372314453,0.3735903019290474,,,,8.0,,,train_event,11,phase2-selected,4.1770951687943857e-07,5.0,87.73472595214844,39.23719787597656,39.23616409301758,0.0009359917603433132,0.37361380457878113,0.004193015344459175,117.71593475341797,41.618865966796875,41.618865966796875,3.5683226542460034e-06,0.01122468391797942
False,0.0,off,I_real,,0.013520808890461922,structured_support_set,full,,,,,66.25333404541016,1.6869099027950076,,,,8.0,,,train_event,12,phase2-selected,7.726581713761051e-07,5.0,87.736083984375,39.23768997192383,39.236778259277344,0.000710449879989028,1.686987042427063,0.016119781185371735,117.71702575683594,41.61925506591797,41.6192512512207,1.9073486328125e-06,0.009556262499160912
False,0.0,off,I_real,,0.01873956248164177,structured_support_set,full,,,,,66.4018783569336,7.194504918073459,,,,8.0,,,train_event,13,phase2-selected,3.15817021636121e-05,5.0,87.7355728149414,39.23814010620117,39.236541748046875,0.0013979634968563914,7.195172309875488,0.09800477649473346,117.71824645996094,41.619686126708984,41.61968231201172,3.303624680484063e-06,0.013626560731179429
False,0.0,off,I_real,,4.8040190449682996e-05,structured_support_set,full,,,,,66.63042449951172,0.005761205080742217,,,,8.0,,,train_event,14,phase2-selected,2.7447841294488075e-08,5.0,87.73681640625,39.2391242980957,39.23709487915039,0.002272241283208132,0.005761392414569855,4.646618092386449e-05,117.72028350830078,41.62040710449219,41.62040328979492,3.0157830224197824e-06,0.008070122155618387
False,0.0,off,I_real,,0.0009116546134464443,structured_support_set,full,,,,,66.8583755493164,0.3626128780657057,,,,8.0,,,train_event,15,phase2-selected,1.922472311276531e-06,5.0,87.7396011352539,39.238895416259766,39.23833465576172,0.00044620546395890415,0.3626326024532318,0.003782517549043043,117.72213745117188,41.621063232421875,41.62105941772461,1.9073486328125e-06,0.010436584716852158
False,0.0,off,I_real,,0.0007360848248936236,structured_support_set,full,,,,,67.10469818115234,0.17141613456956403,,,,8.0,,,train_event,16,phase2-selected,1.1503442262754233e-06,5.0,87.74004364013672,39.24072265625,39.2385368347168,0.0018545856000855565,0.17142170667648315,0.0013838936719316717,117.72389221191406,41.62168884277344,41.62168884277344,1.9073486328125e-06,0.008080009618907076
False,0.0,off,I_real,,1.6927575416048057e-05,structured_support_set,full,,,,,67.33592987060547,0.0018035728543836483,,,,8.0,,,train_event,17,phase2-selected,1.1857106008392957e-08,5.0,87.74130249023438,39.24275588989258,39.23910140991211,0.002012039301916957,0.0018036453984677792,1.6181389243392367e-05,117.72577667236328,41.62234115600586,41.62234115600586,0.0,0.008978426521580481
False,0.0,off,I_real,,3.564294092939235e-05,structured_support_set,full,,,,,67.56034851074219,0.004564981411242933,,,,8.0,,,train_event,18,phase2-selected,1.8342200218716714e-10,5.0,87.74186706542969,39.24155044555664,39.239356994628906,0.0016726740868762136,0.004565201234072447,4.47887928296327e-05,117.7274169921875,41.6229248046875,41.6229248046875,0.0,0.009811425768640742
False,0.0,off,I_real,,7.724463648628443e-05,structured_support_set,full,,,,,67.77590942382812,0.009725380805065744,,,,8.0,,,train_event,19,phase2-selected,2.776256216044069e-08,5.0,87.74269104003906,39.24221420288086,39.239715576171875,0.0017344803782179952,0.009725897572934628,0.00010021801862911646,117.72891235351562,41.62344741821289,41.62344741821289,0.0,0.010307645859898977
False,0.0,off,I_real,,1.4662635294371285e-05,structured_support_set,full,,,,,67.97989654541016,0.004909237896317951,,,,8.0,,,train_event,20,phase2-selected,2.1041980859860154e-08,5.0,87.74547576904297,39.243263244628906,39.24097442626953,0.0013862065970897675,0.004909817595034838,7.546574340507429e-05,117.7302474975586,41.62392807006836,41.62392807006836,0.0,0.01537647736373727
False,0.0,off,I_real,,3.3378044463461265e-05,structured_support_set,full,,,,,68.174560546875,0.006968301190038566,,,,8.0,,,train_event,21,phase2-selected,7.85405415757863e-09,5.0,87.74553680419922,39.244903564453125,39.240997314453125,0.0026568740140646696,0.006968348287045956,2.575766542314782e-05,117.7314682006836,41.62434768676758,41.62434768676758,1.9073486328125e-06,0.003697532407775101
False,0.0,off,I_real,,6.198863957251888e-06,structured_support_set,full,,,,,68.35844421386719,0.0008638294745245857,,,,8.0,,,train_event,22,phase2-selected,5.113671389368716e-09,5.0,87.74502563476562,39.243778228759766,39.24077606201172,0.0018509168876335025,0.0008638551225885749,6.6560729636535875e-06,117.73249053955078,41.62472915649414,41.62472915649414,2.336015541004599e-06,0.007711228699054272
False,0.0,off,I_real,,2.288792165927589e-05,structured_support_set,full,,,,,68.53142547607422,0.0030499833166561297,,,,8.0,,,train_event,23,phase2-selected,2.5030437336143714e-09,5.0,87.74613189697266,39.24507522583008,39.24126434326172,0.00257455394603312,0.0030501403380185366,3.096040274592366e-05,117.73346710205078,41.62506866455078,41.625064849853516,2.6973982585332124e-06,0.010151827920030615
False,0.0,off,I_real,,9.298280929215252e-06,structured_support_set,full,,,,,68.69303894042969,0.0019096616476895962,,,,8.0,,,train_event,24,phase2-selected,1.1427151997561555e-08,5.0,87.74491882324219,39.242225646972656,39.24072265625,0.001483020605519414,0.0019097295589745045,1.6113421113022277e-05,117.7343521118164,41.62537384033203,41.625370025634766,3.814697265625e-06,0.0084438247395964
False,0.0,off,I_real,,7.271740287251305e-06,structured_support_set,full,,,,,68.84387969970703,0.0012101954348104195,,,,8.0,,,train_event,25,phase2-selected,9.198567581477715e-09,5.0,87.7456283569336,39.24391555786133,39.24104309082031,0.0021487949416041374,0.0012102406471967697,1.0474804645781535e-05,117.7350845336914,41.62565612792969,41.62565612792969,0.0,0.008663066238557875
False,0.0,off,I_real,,4.5060096454108134e-05,structured_support_set,full,,,,,68.9847183227539,0.0134985520166925,,,,8.0,,,train_event,26,phase2-selected,1.5002453959895e-08,5.0,87.7433853149414,39.2414665222168,39.24003982543945,0.0013520322972908616,0.013498745858669281,7.215449242683329e-05,117.73580932617188,41.62590026855469,41.62590026855469,2.336015541004599e-06,0.005346461960627137
False,0.0,off,I_real,,1.311301275563892e-06,structured_support_set,full,,,,,69.1152114868164,0.00016208121486211165,,,,8.0,,,train_event,27,phase2-selected,1.2768263109490216e-09,5.0,87.74647521972656,39.244083404541016,39.241416931152344,0.0020453103352338076,0.00016208930173888803,1.6201121073580683e-06,117.73644256591797,41.62613296508789,41.62613296508789,0.0,0.010003558617501674
False,0.0,off,I_real,,1.3470558769768104e-05,structured_support_set,full,,,,,69.23690032958984,0.0016252824730611677,,,,8.0,,,train_event,28,phase2-selected,3.5137015265164816e-10,5.0,87.74565887451172,39.243289947509766,39.24105453491211,0.0017978211399167776,0.0016253412468358874,1.3809179818727504e-05,117.73705291748047,41.6263313293457,41.6263313293457,0.0,0.008496696062236088
False,0.0,off,I_real,,2.7418097943154862e-06,structured_support_set,full,,,,,69.34920501708984,0.00038160698036059223,,,,8.0,,,train_event,29,phase2-selected,1.7378153648215672e-09,5.0,87.74481964111328,39.24211502075195,39.24067306518555,0.0016425662906840444,0.00038162287091836333,3.482497475373037e-06,117.73758697509766,41.626522064208984,41.626522064208984,3.303624680484063e-06,0.009130428608631575
False,0.0,off,I_real,,7.688703772146255e-05,structured_support_set,full,,,,,69.45319366455078,0.02639677934543941,,,,8.0,,,train_event,30,phase2-selected,1.8995001922724247e-07,5.0,87.74457550048828,39.24184799194336,39.24056625366211,0.001124700647778809,0.026397554203867912,0.00020245516957425233,117.73805236816406,41.6266975402832,41.6266975402832,1.9073486328125e-06,0.007676888037801123
False,0.0,off,I_real,,7.092700980138034e-05,structured_support_set,full,,,,,69.54930114746094,0.012517775260734417,,,,8.0,,,train_event,31,phase2-selected,5.4885157990901545e-08,5.0,87.7462387084961,39.24360656738281,39.24131393432617,0.002155114198103547,0.012518149800598621,9.686777194960414e-05,117.73855590820312,41.62685775756836,41.62685775756836,1.3486991292666062e-06,0.007742802142455831
False,0.0,off,I_real,,3.576272320060525e-06,structured_support_set,full,,,,,69.63764190673828,0.0012992769453856444,,,,8.0,,,train_event,32,phase2-selected,7.980685212446166e-09,5.0,87.74727630615234,39.24435043334961,39.24177932739258,0.0018655749736353755,0.0012993082636967301,9.008551517837803e-06,117.73899841308594,41.62701416015625,41.62701416015625,2.6973982585332124e-06,0.0069396538090453165
False,0.0,off,I_real,,5.006777428206988e-06,structured_support_set,full,,,,,69.7192611694336,0.0005049066651537246,,,,8.0,,,train_event,33,phase2-selected,8.693078671842501e-10,5.0,87.7485122680664,39.2442626953125,39.2423210144043,0.0010274489177390933,0.0005049285828135908,4.703324790135042e-06,117.73942565917969,41.62716293334961,41.62716293334961,2.336015541004599e-06,0.00931695781153925
False,0.0,off,I_real,,1.4543427823809907e-05,structured_support_set,full,,,,,69.79481506347656,0.003388099038674411,,,,8.0,,,train_event,34,phase2-selected,9.598934535773481e-09,5.0,87.7485122680664,39.243865966796875,39.242332458496094,0.0010079842759296298,0.0033882807474583387,3.50833588789395e-05,117.73971557617188,41.62728500366211,41.62728500366211,2.336015541004599e-06,0.010357713104869964
False,0.0,off,I_real,,3.576278118089249e-07,structured_support_set,full,,,,,69.86428833007812,5.288726317755525e-05,,,,8.0,,,train_event,35,phase2-selected,7.540036911466124e-11,5.0,87.74739837646484,39.24340057373047,39.2418327331543,0.001008379738777876,5.28890268469695e-05,4.3215031901106363e-07,117.74009704589844,41.62740707397461,41.62740707397461,0.0,0.008172586241210717
False,0.0,off,I_real,,7.450303382938728e-05,structured_support_set,full,,,,,69.92847442626953,0.016845781411775784,,,,8.0,,,train_event,36,phase2-selected,8.821401522473044e-08,5.0,87.74654388427734,39.24226379394531,39.24144744873047,0.00048248606617562473,0.016846856102347374,0.0001904708889770748,117.7403793334961,41.62751007080078,41.627506256103516,3.814697265625e-06,0.011311977659824798
False,0.0,off,I_real,,2.145764938177308e-06,structured_support_set,full,,,,,69.98491668701172,0.00025790314622383103,,,,8.0,,,train_event,37,phase2-selected,2.162835542832434e-10,5.0,87.74456787109375,39.24323272705078,39.240562438964844,0.0014780699275434017,0.00025790772633627057,1.537692085667784e-06,117.74063110351562,41.62760925292969,41.62760543823242,1.9073486328125e-06,0.005963123721985675
False,0.0,off,I_real,,2.3841855067985307e-07,structured_support_set,full,,,,,70.03643798828125,0.00026087923467201077,,,,8.0,,,train_event,38,phase2-selected,1.1648751814186996e-09,5.0,87.74612426757812,39.24359893798828,39.24126434326172,0.0015366565203294158,0.0002608889772091061,2.2547669879994965e-06,117.74093627929688,41.62770462036133,41.62770080566406,1.3486991292666062e-06,0.008647418281555354
False,0.0,off,I_real,,5.960462772236497e-07,structured_support_set,full,,,,,70.08434295654297,0.00015540690328910386,,,,8.0,,,train_event,39,phase2-selected,1.501087192538091e-10,5.0,87.74864196777344,39.24440383911133,39.24238967895508,0.0011898602824658155,0.00015540917229373008,8.418899527950358e-07,117.74110412597656,41.62777328491211,41.62777328491211,3.5683226542460034e-06,0.005418292519141446
False,0.0,off,I_real,,1.1920928244535389e-07,structured_support_set,full,,,,,70.12769317626953,2.67884131523934e-05,,,,8.0,,,train_event,40,phase2-selected,8.712184815511645e-11,5.0,87.74783325195312,39.24541473388672,39.242027282714844,0.0023487417493015528,2.678911005205009e-05,1.9303784069925522e-07,117.74131774902344,41.627845764160156,41.62784194946289,3.814697265625e-06,0.007209272212159968
False,0.0,off,I_real,,1.1920928244535389e-07,structured_support_set,full,,,,,70.16761016845703,1.3784600558746481e-05,,,,8.0,,,train_event,41,phase2-selected,1.5823075145197845e-11,5.0,87.7459487915039,39.24397277832031,39.241188049316406,0.0022507314570248127,1.3784904695057776e-05,9.160730802532625e-08,117.74151611328125,41.62791061401367,41.62791061401367,0.0,0.006646774471991178
False,0.0,off,I_real,,7.152555099310121e-07,structured_support_set,full,,,,,70.2042007446289,8.628855991222283e-05,,,,8.0,,,train_event,42,phase2-selected,7.359939785421979e-12,5.0,87.74482727050781,39.24406051635742,39.240692138671875,0.0022885336074978113,8.629257354186848e-05,8.322300519200146e-07,117.74170684814453,41.62797927856445,41.62797927856445,1.9073486328125e-06,0.009644817490364827
False,0.0,off,I_real,,4.768370445162873e-07,structured_support_set,full,,,,,70.23760223388672,7.003058811567558e-05,,,,8.0,,,train_event,43,phase2-selected,1.3092170741883585e-10,5.0,87.74811553955078,39.24353790283203,39.242149353027344,0.0009772209450602531,7.003288919804618e-05,5.683587268508188e-07,117.74185180664062,41.62803268432617,41.62802505493164,4.473129138204968e-06,0.008117733462686535
False,0.0,off,I_real,,2.8609820219571702e-05,structured_support_set,full,,,,,70.26831817626953,0.010575393674028767,,,,8.0,,,train_event,44,phase2-selected,4.648279528629944e-08,5.0,87.74805450439453,39.24414825439453,39.24211883544922,0.0015701786614954472,0.010575735941529274,8.503065060167635e-05,117.7419662475586,41.62807846069336,41.62807846069336,0.0,0.00804481951399091
False,0.0,off,I_real,,1.1920922133867862e-06,structured_support_set,full,,,,,70.29759216308594,0.00014593095849654974,,,,8.0,,,train_event,45,phase2-selected,1.3749274653499203e-09,5.0,87.74787902832031,39.24381637573242,39.24204635620117,0.0009168837568722665,0.000145939236972481,1.5552257064220645e-06,117.74212646484375,41.62812423706055,41.62812042236328,2.6973982585332124e-06,0.01066669231754698
False,0.0,off,I_real,,1.1920928244535389e-07,structured_support_set,full,,,,,70.32411193847656,1.870370726770119e-05,,,,8.0,,,train_event,46,phase2-selected,7.244993952831124e-12,5.0,87.7509536743164,39.245731353759766,39.2434196472168,0.0014168322086334229,1.8704218746279366e-05,1.382650465107813e-07,117.74227142333984,41.628173828125,41.628173828125,3.303624680484063e-06,0.0073927745727453715
False,0.0,off,I_real,,1.5497195136049413e-06,structured_support_set,full,,,,,70.34874725341797,0.00017556022345726293,,,,8.0,,,train_event,47,phase2-selected,7.691089594611816e-11,5.0,87.74543762207031,39.24263000488281,39.24095916748047,0.0014773727161809802,0.0001755666162353009,1.499696760473486e-06,117.74236297607422,41.62820816040039,41.62820816040039,0.0,0.00854278743689641
False,0.0,off,I_real,,2.0265558760002023e-06,structured_support_set,full,,,,,70.3709487915039,0.0003770365779328081,,,,8.0,,,train_event,48,phase2-selected,3.046653995950098e-09,5.0,87.74772644042969,39.2441520690918,39.241973876953125,0.0012869886122643948,0.000377051648683846,3.367795848771896e-06,117.74250030517578,41.62825012207031,41.62825012207031,1.9073486328125e-06,0.00894035937109679
False,0.0,off,I_real,,4.6491513785440475e-06,structured_support_set,full,,,,,70.39148712158203,0.0006549660573919232,,,,8.0,,,train_event,49,phase2-selected,3.868617847971957e-09,5.0,87.7490005493164,39.24535369873047,39.24254608154297,0.0016164578264579177,0.0006549906684085727,5.673668750117618e-06,117.74254608154297,41.628273010253906,41.62826919555664,3.814697265625e-06,0.00866844518718048
False,0.0,off,I_real,,2.3841855067985307e-07,structured_support_set,full,,,,,70.40998077392578,3.185647677417127e-05,,,,8.0,,,train_event,50,phase2-selected,1.4008230802412212e-10,5.0,87.7472152709961,39.24330520629883,39.24174118041992,0.001432265155017376,3.185798414051533e-05,3.100185505568154e-07,117.74263763427734,41.6283073425293,41.62830352783203,3.0157830224197824e-06,0.009736124778127107
False,0.0,off,I_real,,2.145764938177308e-06,structured_support_set,full,,,,,70.42670440673828,0.000431940953833836,,,,8.0,,,train_event,51,phase2-selected,1.5457186483978087e-09,5.0,87.74787139892578,39.2437744140625,39.24204635620117,0.0016601771349087358,0.0004319516883697361,3.0451314069935917e-06,117.74273681640625,41.62833786010742,41.628334045410156,2.336015541004599e-06,0.007053457419585225
False,0.0,off,I_real,,0.0,structured_support_set,full,,,,,70.44187927246094,8.324674514730339e-06,,,,8.0,,,train_event,52,phase2-selected,4.020477801661275e-11,5.0,87.74969482421875,39.24638748168945,39.24285125732422,0.00177918397821486,8.325027010869235e-06,7.651095163007227e-08,117.74280548095703,41.62836837768555,41.62836456298828,3.5683226542460034e-06,0.009195693630139317
False,0.0,off,I_real,,8.344646857949556e-07,structured_support_set,full,,,,,70.45608520507812,0.00011261691769809932,,,,8.0,,,train_event,53,phase2-selected,2.736403309353469e-10,5.0,87.74577331542969,39.2427864074707,39.2411003112793,0.001392556820064783,0.00011262232146691531,1.1028992492288302e-06,117.74280548095703,41.628387451171875,41.628387451171875,0.0,0.009795800774064198
False,0.0,off,I_real,,1.0728830375228426e-06,structured_support_set,full,,,,,70.46864318847656,0.00016599349195490397,,,,8.0,,,train_event,54,phase2-selected,4.5987539139808594e-10,5.0,87.74881744384766,39.245262145996094,39.24247360229492,0.0014568688347935677,0.00016599857190158218,1.2980188869126697e-06,117.74288940429688,41.6284065246582,41.6284065246582,0.0,0.007822467899264569
False,0.0,off,I_real,,9.536738616588991e-07,structured_support_set,full,,,,,70.48011779785156,0.00012158756339134161,,,,8.0,,,train_event,55,phase2-selected,2.4214177107342073e-10,5.0,87.74745178222656,39.242557525634766,39.24185562133789,0.0007157169166021049,0.00012159575999248773,1.4119966076432022e-06,117.74301147460938,41.6284294128418,41.62842559814453,3.0157830224197824e-06,0.011614993425510515
False,0.0,off,I_real,,18.891799926757812,structured_support_set,full,,,,,70.49051666259766,228.2290568580578,,,,8.0,,,train_event,56,phase2-selected,0.003107044774582381,5.0,87.74699401855469,39.24398422241211,39.24165344238281,0.001985283801332116,228.24266052246094,2.4906174896779807,117.74302673339844,41.628448486328125,41.628448486328125,3.303624680484063e-06,0.010926411250095478
False,0.0,off,I_real,,18.14358901977539,structured_support_set,full,,,,,70.57657623291016,509.393608404435,,,,8.0,,,train_event,57,phase2-selected,0.0037582415874507333,5.0,87.74808502197266,39.244972229003906,39.24213790893555,0.0021570802200585604,509.4224548339844,5.422121812539571,117.74085235595703,41.627685546875,41.627685546875,1.3486991292666062e-06,0.010651645337919364
False,0.0,off,I_real,,14.57778263092041,structured_support_set,full,,,,,70.64202117919922,204.81874164814556,,,,8.0,,,train_event,58,phase2-selected,0.0007398592042425887,5.0,87.74896240234375,39.24332046508789,39.242523193359375,0.0008388032438233495,204.82408142089844,1.4800582104177074,117.73751831054688,41.626502990722656,41.62649917602539,1.9073486328125e-06,0.00722979771141152
False,0.0,off,I_real,,12.925566673278809,structured_support_set,full,,,,,70.86593627929688,191.29469915821272,,,,8.0,,,train_event,59,phase2-selected,0.0017159780457027876,5.0,87.7503433227539,39.245277404785156,39.24314498901367,0.0011302208295091987,191.3097686767578,2.4012316141211776,117.73384094238281,41.62520217895508,41.62519836425781,2.336015541004599e-06,0.012561495967954094
False,0.0,off,I_real,,9.152543067932129,structured_support_set,full,,,,,71.15290069580078,180.56449377240642,,,,8.0,,,train_event,60,phase2-selected,0.0014966785126294495,5.0,87.75117492675781,39.244205474853516,39.24351501464844,0.0005284450598992407,180.58779907226562,2.9010230374895243,117.72880554199219,41.623416900634766,41.6234130859375,1.9073486328125e-06,0.01607469805033016
False,0.0,off,I_real,,6.739727973937988,structured_support_set,full,,,,,71.5307388305664,326.3642658833851,,,,8.0,,,train_event,61,phase2-selected,0.00016682128019514253,5.0,87.74894714355469,39.245277404785156,39.242523193359375,0.0029925175476819277,326.3804931640625,3.2569777122567825,117.7225112915039,41.62118911743164,41.62118911743164,0.0,0.009980089348080787
False,0.0,off,I_real,,5.8764967918396,structured_support_set,full,,,,,71.94073486328125,190.34603462827218,,,,8.0,,,train_event,62,phase2-selected,0.0008789225021255303,5.0,87.74959564208984,39.24530792236328,39.24280548095703,0.0015994003042578697,190.36415100097656,2.6260686707904717,117.71623992919922,41.61897659301758,41.61896896362305,3.0157830224197824e-06,0.013800905274558399
False,0.0,off,I_real,,4.515615463256836,structured_support_set,full,,,,,72.4039535522461,601.2705255442892,,,,8.0,,,train_event,63,phase2-selected,4.655548020105304e-05,5.0,87.74828338623047,39.24354934692383,39.242225646972656,0.001435444806702435,601.3359985351562,8.873910578735316,117.70936584472656,41.61655044555664,41.616546630859375,2.6973982585332124e-06,0.014758676431349316
False,0.0,off,I_real,,4.901469707489014,structured_support_set,full,,,,,72.7544937133789,171.75562116653495,,,,8.0,,,train_event,64,phase2-selected,3.64392701460794e-05,5.0,87.74740600585938,39.244747161865234,39.2418327331543,0.0017713698325678706,171.76678466796875,1.957483042335526,117.703369140625,41.61442565917969,41.61442184448242,1.3486991292666062e-06,0.011397120328933242
False,0.0,off,I_shuffle,,6.940848350524902,structured_support_set,full,,,,,65.00126647949219,198.95808898433108,,,,8.0,,,train_event,1,phase2-selected,0.0002750089017509602,5.0,87.72354125976562,39.2333984375,39.231163024902344,0.0017033569747582078,198.96243286132812,1.3143449477088573,117.73040771484375,41.62397766113281,41.62397384643555,1.9073486328125e-06,0.00660752203301541
False,0.0,off,I_shuffle,,2.9163167476654053,structured_support_set,full,,,,,65.05148315429688,217.34716457609494,,,,8.0,,,train_event,2,phase2-selected,0.0003165085797571964,5.0,87.7254867553711,39.23274612426758,39.23202896118164,0.0008949185721576214,217.35145568847656,1.3641616093323978,117.73149871826172,41.624366760253906,41.62436294555664,3.303624680484063e-06,0.006277874020456525
False,0.0,off,I_shuffle,,1.8992424011230469,structured_support_set,full,,,,,65.05489349365234,118.6502612521929,,,,8.0,,,train_event,3,phase2-selected,0.00011470531984827825,5.0,87.72663116455078,39.233741760253906,39.2325439453125,0.0007220346014946699,118.65225219726562,0.6868421528998347,117.7308120727539,41.62412643432617,41.62412643432617,0.0,0.005789762710758352
False,0.0,off,I_shuffle,,1.4738166332244873,structured_support_set,full,,,,,64.98380279541016,90.4629477029571,,,,8.0,,,train_event,4,phase2-selected,0.00014808241903561776,5.0,87.72583770751953,39.23337173461914,39.23218536376953,0.0006508906371891499,90.46417999267578,0.47229335815281687,117.72797393798828,41.62312316894531,41.62312316894531,0.0,0.0052224855873938
False,0.0,off,I_shuffle,,0.9654150009155273,structured_support_set,full,,,,,64.78767395019531,451.47730862668175,,,,8.0,,,train_event,5,phase2-selected,0.0011450233981330398,5.0,87.72685241699219,39.23426055908203,39.232635498046875,0.0009678165661171079,451.4862365722656,2.8347537086595844,117.72504425048828,41.62209701538086,41.62209701538086,1.3486991292666062e-06,0.006281376002448596
False,0.0,off,I_shuffle,,1.0065511465072632,structured_support_set,full,,,,,64.7773208618164,135.16027882863884,,,,8.0,,,train_event,6,phase2-selected,4.182705771667459e-06,5.0,87.72686767578125,39.233642578125,39.23264694213867,0.0008746078237891197,135.16151428222656,0.5779068944206728,117.72528839111328,41.622188568115234,41.622188568115234,1.9073486328125e-06,0.004275746411111961
False,0.0,off,I_shuffle,,0.19358882308006287,structured_support_set,full,,,,,64.8061752319336,20.15030895821248,,,,8.0,,,train_event,7,phase2-selected,1.0997378841345128e-05,5.0,87.72740173339844,39.23372268676758,39.232887268066406,0.0011361652286723256,20.150440216064453,0.07233075687353256,117.72575378417969,41.62234115600586,41.62234115600586,2.6973982585332124e-06,0.003590106454565811
False,0.0,off,I_shuffle,,0.2170737236738205,structured_support_set,full,,,,,64.7933578491211,44.65368802869758,,,,8.0,,,train_event,8,phase2-selected,7.380846766272987e-05,5.0,87.72754669189453,39.23415756225586,39.232948303222656,0.0010524541139602661,44.655609130859375,0.41441071235595284,117.72754669189453,41.62296676635742,41.622962951660156,2.6973982585332124e-06,0.009282201294487454
False,0.0,off,I_shuffle,,0.05202804505825043,structured_support_set,full,,,,,64.81148529052734,5.811992446212395,,,,8.0,,,train_event,9,phase2-selected,1.3782766104460677e-05,5.0,87.72562408447266,39.233402252197266,39.232093811035156,0.0009543225751258433,5.8122992515563965,0.059673340091537685,117.72847747802734,41.62330627441406,41.62330627441406,0.0,0.01026964907646078
False,0.0,off,I_shuffle,,0.04722054675221443,structured_support_set,full,,,,,64.79679870605469,5.374097912703273,,,,8.0,,,train_event,10,phase2-selected,1.606966564329126e-05,5.0,87.72633361816406,39.233970642089844,39.23240661621094,0.001347766607068479,5.374307632446289,0.04754010255083781,117.73003387451172,41.62385177612305,41.62385177612305,1.3486991292666062e-06,0.00884914510099788
False,0.0,off,I_shuffle,,0.01048308052122593,structured_support_set,full,,,,,64.7535629272461,1.096159055832909,,,,8.0,,,train_event,11,phase2-selected,1.868192332770834e-06,5.0,87.72569274902344,39.23307418823242,39.232112884521484,0.0005199475563131273,1.0961949825286865,0.008868502135092346,117.72992706298828,41.623802185058594,41.62380599975586,3.814697265625e-06,0.008092229207270495
False,0.0,off,I_shuffle,,0.055757585912942886,structured_support_set,full,,,,,64.79180145263672,6.515426190596631,,,,8.0,,,train_event,12,phase2-selected,1.756334204650589e-06,5.0,87.72814178466797,39.2348518371582,39.23321533203125,0.0012988984817638993,6.515557765960693,0.041395897868963825,117.73004913330078,41.62385940551758,41.62385940551758,0.0,0.0063537906795591535
False,0.0,off,I_shuffle,,0.004913043230772018,structured_support_set,full,,,,,64.88412475585938,0.7572060317697226,,,,8.0,,,train_event,13,phase2-selected,6.331136296427271e-07,5.0,87.72640991210938,39.23383712768555,39.232444763183594,0.001235234085470438,0.7572487592697144,0.008039341340336677,117.72923278808594,41.623573303222656,41.62356948852539,3.814697265625e-06,0.010617948242138929
False,0.0,off,I_shuffle,,0.00037126801908016205,structured_support_set,full,,,,,64.9565200805664,0.061797266070002695,,,,8.0,,,train_event,14,phase2-selected,2.438470202015936e-07,5.0,87.72881317138672,39.23445129394531,39.23351287841797,0.001245769439265132,0.06180308014154434,0.0008474643921718468,117.72855377197266,41.62333297729492,41.62333297729492,2.336015541004599e-06,0.013717568641819554
False,0.0,off,I_shuffle,,0.0016319541027769446,structured_support_set,full,,,,,65.0483627319336,0.3792122033114358,,,,8.0,,,train_event,15,phase2-selected,1.6649220461991121e-06,5.0,87.73147583007812,39.23582458496094,39.234718322753906,0.0005898785311728716,0.3792368173599243,0.004316822633485883,117.72799682617188,41.62313461303711,41.62313461303711,0.0,0.011388050062264045
False,0.0,off,I_shuffle,,0.001259725191630423,structured_support_set,full,,,,,65.13711547851562,0.18693376474428505,,,,8.0,,,train_event,16,phase2-selected,6.084492681459262e-07,5.0,87.73023223876953,39.23564910888672,39.234153747558594,0.001403582631610334,0.18694613873958588,0.0021514675361919903,117.72711944580078,41.62282943725586,41.62282943725586,0.0,0.011512505450281044
False,0.0,off,I_shuffle,,9.667406266089529e-05,structured_support_set,full,,,,,65.25469970703125,0.011808988865804192,,,,8.0,,,train_event,17,phase2-selected,2.0716764215295027e-09,5.0,87.72950744628906,39.23521423339844,39.233829498291016,0.0011871923925355077,0.011809369549155235,9.480110680101004e-05,117.72657012939453,41.62263488769531,41.62263488769531,1.9073486328125e-06,0.008028052152031178
False,0.0,off,I_shuffle,,0.00021920185827184469,structured_support_set,full,,,,,65.38299560546875,0.02932909298696326,,,,8.0,,,train_event,18,phase2-selected,1.4026151110798343e-07,5.0,87.73131561279297,39.23687744140625,39.234642028808594,0.0012207115069031715,0.029333200305700302,0.0004908863273835435,117.72607421875,41.62246322631836,41.62246322631836,3.5683226542460034e-06,0.016741962975565322
False,0.0,off,I_shuffle,,0.00014244495832826942,structured_support_set,full,,,,,65.5154037475586,0.017745468970361805,,,,8.0,,,train_event,19,phase2-selected,3.481872211606584e-09,5.0,87.73267364501953,39.236846923828125,39.2352409362793,0.0008954760851338506,0.017746523022651672,0.00019352686536577835,117.72573852539062,41.62232208251953,41.622318267822266,3.5683226542460034e-06,0.010905902095978484
False,0.0,off,I_shuffle,,2.396077979938127e-05,structured_support_set,full,,,,,65.65070343017578,0.005350198132067207,,,,8.0,,,train_event,20,phase2-selected,2.8393951933105967e-08,5.0,87.73391723632812,39.2365837097168,39.23579788208008,0.0008086168672889471,0.0053507001139223576,7.328667135287934e-05,117.72541046142578,41.62220764160156,41.62220764160156,1.3486991292666062e-06,0.013703243037933067
False,0.0,off,I_shuffle,,5.221230458118953e-05,structured_support_set,full,,,,,65.78662872314453,0.007982201021000616,,,,8.0,,,train_event,21,phase2-selected,3.975792742694381e-09,5.0,87.73538208007812,39.238037109375,39.236454010009766,0.0010329633951187134,0.007982388138771057,5.4687656751000236e-05,117.72512817382812,41.622100830078125,41.622100830078125,0.0,0.006851698222063445
False,0.0,off,I_shuffle,,0.0014540109550580382,structured_support_set,full,,,,,65.92134857177734,0.34592211541335566,,,,8.0,,,train_event,22,phase2-selected,1.1335736260518417e-06,5.0,87.73448181152344,39.23771667480469,39.236053466796875,0.0008352218428626657,0.34594473242759705,0.003956534851796398,117.72482299804688,41.622013092041016,41.622013092041016,0.0,0.011440923401770015
False,0.0,off,I_shuffle,,3.981510963058099e-05,structured_support_set,full,,,,,66.03117370605469,0.004768111382589895,,,,8.0,,,train_event,23,phase2-selected,3.397814320627259e-09,5.0,87.7347412109375,39.239891052246094,39.236175537109375,0.0020138430409133434,0.004768672864884138,7.317685876143697e-05,117.72493743896484,41.622039794921875,41.622039794921875,0.0,0.015347849641886568
False,0.0,off,I_shuffle,,4.31528314948082e-05,structured_support_set,full,,,,,66.1432876586914,0.008374285803325188,,,,8.0,,,train_event,24,phase2-selected,3.767767065463894e-09,5.0,87.73332977294922,39.23707962036133,39.23553466796875,0.0012096284190192819,0.008374417200684547,4.691068108548495e-05,117.7249984741211,41.62207794189453,41.622074127197266,3.814697265625e-06,0.005602202976392571
False,0.0,off,I_shuffle,,2.2411095415009186e-05,structured_support_set,full,,,,,66.25525665283203,0.0035149215311956394,,,,8.0,,,train_event,25,phase2-selected,2.387942608564932e-09,5.0,87.73429107666016,39.23764419555664,39.2359619140625,0.0011928906897082925,0.0035150691401213408,3.221211416530532e-05,117.72508239746094,41.62211227416992,41.622108459472656,3.303624680484063e-06,0.009165070065434934
False,0.0,off,I_shuffle,,0.00010966652916977182,structured_support_set,full,,,,,66.36563873291016,0.012891928249389614,,,,8.0,,,train_event,26,phase2-selected,1.2233132026385128e-08,5.0,87.73573303222656,39.23979187011719,39.23661422729492,0.0019045068183913827,0.012892847880721092,0.000154002721891157,117.72517395019531,41.62214279174805,41.62213897705078,3.303624680484063e-06,0.01194661900406368
False,0.0,off,I_shuffle,,1.0728830375228426e-06,structured_support_set,full,,,,,66.47293090820312,0.00015379448826663232,,,,8.0,,,train_event,27,phase2-selected,1.597374062779753e-10,5.0,87.73517608642578,39.239593505859375,39.236366271972656,0.0018650249112397432,0.00015380349941551685,1.6636981472431463e-06,117.72531127929688,41.6221809387207,41.6221809387207,0.0,0.010818709457030779
False,0.0,off,I_shuffle,,9.417489309271332e-06,structured_support_set,full,,,,,66.57711029052734,0.0020276628896863853,,,,8.0,,,train_event,28,phase2-selected,6.008867798722324e-09,5.0,87.73666381835938,39.23924255371094,39.237030029296875,0.0017626534681767225,0.0020278096199035645,2.438672052943667e-05,117.72543334960938,41.622215270996094,41.62221145629883,1.3486991292666062e-06,0.012029972793459848
False,0.0,off,I_shuffle,,1.1086402082582936e-05,structured_support_set,full,,,,,66.6771469116211,0.0019810450828825744,,,,8.0,,,train_event,29,phase2-selected,6.772697695486769e-09,5.0,87.73458099365234,39.23860549926758,39.2360954284668,0.0018942259484902024,0.001981165958568454,2.190353289908752e-05,117.7254638671875,41.622249603271484,41.622249603271484,3.5683226542460034e-06,0.011059973236399956
False,0.0,off,I_shuffle,,0.0001411338453181088,structured_support_set,full,,,,,66.77274322509766,0.01730367516445608,,,,8.0,,,train_event,30,phase2-selected,6.358377143643601e-09,5.0,87.73663330078125,39.2385139465332,39.23701477050781,0.0012501910096034408,0.017304308712482452,0.00014822089187428795,117.7255630493164,41.622283935546875,41.622283935546875,3.303624680484063e-06,0.00856622936125783
False,0.0,off,I_shuffle,,6.246371776796877e-05,structured_support_set,full,,,,,66.86250305175781,0.008768163579580953,,,,8.0,,,train_event,31,phase2-selected,1.0784813284590994e-08,5.0,87.73639678955078,39.23822021484375,39.236915588378906,0.0010008314857259393,0.008768572472035885,8.462089247379784e-05,117.7257080078125,41.62232971191406,41.62232971191406,2.6973982585332124e-06,0.009652155382247913
False,0.0,off,I_shuffle,,4.768370445162873e-07,structured_support_set,full,,,,,66.94660949707031,0.00017178003209899928,,,,8.0,,,train_event,32,phase2-selected,5.532185022716151e-10,5.0,87.73575592041016,39.23848342895508,39.23663330078125,0.0015046647749841213,0.00017178815323859453,1.6700006323547078e-06,117.72579956054688,41.62236785888672,41.622371673583984,4.473129138204968e-06,0.009724959475465783
False,0.0,off,I_shuffle,,1.311301275563892e-06,structured_support_set,full,,,,,67.0246353149414,0.00022120368588282764,,,,8.0,,,train_event,33,phase2-selected,1.3588154104629084e-10,5.0,87.73712158203125,39.238033294677734,39.23723220825195,0.000863084860611707,0.00022121000802144408,1.6729088280925125e-06,117.72593688964844,41.622406005859375,41.62240219116211,2.6973982585332124e-06,0.007563367233038677
False,0.0,off,I_shuffle,,3.93382906622719e-05,structured_support_set,full,,,,,67.09662628173828,0.02847722158017434,,,,8.0,,,train_event,34,phase2-selected,1.3434901982449618e-07,5.0,87.73713684082031,39.23796844482422,39.23723602294922,0.0009350569453090429,0.028479257598519325,0.0003404190646773795,117.72600555419922,41.622440338134766,41.6224365234375,1.9073486328125e-06,0.011958800571130686
False,0.0,off,I_shuffle,,3.576278118089249e-07,structured_support_set,full,,,,,67.16458129882812,6.063932752294659e-05,,,,8.0,,,train_event,35,phase2-selected,3.3222883985393684e-11,5.0,87.73828887939453,39.238525390625,39.23775863647461,0.001009106752462685,6.0641217714874074e-05,4.7890275701876e-07,117.72615814208984,41.62248611450195,41.62248229980469,1.9073486328125e-06,0.007898108364105963
False,0.0,off,I_shuffle,,1.811964830267243e-05,structured_support_set,full,,,,,67.2270736694336,0.0068997983923175825,,,,8.0,,,train_event,36,phase2-selected,7.403093205250306e-09,5.0,87.74024200439453,39.24045944213867,39.238624572753906,0.0012298196088522673,0.006899984087795019,5.0648992007823475e-05,117.726318359375,41.62253189086914,41.62253189086914,1.9073486328125e-06,0.007341721050491982
False,0.0,off,I_shuffle,,4.768370445162873e-07,structured_support_set,full,,,,,67.28520965576172,9.231612048944957e-05,,,,8.0,,,train_event,37,phase2-selected,2.066053099785206e-11,5.0,87.7370834350586,39.239322662353516,39.237220764160156,0.0013270091731101274,9.23202169360593e-05,8.697574373024751e-07,117.72637939453125,41.6225700378418,41.622562408447266,6.031566044839565e-06,0.009421735805426056
False,0.0,off,I_shuffle,,3.576278118089249e-07,structured_support_set,full,,,,,67.33905792236328,0.00014068954410480886,,,,8.0,,,train_event,38,phase2-selected,6.23144814105507e-10,5.0,87.73863983154297,39.240943908691406,39.2379150390625,0.001611426705494523,0.00014069884491618723,1.6190959131673165e-06,117.72647857666016,41.62260055541992,41.62259292602539,5.046370006311918e-06,0.011512718079282332
False,0.0,off,I_shuffle,,4.768370445162873e-07,structured_support_set,full,,,,,67.38884735107422,0.00014866084266350327,,,,8.0,,,train_event,39,phase2-selected,8.811593971205665e-10,5.0,87.7413101196289,39.24116897583008,39.23910903930664,0.002079094760119915,0.00014867237769067287,1.8515394489153402e-06,117.72657775878906,41.62263488769531,41.62262725830078,4.2649612623790745e-06,0.012460716454469797
False,0.0,off,I_shuffle,,1.1920928244535389e-07,structured_support_set,full,,,,,67.43458557128906,2.591237692883105e-05,,,,8.0,,,train_event,40,phase2-selected,4.057184837057228e-11,5.0,87.73806762695312,39.2389030456543,39.23766326904297,0.0014946234878152609,2.59131829807302e-05,2.0441237450712985e-07,117.72667694091797,41.62266159057617,41.622657775878906,3.0157830224197824e-06,0.007890165650068892
False,0.0,off,I_shuffle,,1.1920928244535389e-07,structured_support_set,full,,,,,67.47679138183594,2.417854278456018e-05,,,,8.0,,,train_event,41,phase2-selected,1.272953176448639e-11,5.0,87.73741149902344,39.24102783203125,39.23736572265625,0.0021400649566203356,2.4180320906452835e-05,2.9338831079413555e-07,117.72672271728516,41.62268829345703,41.622684478759766,2.6973982585332124e-06,0.01213476936721177
False,0.0,off,I_shuffle,,1.1920928244535389e-07,structured_support_set,full,,,,,67.5157241821289,2.501105617356344e-05,,,,8.0,,,train_event,42,phase2-selected,6.947033530272233e-11,5.0,87.73707580566406,39.239383697509766,39.237213134765625,0.00239734398201108,2.5012164769577794e-05,2.356232468483468e-07,117.72682189941406,41.62271499633789,41.622711181640625,1.3486991292666062e-06,0.009423541155082269
False,0.0,off,I_shuffle,,1.1920928244535389e-07,structured_support_set,full,,,,,67.55152893066406,4.346826742915284e-05,,,,8.0,,,train_event,43,phase2-selected,7.372757730062963e-11,5.0,87.73838806152344,39.239498138427734,39.23780059814453,0.0014556366950273514,4.3470201489981264e-05,4.102966702573632e-07,117.72686004638672,41.62272644042969,41.62272262573242,3.0157830224197824e-06,0.009440689084365045
False,0.0,off,I_shuffle,,1.9073468138230965e-06,structured_support_set,full,,,,,67.58426666259766,0.000860039197957065,,,,8.0,,,train_event,44,phase2-selected,9.13920176882806e-10,5.0,87.73980712890625,39.240203857421875,39.23843765258789,0.0016258220421150327,0.000860074651427567,7.800269513127735e-06,117.72693634033203,41.62274932861328,41.622745513916016,3.814697265625e-06,0.009070730092111534
False,0.0,off,I_shuffle,,9.536738616588991e-07,structured_support_set,full,,,,,67.61502075195312,0.00017966930631618848,,,,8.0,,,train_event,45,phase2-selected,3.091510020315622e-10,5.0,87.73822784423828,39.23870849609375,39.23773193359375,0.0008117923280224204,0.00017967226449400187,1.0323371521154929e-06,117.7269287109375,41.622764587402344,41.622764587402344,2.336015541004599e-06,0.005747483108217919
False,0.0,off,I_shuffle,,4.768370445162873e-07,structured_support_set,full,,,,,67.64291381835938,0.00010899403690510222,,,,8.0,,,train_event,46,phase2-selected,3.996863218343525e-10,5.0,87.73909759521484,39.240394592285156,39.23812484741211,0.0013276812387630343,0.00010899829067056999,9.631993708843193e-07,117.72698974609375,41.62278747558594,41.62278747558594,0.0,0.008840841981521705
False,0.0,off,I_shuffle,,2.3841855067985307e-07,structured_support_set,full,,,,,67.6689453125,4.325051449364132e-05,,,,8.0,,,train_event,47,phase2-selected,1.2293286875169215e-10,5.0,87.73825073242188,39.23939895629883,39.237735748291016,0.0023753687273710966,4.3253232433926314e-05,4.847798751657939e-07,117.72700500488281,41.62279510498047,41.622798919677734,3.814697265625e-06,0.011211492249550833
False,0.0,off,I_shuffle,,0.0,structured_support_set,full,,,,,67.69251251220703,6.081882719280601e-06,,,,8.0,,,train_event,48,phase2-selected,2.9142677301586875e-11,5.0,87.74061584472656,39.241554260253906,39.23879623413086,0.001963133690878749,6.082657819206361e-06,9.711540108123851e-08,117.7270736694336,41.62281799316406,41.62281036376953,4.2649612623790745e-06,0.015972774918953207
False,0.0,off,I_shuffle,,1.7881377516459906e-06,structured_support_set,full,,,,,67.71424102783203,0.0002924698131275284,,,,8.0,,,train_event,49,phase2-selected,8.73376360686021e-10,5.0,87.7398452758789,39.24076461791992,39.23845291137695,0.0012834956869482994,0.00029248453211039305,2.932989833459929e-06,117.72714233398438,41.62282943725586,41.62282943725586,1.9073486328125e-06,0.010031336835919318
False,0.0,off,I_shuffle,,1.1920928244535389e-07,structured_support_set,full,,,,,67.73423767089844,2.3537126733422447e-05,,,,8.0,,,train_event,50,phase2-selected,8.626796184252556e-11,5.0,87.73976135253906,39.24070739746094,39.2384147644043,0.001629559905268252,2.3538656023447402e-05,2.6824326241839944e-07,117.72715759277344,41.62283706665039,41.62283706665039,0.0,0.011400267051254694
False,0.0,off,I_shuffle,,6.794906312279636e-06,structured_support_set,full,,,,,67.75285339355469,0.0015555348072594925,,,,8.0,,,train_event,51,phase2-selected,5.0310188123368445e-09,5.0,87.73822021484375,39.24120330810547,39.23773193359375,0.002085102489218116,0.00155561079736799,1.537949289232562e-05,117.72716522216797,41.62283706665039,41.62283706665039,0.0,0.009890183002874798
False,0.0,off,I_shuffle,,0.0,structured_support_set,full,,,,,67.77041625976562,8.814823526517744e-06,,,,8.0,,,train_event,52,phase2-selected,8.15858896398179e-11,5.0,87.7370376586914,39.23905563354492,39.23719787597656,0.0019314720993861556,8.815581168164499e-06,1.1558424294773139e-07,117.72724151611328,41.62285614013672,41.622859954833984,3.814697265625e-06,0.013121740723386266
False,0.0,off,I_shuffle,,1.1920928244535389e-07,structured_support_set,full,,,,,67.78679656982422,3.85196897372564e-05,,,,8.0,,,train_event,53,phase2-selected,2.3979395676226585e-10,5.0,87.7397689819336,39.23917770385742,39.2384147644043,0.000975982693489641,3.85231469408609e-05,5.16224279536431e-07,117.72718048095703,41.622859954833984,41.622859954833984,2.6973982585332124e-06,0.0134077942220201
False,0.0,off,I_shuffle,,2.3841855067985307e-07,structured_support_set,full,,,,,67.8015365600586,5.9123187347529874e-05,,,,8.0,,,train_event,54,phase2-selected,3.06009918987577e-10,5.0,87.73822784423828,39.24030303955078,39.23773193359375,0.0019865629728883505,5.912510823691264e-05,4.7683500440541057e-07,117.72725677490234,41.62286376953125,41.62286376953125,0.0,0.008070285715817938
False,0.0,off,I_shuffle,,0.0,structured_support_set,full,,,,,67.8150405883789,1.0799889416234492e-05,,,,8.0,,,train_event,55,phase2-selected,3.7499442476785775e-11,5.0,87.7412109375,39.2435302734375,39.23906707763672,0.0024195557925850153,1.0800656127685215e-05,1.2870087500460779e-07,117.72724914550781,41.62287521362305,41.622867584228516,4.2649612623790745e-06,0.011920341911424007
False,0.0,off,I_shuffle,,19.690210342407227,structured_support_set,full,,,,,67.82711029052734,274.63060199215914,,,,8.0,,,train_event,56,phase2-selected,0.00010408756896444894,5.0,87.74101257324219,39.24007034301758,39.23897171020508,0.0010023540817201138,274.63800048828125,2.0163152291357322,117.727294921875,41.622886657714844,41.622886657714844,3.303624680484063e-06,0.00734229653242455
False,0.0,off,I_shuffle,,17.536422729492188,structured_support_set,full,,,,,67.86597442626953,316.4417537186313,,,,8.0,,,train_event,57,phase2-selected,0.0010218494314234905,5.0,87.74009704589844,39.24048614501953,39.238563537597656,0.0018058134010061622,316.4723205566406,4.39657102718335,117.72613525390625,41.62248229980469,41.62247848510742,1.3486991292666062e-06,0.013897005767844898
False,0.0,off,I_shuffle,,13.031319618225098,structured_support_set,full,,,,,67.88706970214844,249.93176836785528,,,,8.0,,,train_event,58,phase2-selected,0.0011235507842818954,5.0,87.73668670654297,39.238739013671875,39.23704147338867,0.001352126942947507,249.93753051757812,1.697586110243551,117.72289276123047,41.62133026123047,41.62133026123047,1.9073486328125e-06,0.0067966936421128875
False,0.0,off,I_shuffle,,10.313203811645508,structured_support_set,full,,,,,67.93721771240234,220.89356718338846,,,,8.0,,,train_event,59,phase2-selected,0.0016095669371078447,5.0,87.74056243896484,39.24037170410156,39.23877716064453,0.001714005134999752,220.90380859375,2.127681918645788,117.71971893310547,41.62022018432617,41.62022018432617,0.0,0.009639445424932327
False,0.0,off,I_shuffle,,9.614887237548828,structured_support_set,full,,,,,68.07333374023438,227.53324678269433,,,,8.0,,,train_event,60,phase2-selected,0.0014389735344919035,5.0,87.74121856689453,39.24043273925781,39.23906707763672,0.0007984171388670802,227.53794860839844,1.4621174430568287,117.7170181274414,41.6192626953125,41.6192626953125,3.303624680484063e-06,0.006432275007217255
False,0.0,off,I_shuffle,,4.490330696105957,structured_support_set,full,,,,,68.29727172851562,258.55236395105777,,,,8.0,,,train_event,61,phase2-selected,0.0016626830028344682,5.0,87.73802947998047,39.23994064331055,39.237640380859375,0.0023152108769863844,258.56292724609375,2.336906201933413,117.71468353271484,41.61842346191406,41.61842346191406,1.9073486328125e-06,0.009044855940202979
False,0.0,off,I_shuffle,,4.862812519073486,structured_support_set,full,,,,,68.57072448730469,252.01845356098113,,,,8.0,,,train_event,62,phase2-selected,0.005321083508703047,5.0,87.74006652832031,39.24058532714844,39.23855972290039,0.001256322953850031,252.0291290283203,2.3210257440086335,117.7126235961914,41.617706298828125,41.617706298828125,0.0,0.009230859068637323
False,0.0,off,I_shuffle,,2.2591023445129395,structured_support_set,full,,,,,68.91172790527344,246.52633197785516,,,,8.0,,,train_event,63,phase2-selected,0.007448495322975427,5.0,87.7372817993164,39.2391471862793,39.237308502197266,0.0016669703181833029,246.5364227294922,2.2286675367694344,117.7114486694336,41.617279052734375,41.617279052734375,0.0,0.009070495691686496
False,0.0,off,I_shuffle,,0.7082242369651794,structured_support_set,full,,,,,69.30213928222656,114.80507397438979,,,,8.0,,,train_event,64,phase2-selected,0.00224309565399592,5.0,87.734130859375,39.2374382019043,39.23590087890625,0.001294126152060926,114.80778503417969,0.7891195114240238,117.71051788330078,41.6169548034668,41.6169548034668,1.3486991292666062e-06,0.006893097836900079
