alignment_aux_active,alignment_aux_loss,alignment_aux_mode,arm_alias,fuser_grad_norm,layer_index,loss,memory_long_diversity_loss,memory_long_diversity_weight,memory_long_effective_rank,memory_long_l2,memory_long_slot_norm_max,memory_long_slot_norm_mean,memory_long_slot_norm_std,memory_long_slots,memory_short_diversity_loss,memory_short_diversity_weight,memory_short_effective_rank,memory_short_l2,memory_short_pairwise_cosine_mean,memory_short_slot_norm_max,memory_short_slot_norm_mean,memory_short_slot_norm_std,memory_short_slots,pilot_fuser_short_slots,pilot_memory_path_variant,pilot_projector_token_source,pilot_reader_context_mode,pilot_reader_num_queries,pilot_support_encoder_mode,pilot_trainable_variant,prefix_hidden_l2,prefix_hidden_slot_norm_max,prefix_hidden_slot_norm_mean,prefix_hidden_slot_norm_std,prefix_l2,prefix_projector_grad_norm,prefix_slot_norm_max,prefix_slot_norm_mean,prefix_slot_norm_std,prefix_tokens,projected_k_l2,projected_v_l2,reader_attention_diversity_loss,reader_attention_diversity_weight,reader_attention_entropy_max,reader_attention_entropy_mean,reader_attention_entropy_min,reader_attention_pairwise_cosine_mean,reader_grad_norm,reader_num_queries,reader_slot_count,reader_slot_coverage_fraction,row_type,step,suite,support_encoder_grad_norm,support_item_count,support_item_hidden_l2,support_item_hidden_norm_max,support_item_hidden_norm_mean,support_item_hidden_norm_std,total_grad_norm_pre_clip,writer_grad_norm,writer_memory_l2,writer_slot_basis_orthogonality_loss,writer_slot_basis_orthogonality_weight,writer_slot_basis_pairwise_cosine_mean,writer_slot_norm_max,writer_slot_norm_mean,writer_slot_norm_std,writer_to_projector_grad_ratio
,,,I_real,,,,,,,117.83794403076172,41.72639846801758,41.661991119384766,0.04344380274415016,8.0,,,,110.85061808101466,0.9995369510572465,39.19161624595767,39.191612056044285,3.4232450094559233e-06,8.0,8.0,two_level,short_slots,prompt_summary,4.0,structured_support_set,,,,,,12.536877163120957,,2.0453296665285454,1.9820056704224134,0.031249051547197045,8.0,,,,,2.079305320489602,2.0793032489839147,2.0793023383031124,0.9999999853431202,,4.0,8.0,0.5225409836065574,snapshot_aggregate,0,phase2-selected,,6.0,96.0995101928711,39.23421096801758,39.23246383666992,0.0013708641054108739,,,117.83794403076172,,,,41.72639846801758,41.661991119384766,0.04344380274415016,
,,,I_real,,0,,,,,,,,,,,,,,,,,,,,,,,,,,5.528108948566874,1.9761004877872155,1.954445870196233,0.010762868082669914,,,,,,8.0,3116.5988449346823,19.79376902345751,,,,,,,,,,,snapshot_layer,0,phase2-selected,,,,,,,,,,,,,,,,
,,,I_real,,7,,,,,,,,,,,,,,,,,,,,,,,,,,5.501730457681124,1.9664125325249844,1.9451402347595965,0.01073033456522666,,,,,,8.0,147.74504139384285,41.59012347362081,,,,,,,,,,,snapshot_layer,0,phase2-selected,,,,,,,,,,,,,,,,
,,,I_real,,14,,,,,,,,,,,,,,,,,,,,,,,,,,5.7216296117813865,2.0453133368101275,2.0228636538396114,0.011350441998878464,,,,,,8.0,89.86609724701428,69.21551751308753,,,,,,,,,,,snapshot_layer,0,phase2-selected,,,,,,,,,,,,,,,,
,,,I_real,,21,,,,,,,,,,,,,,,,,,,,,,,,,,5.633135842495277,2.014657802269107,1.991589982001508,0.01181223031255554,,,,,,8.0,65.05042898459513,73.77594094198258,,,,,,,,,,,snapshot_layer,0,phase2-selected,,,,,,,,,,,,,,,,
,,,I_real,,27,,,,,,,,,,,,,,,,,,,,,,,,,,5.645581003095283,2.017380006977769,1.9959884510665644,0.011131226955378642,,,,,,8.0,86.7070827796811,195.62245603467596,,,,,,,,,,,snapshot_layer,0,phase2-selected,,,,,,,,,,,,,,,,
,,,I_shuffle,,,,,,,117.8930435180664,41.72996520996094,41.68147659301758,0.03156384080648422,8.0,,,,110.85060907582768,0.9995404120351448,39.19161299408459,39.191609054315286,3.0851568889837106e-06,8.0,8.0,two_level,short_slots,prompt_summary,4.0,structured_support_set,,,,,,12.867765958191919,,2.0694592683041684,2.0344675505747563,0.02059579045191163,8.0,,,,,2.079347520578103,2.0793468170478695,2.0793461447856467,0.9999999882744961,,4.0,8.0,0.6024590163934426,snapshot_aggregate,0,phase2-selected,,6.0,96.09972381591797,39.234130859375,39.23255157470703,0.0015306604327633977,,,117.8930435180664,,,,41.72996520996094,41.68147659301758,0.03156384080648422,
,,,I_shuffle,,0,,,,,,,,,,,,,,,,,,,,,,,,,,5.75947488722254,2.0538129376583414,2.036230552391928,0.015443983029757366,,,,,,8.0,3117.9438876793033,17.651598258096662,,,,,,,,,,,snapshot_layer,0,phase2-selected,,,,,,,,,,,,,,,,
,,,I_shuffle,,7,,,,,,,,,,,,,,,,,,,,,,,,,,5.769969275740326,2.058225150968208,2.039933482154471,0.01588547547332576,,,,,,8.0,146.8139723480725,35.261113276247116,,,,,,,,,,,snapshot_layer,0,phase2-selected,,,,,,,,,,,,,,,,
,,,I_shuffle,,14,,,,,,,,,,,,,,,,,,,,,,,,,,5.704289420706327,2.035183566515563,2.0167186436105946,0.01576187147102395,,,,,,8.0,83.46124317606942,68.05355834960938,,,,,,,,,,,snapshot_layer,0,phase2-selected,,,,,,,,,,,,,,,,
,,,I_shuffle,,21,,,,,,,,,,,,,,,,,,,,,,,,,,5.796353707548048,2.0681697364713325,2.0492598697787425,0.01587749616105537,,,,,,8.0,63.018285282322616,74.4877775848889,,,,,,,,,,,snapshot_layer,0,phase2-selected,,,,,,,,,,,,,,,,
,,,I_shuffle,,27,,,,,,,,,,,,,,,,,,,,,,,,,,5.742435478773273,2.049313316579725,2.0301951873497885,0.015617284954327052,,,,,,8.0,80.85279170802382,209.71501609927319,,,,,,,,,,,snapshot_layer,0,phase2-selected,,,,,,,,,,,,,,,,
,,,I_zero,,,,,,,0.0,0.0,0.0,0.0,8.0,,,,0.0,0.0,0.0,0.0,0.0,8.0,8.0,two_level,short_slots,prompt_summary,4.0,pooled_block,,,,,,1.0339651107788086,,0.19069373607635498,0.16221855580806732,0.020303837954998016,8.0,,,,,1.473654492656351e-06,1.473654492656351e-06,1.473654492656351e-06,0.0,,4.0,8.0,0.0,snapshot_aggregate,0,phase2-selected,,0.0,0.0,0.0,0.0,0.0,,,0.0,,,,0.0,0.0,0.0,
,,,I_zero,,0,,,,,,,,,,,,,,,,,,,,,,,,,,0.3658159077167511,0.1293383687734604,0.1293383687734604,0.0,,,,,,8.0,3114.328125,28.998764038085938,,,,,,,,,,,snapshot_layer,0,phase2-selected,,,,,,,,,,,,,,,,
,,,I_zero,,7,,,,,,,,,,,,,,,,,,,,,,,,,,0.47687867283821106,0.16861988604068756,0.16861988604068756,0.0,,,,,,8.0,157.56387329101562,73.55593872070312,,,,,,,,,,,snapshot_layer,0,phase2-selected,,,,,,,,,,,,,,,,
,,,I_zero,,14,,,,,,,,,,,,,,,,,,,,,,,,,,0.43352773785591125,0.15327315032482147,0.15327315032482147,0.0,,,,,,8.0,160.98196411132812,125.93059539794922,,,,,,,,,,,snapshot_layer,0,phase2-selected,,,,,,,,,,,,,,,,
,,,I_zero,,21,,,,,,,,,,,,,,,,,,,,,,,,,,0.4784393608570099,0.16916759312152863,0.16916760802268982,1.4901161193847656e-08,,,,,,8.0,91.95962524414062,117.7429428100586,,,,,,,,,,,snapshot_layer,0,phase2-selected,,,,,,,,,,,,,,,,
,,,I_zero,,27,,,,,,,,,,,,,,,,,,,,,,,,,,0.5393219590187073,0.19069373607635498,0.19069373607635498,0.0,,,,,,8.0,126.75918579101562,214.1256866455078,,,,,,,,,,,snapshot_layer,0,phase2-selected,,,,,,,,,,,,,,,,
,,,I_real,,,,,,,117.83869934082031,41.72679901123047,41.66225051879883,0.04346569627523422,8.0,,,,110.85787050841284,0.9996248024408935,39.194183662289475,39.194177346151385,4.408665592534101e-06,8.0,8.0,two_level,short_slots,prompt_summary,4.0,structured_support_set,,,,,,39.6675690822914,,6.518249011430584,6.270935465077885,0.11525716253968536,8.0,,,,,2.0790202656730274,2.0790192533711918,2.0790185732919664,0.9999999872973708,,4.0,8.0,0.5307377049180327,snapshot_aggregate,2,phase2-selected,,6.0,96.10023498535156,39.23451232910156,39.23276138305664,0.0013939739437773824,,,117.83869934082031,,,,41.72679901123047,41.66225051879883,0.04346569627523422,
,,,I_real,,0,,,,,,,,,,,,,,,,,,,,,,,,,,17.5995475894115,6.243359823695949,6.222350073642418,0.011461726450895677,,,,,,8.0,3119.2519611296107,18.03361598780898,,,,,,,,,,,snapshot_layer,2,phase2-selected,,,,,,,,,,,,,,,,
,,,I_real,,7,,,,,,,,,,,,,,,,,,,,,,,,,,17.53929829206623,6.221270357976194,6.201074717474765,0.011548147918503792,,,,,,8.0,146.91612643882877,33.405074072665855,,,,,,,,,,,snapshot_layer,2,phase2-selected,,,,,,,,,,,,,,,,
,,,I_real,,14,,,,,,,,,,,,,,,,,,,,,,,,,,18.378398582583568,6.518249011430584,6.497692717880499,0.011844694247988403,,,,,,8.0,80.53501029092757,61.738102709660765,,,,,,,,,,,snapshot_layer,2,phase2-selected,,,,,,,,,,,,,,,,
,,,I_real,,21,,,,,,,,,,,,,,,,,,,,,,,,,,17.65177026342173,6.260628668988337,6.240820259344383,0.011417803904194324,,,,,,8.0,61.09592775438653,67.30817063128362,,,,,,,,,,,snapshot_layer,2,phase2-selected,,,,,,,,,,,,,,,,
,,,I_real,,27,,,,,,,,,,,,,,,,,,,,,,,,,,17.515551613979653,6.212006897222801,6.192739627400383,0.011587835787261119,,,,,,8.0,78.27893741795275,199.3812713623047,,,,,,,,,,,snapshot_layer,2,phase2-selected,,,,,,,,,,,,,,,,
,,,I_shuffle,,,,,,,117.8958969116211,41.730995178222656,41.68247604370117,0.0315280519425869,8.0,,,,110.85775781850346,0.9996429593836675,39.19414282626793,39.19413619744973,5.433600921098899e-06,8.0,8.0,two_level,short_slots,prompt_summary,4.0,structured_support_set,,,,,,45.323359817755026,,7.344142820014328,7.165373512955963,0.11225795086290015,8.0,,,,,2.0787552223830925,2.0787532290474315,2.0787522323796006,0.9999999872973708,,4.0,8.0,0.6024590163934426,snapshot_aggregate,2,phase2-selected,,6.0,96.09927368164062,39.233943939208984,39.23236083984375,0.001510570291429758,,,117.8958969116211,,,,41.730995178222656,41.68247604370117,0.0315280519425869,
,,,I_shuffle,,0,,,,,,,,,,,,,,,,,,,,,,,,,,20.145935465077883,7.132473288989458,7.122620543495554,0.007365098971201748,,,,,,8.0,3117.770972079918,16.831407922213195,,,,,,,,,,,snapshot_layer,2,phase2-selected,,,,,,,,,,,,,,,,
,,,I_shuffle,,7,,,,,,,,,,,,,,,,,,,,,,,,,,19.882918873771292,7.040919171004999,7.029664555533987,0.007491060135672327,,,,,,8.0,150.76876756011464,32.577763354192015,,,,,,,,,,,snapshot_layer,2,phase2-selected,,,,,,,,,,,,,,,,
,,,I_shuffle,,14,,,,,,,,,,,,,,,,,,,,,,,,,,20.522738003339924,7.266902266955767,7.255882044307521,0.007463361136615276,,,,,,8.0,93.79482744560868,59.73651954775951,,,,,,,,,,,snapshot_layer,2,phase2-selected,,,,,,,,,,,,,,,,
,,,I_shuffle,,21,,,,,,,,,,,,,,,,,,,,,,,,,,20.73947193583504,7.344142820014328,7.332506515940682,0.00772621465816361,,,,,,8.0,59.743672980636845,77.01528893142451,,,,,,,,,,,snapshot_layer,2,phase2-selected,,,,,,,,,,,,,,,,
,,,I_shuffle,,27,,,,,,,,,,,,,,,,,,,,,,,,,,20.042817600437854,7.0961513988307265,7.086194186914162,0.007370548246458906,,,,,,8.0,76.634771628458,225.6101179279265,,,,,,,,,,,snapshot_layer,2,phase2-selected,,,,,,,,,,,,,,,,
,,,I_zero,,,,,,,0.0,0.0,0.0,0.0,8.0,,,,0.0,0.0,0.0,0.0,0.0,8.0,8.0,two_level,short_slots,prompt_summary,4.0,pooled_block,,,,,,1.0339651107788086,,0.19069373607635498,0.16221855580806732,0.020303837954998016,8.0,,,,,1.473654492656351e-06,1.473654492656351e-06,1.473654492656351e-06,0.0,,4.0,8.0,0.0,snapshot_aggregate,2,phase2-selected,,0.0,0.0,0.0,0.0,0.0,,,0.0,,,,0.0,0.0,0.0,
,,,I_zero,,0,,,,,,,,,,,,,,,,,,,,,,,,,,0.3658159077167511,0.1293383687734604,0.1293383687734604,0.0,,,,,,8.0,3114.328125,28.998764038085938,,,,,,,,,,,snapshot_layer,2,phase2-selected,,,,,,,,,,,,,,,,
,,,I_zero,,7,,,,,,,,,,,,,,,,,,,,,,,,,,0.47687867283821106,0.16861988604068756,0.16861988604068756,0.0,,,,,,8.0,157.56387329101562,73.55593872070312,,,,,,,,,,,snapshot_layer,2,phase2-selected,,,,,,,,,,,,,,,,
,,,I_zero,,14,,,,,,,,,,,,,,,,,,,,,,,,,,0.43352773785591125,0.15327315032482147,0.15327315032482147,0.0,,,,,,8.0,160.98196411132812,125.93059539794922,,,,,,,,,,,snapshot_layer,2,phase2-selected,,,,,,,,,,,,,,,,
,,,I_zero,,21,,,,,,,,,,,,,,,,,,,,,,,,,,0.4784393608570099,0.16916759312152863,0.16916760802268982,1.4901161193847656e-08,,,,,,8.0,91.95962524414062,117.7429428100586,,,,,,,,,,,snapshot_layer,2,phase2-selected,,,,,,,,,,,,,,,,
,,,I_zero,,27,,,,,,,,,,,,,,,,,,,,,,,,,,0.5393219590187073,0.19069373607635498,0.19069373607635498,0.0,,,,,,8.0,126.75918579101562,214.1256866455078,,,,,,,,,,,snapshot_layer,2,phase2-selected,,,,,,,,,,,,,,,,
,,,I_real,,,,,,,117.83891296386719,41.72698974609375,41.662315368652344,0.04347066208720207,8.0,,,,110.86495546434746,0.9996997499075092,39.19668973078493,39.19668191378234,5.112778823234696e-06,8.0,8.0,two_level,short_slots,prompt_summary,4.0,structured_support_set,,,,,,50.73854546468766,,8.33580123401079,8.02105303279689,0.15074642222435747,8.0,,,,,2.0785804928326215,2.078579812753396,2.0785791913016896,0.9999999794803682,,4.0,8.0,0.5,snapshot_aggregate,4,phase2-selected,,6.0,96.09912872314453,39.23405838012695,39.232295989990234,0.0013547224225476384,,,117.83891296386719,,,,41.72698974609375,41.662315368652344,0.04347066208720207,
,,,I_real,,0,,,,,,,,,,,,,,,,,,,,,,,,,,22.439086351238313,7.9506075343147655,7.933472977309931,0.009941846239151524,,,,,,8.0,3117.4123895363728,18.256146290263192,,,,,,,,,,,snapshot_layer,4,phase2-selected,,,,,,,,,,,,,,,,
,,,I_real,,7,,,,,,,,,,,,,,,,,,,,,,,,,,22.40098956373871,7.93653326347226,7.91995388562562,0.010082994893071105,,,,,,8.0,147.06744759981748,33.554167638059525,,,,,,,,,,,snapshot_layer,4,phase2-selected,,,,,,,,,,,,,,,,
,,,I_real,,14,,,,,,,,,,,,,,,,,,,,,,,,,,23.529372449781075,8.33580123401079,8.318908073863046,0.010379301261950712,,,,,,8.0,80.02479640773085,62.274935550377016,,,,,,,,,,,snapshot_layer,4,phase2-selected,,,,,,,,,,,,,,,,
,,,I_real,,21,,,,,,,,,,,,,,,,,,,,,,,,,,22.577071330586417,7.998191974202141,7.982185363769531,0.010023112011859651,,,,,,8.0,61.132333724225155,68.71767500580334,,,,,,,,,,,snapshot_layer,4,phase2-selected,,,,,,,,,,,,,,,,
,,,I_real,,27,,,,,,,,,,,,,,,,,,,,,,,,,,22.48800462191222,7.966516393129943,7.950744785246302,0.01018336613769414,,,,,,8.0,77.75931824230757,200.9218262219038,,,,,,,,,,,snapshot_layer,4,phase2-selected,,,,,,,,,,,,,,,,
,,,I_shuffle,,,,,,,117.89921569824219,41.73213195800781,41.68365478515625,0.03143057972192764,8.0,,,,110.86408308685803,0.9997189103579912,39.19637961465804,39.196373110911885,5.6973389530226164e-06,8.0,8.0,two_level,short_slots,prompt_summary,4.0,structured_support_set,,,,,,60.366830794537655,,9.783023208868308,9.54310374963479,0.18181903904578725,8.0,,,,,2.078035886170434,2.0780329118009475,2.0780317001655453,0.9999999833888695,,4.0,8.0,0.6127049180327869,snapshot_aggregate,4,phase2-selected,,6.0,96.10031127929688,39.234375,39.232791900634766,0.0015273595927283168,,,117.89921569824219,,,,41.73213195800781,41.68365478515625,0.03143057972192764,
,,,I_shuffle,,0,,,,,,,,,,,,,,,,,,,,,,,,,,27.182050704956055,9.617789237225642,9.61035110911385,0.006148316790578795,,,,,,8.0,3117.4164358670596,16.942756121275856,,,,,,,,,,,snapshot_layer,4,phase2-selected,,,,,,,,,,,,,,,,
,,,I_shuffle,,7,,,,,,,,,,,,,,,,,,,,,,,,,,26.3939160831639,9.339283052037974,9.33167208999884,0.005920353055488868,,,,,,8.0,148.50622483550526,32.55608680600026,,,,,,,,,,,snapshot_layer,4,phase2-selected,,,,,,,,,,,,,,,,
,,,I_shuffle,,14,,,,,,,,,,,,,,,,,,,,,,,,,,27.349446750078044,9.677362707794689,9.669468082365443,0.006168152709476283,,,,,,8.0,82.89463455950627,57.963396666479895,,,,,,,,,,,snapshot_layer,4,phase2-selected,,,,,,,,,,,,,,,,
,,,I_shuffle,,21,,,,,,,,,,,,,,,,,,,,,,,,,,27.648691271172193,9.783023208868308,9.775269211315718,0.006099384659748586,,,,,,8.0,57.46848172047099,73.68141436967693,,,,,,,,,,,snapshot_layer,4,phase2-selected,,,,,,,,,,,,,,,,
,,,I_shuffle,,27,,,,,,,,,,,,,,,,,,,,,,,,,,26.385767139372277,9.335727050656178,9.328757630019892,0.005758301477085372,,,,,,8.0,70.61150672787525,210.26496186803598,,,,,,,,,,,snapshot_layer,4,phase2-selected,,,,,,,,,,,,,,,,
,,,I_zero,,,,,,,0.0,0.0,0.0,0.0,8.0,,,,0.0,0.0,0.0,0.0,0.0,8.0,8.0,two_level,short_slots,prompt_summary,4.0,pooled_block,,,,,,1.0339651107788086,,0.19069373607635498,0.16221855580806732,0.020303837954998016,8.0,,,,,1.473654492656351e-06,1.473654492656351e-06,1.473654492656351e-06,0.0,,4.0,8.0,0.0,snapshot_aggregate,4,phase2-selected,,0.0,0.0,0.0,0.0,0.0,,,0.0,,,,0.0,0.0,0.0,
,,,I_zero,,0,,,,,,,,,,,,,,,,,,,,,,,,,,0.3658159077167511,0.1293383687734604,0.1293383687734604,0.0,,,,,,8.0,3114.328125,28.998764038085938,,,,,,,,,,,snapshot_layer,4,phase2-selected,,,,,,,,,,,,,,,,
,,,I_zero,,7,,,,,,,,,,,,,,,,,,,,,,,,,,0.47687867283821106,0.16861988604068756,0.16861988604068756,0.0,,,,,,8.0,157.56387329101562,73.55593872070312,,,,,,,,,,,snapshot_layer,4,phase2-selected,,,,,,,,,,,,,,,,
,,,I_zero,,14,,,,,,,,,,,,,,,,,,,,,,,,,,0.43352773785591125,0.15327315032482147,0.15327315032482147,0.0,,,,,,8.0,160.98196411132812,125.93059539794922,,,,,,,,,,,snapshot_layer,4,phase2-selected,,,,,,,,,,,,,,,,
,,,I_zero,,21,,,,,,,,,,,,,,,,,,,,,,,,,,0.4784393608570099,0.16916759312152863,0.16916760802268982,1.4901161193847656e-08,,,,,,8.0,91.95962524414062,117.7429428100586,,,,,,,,,,,snapshot_layer,4,phase2-selected,,,,,,,,,,,,,,,,
,,,I_zero,,27,,,,,,,,,,,,,,,,,,,,,,,,,,0.5393219590187073,0.19069373607635498,0.19069373607635498,0.0,,,,,,8.0,126.75918579101562,214.1256866455078,,,,,,,,,,,snapshot_layer,4,phase2-selected,,,,,,,,,,,,,,,,
,,,I_real,,,,,,,117.83857727050781,41.727054595947266,41.66221618652344,0.04349946603178978,8.0,,,,110.87386071877401,0.9997752074335442,39.19983885718174,39.19982991453077,6.070290197146919e-06,8.0,8.0,two_level,short_slots,prompt_summary,4.0,structured_support_set,,,,,,59.73178600874103,,9.806959027149638,9.442725509893698,0.17922938554013362,8.0,,,,,2.077826015284804,2.0778247801983944,2.0778240962106675,0.9999999902287467,,4.0,8.0,0.5,snapshot_aggregate,8,phase2-selected,,6.0,96.10309600830078,39.23573303222656,39.233924865722656,0.0014394851168617606,,,117.83857727050781,,,,41.727054595947266,41.66221618652344,0.04349946603178978,
,,,I_real,,0,,,,,,,,,,,,,,,,,,,,,,,,,,26.338873972658252,9.32547836616391,9.312238912113378,0.00823868017979577,,,,,,8.0,3117.6469126216703,18.485074903144213,,,,,,,,,,,snapshot_layer,8,phase2-selected,,,,,,,,,,,,,,,,
,,,I_real,,7,,,,,,,,,,,,,,,,,,,,,,,,,,26.364951524578156,9.334236989255812,9.321460864582999,0.008420731765447094,,,,,,8.0,146.95600190709848,33.76421950293369,,,,,,,,,,,snapshot_layer,8,phase2-selected,,,,,,,,,,,,,,,,
,,,I_real,,14,,,,,,,,,,,,,,,,,,,,,,,,,,27.701026853967885,9.806959027149638,9.793871723237585,0.008694723897354036,,,,,,8.0,79.52446634261335,62.68340551657755,,,,,,,,,,,snapshot_layer,8,phase2-selected,,,,,,,,,,,,,,,,
,,,I_real,,21,,,,,,,,,,,,,,,,,,,,,,,,,,26.59900921680888,9.41654987022525,9.404169082641602,0.008415518221674396,,,,,,8.0,61.23363945132396,70.41213501476851,,,,,,,,,,,snapshot_layer,8,phase2-selected,,,,,,,,,,,,,,,,
,,,I_real,,27,,,,,,,,,,,,,,,,,,,,,,,,,,26.535851744354748,9.394651772545986,9.381887310841044,0.008553577449600228,,,,,,8.0,76.7711284199699,202.59952832831712,,,,,,,,,,,snapshot_layer,8,phase2-selected,,,,,,,,,,,,,,,,
,,,I_shuffle,,,,,,,117.9036636352539,41.733680725097656,41.68522262573242,0.031316179782152176,8.0,,,,110.87502563976851,0.9998068428430401,39.20024803036549,39.200241714227396,5.8048717283916215e-06,8.0,8.0,two_level,short_slots,prompt_summary,4.0,structured_support_set,,,,,,75.82803219654521,,12.244690191550333,11.98734603944372,0.22550002693152818,8.0,,,,,2.076759701869527,2.0767556839301937,2.076753104319338,0.9999999863202454,,4.0,8.0,0.5225409836065574,snapshot_aggregate,8,phase2-selected,,6.0,96.10171508789062,39.23493194580078,39.23336410522461,0.0015721583040431142,,,117.9036636352539,,,,41.733680725097656,41.68522262573242,0.031316179782152176,
,,,I_shuffle,,0,,,,,,,,,,,,,,,,,,,,,,,,,,34.310564072405704,12.138295361253082,12.130548117590733,0.005510360735361693,,,,,,8.0,3120.3147412909834,17.337076812493997,,,,,,,,,,,snapshot_layer,8,phase2-selected,,,,,,,,,,,,,,,,
,,,I_shuffle,,7,,,,,,,,,,,,,,,,,,,,,,,,,,33.24911786689133,11.763190097496159,11.755493820690718,0.005369354062331993,,,,,,8.0,147.38744917072233,33.245971304471375,,,,,,,,,,,snapshot_layer,8,phase2-selected,,,,,,,,,,,,,,,,
,,,I_shuffle,,14,,,,,,,,,,,,,,,,,,,,,,,,,,34.32323843533875,12.143394861064973,12.135193465185948,0.0056001714842974165,,,,,,8.0,77.7789372928807,59.55389229196017,,,,,,,,,,,snapshot_layer,8,phase2-selected,,,,,,,,,,,,,,,,
,,,I_shuffle,,21,,,,,,,,,,,,,,,,,,,,,,,,,,34.611663505679275,12.244690191550333,12.237180569132821,0.005508414927686825,,,,,,8.0,56.95426753309906,72.89369776991548,,,,,,,,,,,snapshot_layer,8,phase2-selected,,,,,,,,,,,,,,,,
,,,I_shuffle,,27,,,,,,,,,,,,,,,,,,,,,,,,,,33.03121160288326,11.68452639657943,11.678314521664479,0.005170965643569094,,,,,,8.0,68.25626548391874,200.35039507756468,,,,,,,,,,,snapshot_layer,8,phase2-selected,,,,,,,,,,,,,,,,
,,,I_zero,,,,,,,0.0,0.0,0.0,0.0,8.0,,,,0.0,0.0,0.0,0.0,0.0,8.0,8.0,two_level,short_slots,prompt_summary,4.0,pooled_block,,,,,,1.0339651107788086,,0.19069373607635498,0.16221855580806732,0.020303837954998016,8.0,,,,,1.473654492656351e-06,1.473654492656351e-06,1.473654492656351e-06,0.0,,4.0,8.0,0.0,snapshot_aggregate,8,phase2-selected,,0.0,0.0,0.0,0.0,0.0,,,0.0,,,,0.0,0.0,0.0,
,,,I_zero,,0,,,,,,,,,,,,,,,,,,,,,,,,,,0.3658159077167511,0.1293383687734604,0.1293383687734604,0.0,,,,,,8.0,3114.328125,28.998764038085938,,,,,,,,,,,snapshot_layer,8,phase2-selected,,,,,,,,,,,,,,,,
,,,I_zero,,7,,,,,,,,,,,,,,,,,,,,,,,,,,0.47687867283821106,0.16861988604068756,0.16861988604068756,0.0,,,,,,8.0,157.56387329101562,73.55593872070312,,,,,,,,,,,snapshot_layer,8,phase2-selected,,,,,,,,,,,,,,,,
,,,I_zero,,14,,,,,,,,,,,,,,,,,,,,,,,,,,0.43352773785591125,0.15327315032482147,0.15327315032482147,0.0,,,,,,8.0,160.98196411132812,125.93059539794922,,,,,,,,,,,snapshot_layer,8,phase2-selected,,,,,,,,,,,,,,,,
,,,I_zero,,21,,,,,,,,,,,,,,,,,,,,,,,,,,0.4784393608570099,0.16916759312152863,0.16916760802268982,1.4901161193847656e-08,,,,,,8.0,91.95962524414062,117.7429428100586,,,,,,,,,,,snapshot_layer,8,phase2-selected,,,,,,,,,,,,,,,,
,,,I_zero,,27,,,,,,,,,,,,,,,,,,,,,,,,,,0.5393219590187073,0.19069373607635498,0.19069373607635498,0.0,,,,,,8.0,126.75918579101562,214.1256866455078,,,,,,,,,,,snapshot_layer,8,phase2-selected,,,,,,,,,,,,,,,,
,,,I_real,,,,,,,117.8382568359375,41.72703552246094,41.662086486816406,0.043518707156181335,8.0,,,,110.87902344250288,0.9998098895198009,39.20166559688381,39.201655716192526,6.789994645781708e-06,8.0,8.0,two_level,short_slots,prompt_summary,4.0,structured_support_set,,,,,,63.6152244317727,,10.437875309928518,10.056659260734182,0.18985967240372642,8.0,,,,,2.077282690611042,2.077280927876957,2.0772801969872146,0.9999999824117441,,4.0,8.0,0.5,snapshot_aggregate,12,phase2-selected,,6.0,96.1042709350586,39.236358642578125,39.23440933227539,0.0014829837018623948,,,117.8382568359375,,,,41.72703552246094,41.662086486816406,0.043518707156181335,
,,,I_real,,0,,,,,,,,,,,,,,,,,,,,,,,,,,28.01021557166928,9.914391845953269,9.90307026222104,0.00733163036009083,,,,,,8.0,3117.9342421234633,18.646850023113313,,,,,,,,,,,snapshot_layer,12,phase2-selected,,,,,,,,,,,,,,,,
,,,I_real,,7,,,,,,,,,,,,,,,,,,,,,,,,,,28.097719567721008,9.945035074577957,9.934041836222665,0.007526343108200636,,,,,,8.0,146.74494959096438,33.99764889576396,,,,,,,,,,,snapshot_layer,12,phase2-selected,,,,,,,,,,,,,,,,
,,,I_real,,14,,,,,,,,,,,,,,,,,,,,,,,,,,29.4897888996562,10.437875309928518,10.426172850561924,0.007775026984268524,,,,,,8.0,79.43580777527856,62.77432482359839,,,,,,,,,,,snapshot_layer,12,phase2-selected,,,,,,,,,,,,,,,,
,,,I_real,,21,,,,,,,,,,,,,,,,,,,,,,,,,,28.35241602287918,10.035505982696034,10.024135183115474,0.007542162950410217,,,,,,8.0,61.482644815913964,71.53358909732006,,,,,,,,,,,snapshot_layer,12,phase2-selected,,,,,,,,,,,,,,,,
,,,I_real,,27,,,,,,,,,,,,,,,,,,,,,,,,,,28.272409407818905,10.007742475290767,9.995876640569968,0.007652674732943539,,,,,,8.0,76.22176160968718,203.7354838887199,,,,,,,,,,,snapshot_layer,12,phase2-selected,,,,,,,,,,,,,,,,
,,,I_shuffle,,,,,,,117.90535736083984,41.73430252075195,41.68582534790039,0.03127259761095047,8.0,,,,110.8831940947986,0.9998493946966578,39.203136006339655,39.20312931498543,5.970277284251977e-06,8.0,8.0,two_level,short_slots,prompt_summary,4.0,structured_support_set,,,,,,81.45089196377113,,13.146693589257412,12.876133402840036,0.24780868482394297,8.0,,,,,2.0756660328536736,2.075660990887001,2.0756573090787795,0.9999999814346189,,4.0,8.0,0.5,snapshot_aggregate,12,phase2-selected,,6.0,96.10301208496094,39.23539733886719,39.233882904052734,0.001548462430946529,,,117.90535736083984,,,,41.73430252075195,41.68582534790039,0.03127259761095047,
,,,I_shuffle,,0,,,,,,,,,,,,,,,,,,,,,,,,,,36.893466449174724,13.05075783026023,13.04388174463491,0.004850941015499048,,,,,,8.0,3120.7154120773566,17.47503640221768,,,,,,,,,,,snapshot_layer,12,phase2-selected,,,,,,,,,,,,,,,,
,,,I_shuffle,,7,,,,,,,,,,,,,,,,,,,,,,,,,,35.633257631395686,12.604870108307384,12.598126677216076,0.004712130164452752,,,,,,8.0,147.2195119388768,32.84705440333632,,,,,,,,,,,snapshot_layer,12,phase2-selected,,,,,,,,,,,,,,,,
,,,I_shuffle,,14,,,,,,,,,,,,,,,,,,,,,,,,,,36.894371470466986,13.051369260569087,13.044218876322763,0.004922058608871503,,,,,,8.0,78.85804748535156,60.24683004910828,,,,,,,,,,,snapshot_layer,12,phase2-selected,,,,,,,,,,,,,,,,
,,,I_shuffle,,21,,,,,,,,,,,,,,,,,,,,,,,,,,37.16543291435867,13.146693589257412,13.140068413781337,0.004832328968971479,,,,,,8.0,58.0688826138856,73.34892985859855,,,,,,,,,,,snapshot_layer,12,phase2-selected,,,,,,,,,,,,,,,,
,,,I_shuffle,,27,,,,,,,,,,,,,,,,,,,,,,,,,,35.50924319908267,12.559799882232166,12.554371099003026,0.004590890729097558,,,,,,8.0,69.18132031550172,198.35217685386783,,,,,,,,,,,snapshot_layer,12,phase2-selected,,,,,,,,,,,,,,,,
,,,I_zero,,,,,,,0.0,0.0,0.0,0.0,8.0,,,,0.0,0.0,0.0,0.0,0.0,8.0,8.0,two_level,short_slots,prompt_summary,4.0,pooled_block,,,,,,1.0339651107788086,,0.19069373607635498,0.16221855580806732,0.020303837954998016,8.0,,,,,1.473654492656351e-06,1.473654492656351e-06,1.473654492656351e-06,0.0,,4.0,8.0,0.0,snapshot_aggregate,12,phase2-selected,,0.0,0.0,0.0,0.0,0.0,,,0.0,,,,0.0,0.0,0.0,
,,,I_zero,,0,,,,,,,,,,,,,,,,,,,,,,,,,,0.3658159077167511,0.1293383687734604,0.1293383687734604,0.0,,,,,,8.0,3114.328125,28.998764038085938,,,,,,,,,,,snapshot_layer,12,phase2-selected,,,,,,,,,,,,,,,,
,,,I_zero,,7,,,,,,,,,,,,,,,,,,,,,,,,,,0.47687867283821106,0.16861988604068756,0.16861988604068756,0.0,,,,,,8.0,157.56387329101562,73.55593872070312,,,,,,,,,,,snapshot_layer,12,phase2-selected,,,,,,,,,,,,,,,,
,,,I_zero,,14,,,,,,,,,,,,,,,,,,,,,,,,,,0.43352773785591125,0.15327315032482147,0.15327315032482147,0.0,,,,,,8.0,160.98196411132812,125.93059539794922,,,,,,,,,,,snapshot_layer,12,phase2-selected,,,,,,,,,,,,,,,,
,,,I_zero,,21,,,,,,,,,,,,,,,,,,,,,,,,,,0.4784393608570099,0.16916759312152863,0.16916760802268982,1.4901161193847656e-08,,,,,,8.0,91.95962524414062,117.7429428100586,,,,,,,,,,,snapshot_layer,12,phase2-selected,,,,,,,,,,,,,,,,
,,,I_zero,,27,,,,,,,,,,,,,,,,,,,,,,,,,,0.5393219590187073,0.19069373607635498,0.19069373607635498,0.0,,,,,,8.0,126.75918579101562,214.1256866455078,,,,,,,,,,,snapshot_layer,12,phase2-selected,,,,,,,,,,,,,,,,
,,,I_real,,,,,,,117.83792877197266,41.726993560791016,41.66197967529297,0.04352971538901329,8.0,,,,110.88229032422676,0.9998287343588032,39.20281982421875,39.2028094432393,7.294626916294963e-06,8.0,8.0,two_level,short_slots,prompt_summary,4.0,structured_support_set,,,,,,65.75904658583345,,10.783574026139057,10.39559934960037,0.19456963851803638,8.0,,,,,2.0769035894362653,2.076901506205074,2.0769006541517916,0.9999999785032428,,4.0,8.0,0.5,snapshot_aggregate,16,phase2-selected,,6.0,96.10334014892578,39.23588943481445,39.23402786254883,0.0014415846671909094,,,117.83792877197266,,,,41.726993560791016,41.66197967529297,0.04352971538901329,
,,,I_real,,0,,,,,,,,,,,,,,,,,,,,,,,,,,28.931946957697633,10.239230093408803,10.228996276855469,0.006771501283481961,,,,,,8.0,3117.152487832992,18.77365321800357,,,,,,,,,,,snapshot_layer,16,phase2-selected,,,,,,,,,,,,,,,,
,,,I_real,,7,,,,,,,,,,,,,,,,,,,,,,,,,,29.06470986663318,10.286133187716125,10.275949071665279,0.006971215088775412,,,,,,8.0,146.7465012347112,34.25345692869092,,,,,,,,,,,snapshot_layer,16,phase2-selected,,,,,,,,,,,,,,,,
,,,I_real,,14,,,,,,,,,,,,,,,,,,,,,,,,,,30.4694381151043,10.783574026139057,10.772580365665624,0.0072010092238788724,,,,,,8.0,79.34810150646773,62.74347161465004,,,,,,,,,,,snapshot_layer,16,phase2-selected,,,,,,,,,,,,,,,,
,,,I_real,,21,,,,,,,,,,,,,,,,,,,,,,,,,,29.32817515388864,10.379814616969375,10.369074211745966,0.006995635580454693,,,,,,8.0,61.76992478917857,72.32233741635181,,,,,,,,,,,snapshot_layer,16,phase2-selected,,,,,,,,,,,,,,,,
,,,I_real,,27,,,,,,,,,,,,,,,,,,,,,,,,,,29.22149060984127,10.342586876916103,10.331397244187652,0.007084330124017157,,,,,,8.0,75.96156523657626,204.47920727338948,,,,,,,,,,,snapshot_layer,16,phase2-selected,,,,,,,,,,,,,,,,
,,,I_shuffle,,,,,,,117.90621185302734,41.73462677001953,41.686134338378906,0.03125239908695221,8.0,,,,110.88876642946337,0.9998715373336292,39.20510657888944,39.205099637391136,5.865055520010427e-06,8.0,8.0,two_level,short_slots,prompt_summary,4.0,structured_support_set,,,,,,84.08318191278177,,13.571745278405361,13.29223288864386,0.25713114464869263,8.0,,,,,2.0748231801830355,2.074817364333106,2.074812978994651,0.9999999785032428,,4.0,8.0,0.5,snapshot_aggregate,16,phase2-selected,,6.0,96.10456848144531,39.23606872558594,39.23452377319336,0.0015568459639325738,,,117.90621185302734,,,,41.73462677001953,41.686134338378906,0.03125239908695221,
,,,I_shuffle,,0,,,,,,,,,,,,,,,,,,,,,,,,,,38.097760560082605,13.475987543825243,13.46954008008613,0.004479055415045043,,,,,,8.0,3120.7031690253584,17.514397730592822,,,,,,,,,,,snapshot_layer,16,phase2-selected,,,,,,,,,,,,,,,,
,,,I_shuffle,,7,,,,,,,,,,,,,,,,,,,,,,,,,,36.74555250074042,12.997922209442638,12.991649268103428,0.004343902661663587,,,,,,8.0,147.02599547339267,32.967679320788775,,,,,,,,,,,snapshot_layer,16,phase2-selected,,,,,,,,,,,,,,,,
,,,I_shuffle,,14,,,,,,,,,,,,,,,,,,,,,,,,,,38.084101567502884,13.471552426697778,13.464876597044897,0.00454088685973013,,,,,,8.0,79.52765467909516,60.2695249338619,,,,,,,,,,,snapshot_layer,16,phase2-selected,,,,,,,,,,,,,,,,
,,,I_shuffle,,21,,,,,,,,,,,,,,,,,,,,,,,,,,38.368846955846564,13.571745278405361,13.565557104642274,0.004455546909546266,,,,,,8.0,58.301107500420244,73.58526398705655,,,,,,,,,,,snapshot_layer,16,phase2-selected,,,,,,,,,,,,,,,,
,,,I_shuffle,,27,,,,,,,,,,,,,,,,,,,,,,,,,,36.68342365202356,12.974663640632004,12.969541909264736,0.004242786969684186,,,,,,8.0,69.46037254958857,198.02757813500577,,,,,,,,,,,snapshot_layer,16,phase2-selected,,,,,,,,,,,,,,,,
,,,I_zero,,,,,,,0.0,0.0,0.0,0.0,8.0,,,,0.0,0.0,0.0,0.0,0.0,8.0,8.0,two_level,short_slots,prompt_summary,4.0,pooled_block,,,,,,1.0339651107788086,,0.19069373607635498,0.16221855580806732,0.020303837954998016,8.0,,,,,1.473654492656351e-06,1.473654492656351e-06,1.473654492656351e-06,0.0,,4.0,8.0,0.0,snapshot_aggregate,16,phase2-selected,,0.0,0.0,0.0,0.0,0.0,,,0.0,,,,0.0,0.0,0.0,
,,,I_zero,,0,,,,,,,,,,,,,,,,,,,,,,,,,,0.3658159077167511,0.1293383687734604,0.1293383687734604,0.0,,,,,,8.0,3114.328125,28.998764038085938,,,,,,,,,,,snapshot_layer,16,phase2-selected,,,,,,,,,,,,,,,,
,,,I_zero,,7,,,,,,,,,,,,,,,,,,,,,,,,,,0.47687867283821106,0.16861988604068756,0.16861988604068756,0.0,,,,,,8.0,157.56387329101562,73.55593872070312,,,,,,,,,,,snapshot_layer,16,phase2-selected,,,,,,,,,,,,,,,,
,,,I_zero,,14,,,,,,,,,,,,,,,,,,,,,,,,,,0.43352773785591125,0.15327315032482147,0.15327315032482147,0.0,,,,,,8.0,160.98196411132812,125.93059539794922,,,,,,,,,,,snapshot_layer,16,phase2-selected,,,,,,,,,,,,,,,,
,,,I_zero,,21,,,,,,,,,,,,,,,,,,,,,,,,,,0.4784393608570099,0.16916759312152863,0.16916760802268982,1.4901161193847656e-08,,,,,,8.0,91.95962524414062,117.7429428100586,,,,,,,,,,,snapshot_layer,16,phase2-selected,,,,,,,,,,,,,,,,
,,,I_zero,,27,,,,,,,,,,,,,,,,,,,,,,,,,,0.5393219590187073,0.19069373607635498,0.19069373607635498,0.0,,,,,,8.0,126.75918579101562,214.1256866455078,,,,,,,,,,,snapshot_layer,16,phase2-selected,,,,,,,,,,,,,,,,
,,,I_real,,,,,,,117.83740997314453,41.72687911987305,41.66179656982422,0.043550312519073486,8.0,,,,110.88591103475602,0.9998470945436446,39.204100874603775,39.204089305439936,7.690031042493799e-06,8.0,8.0,two_level,short_slots,prompt_summary,4.0,structured_support_set,,,,,,67.90558636774782,,11.126290634030202,10.734992386864834,0.19797263746378851,8.0,,,,,2.076461459769577,2.0764590286817706,2.076457977294922,0.9999999853431202,,4.0,8.0,0.5,snapshot_aggregate,24,phase2-selected,,6.0,96.10770416259766,39.23762893676758,39.23580551147461,0.001503343228250742,,,117.83740997314453,,,,41.72687911987305,41.66179656982422,0.043550312519073486,
,,,I_real,,0,,,,,,,,,,,,,,,,,,,,,,,,,,29.85342116434066,10.564042232075675,10.55482214005267,0.006197106474857839,,,,,,8.0,3117.0213082735654,18.92406726274334,,,,,,,,,,,snapshot_layer,24,phase2-selected,,,,,,,,,,,,,,,,
,,,I_real,,7,,,,,,,,,,,,,,,,,,,,,,,,,,30.04193950090252,10.630916267144876,10.621472984063821,0.006401021270173006,,,,,,8.0,146.75272356877562,34.549592690389666,,,,,,,,,,,snapshot_layer,24,phase2-selected,,,,,,,,,,,,,,,,
,,,I_real,,14,,,,,,,,,,,,,,,,,,,,,,,,,,31.440841612268667,11.126290634030202,11.116055457318415,0.0066080811112874845,,,,,,8.0,79.37162067851082,62.702390702044376,,,,,,,,,,,snapshot_layer,24,phase2-selected,,,,,,,,,,,,,,,,
,,,I_real,,21,,,,,,,,,,,,,,,,,,,,,,,,,,30.313243678358734,10.727403500041024,10.71736499911449,0.006434230675890309,,,,,,8.0,62.159676160968715,73.26960291627978,,,,,,,,,,,snapshot_layer,24,phase2-selected,,,,,,,,,,,,,,,,
,,,I_real,,27,,,,,,,,,,,,,,,,,,,,,,,,,,30.16584433883917,10.675675892439045,10.665246213068727,0.006496299394085759,,,,,,8.0,75.72344970703125,205.61603933865908,,,,,,,,,,,snapshot_layer,24,phase2-selected,,,,,,,,,,,,,,,,
,,,I_shuffle,,,,,,,117.9067153930664,41.73483657836914,41.68631362915039,0.03124496527016163,8.0,,,,110.8951916303791,0.9998919875895391,39.20737838745117,39.20737069552062,6.07309709162333e-06,8.0,8.0,two_level,short_slots,prompt_summary,4.0,structured_support_set,,,,,,86.26979240042265,,13.925323642668177,13.637891816311194,0.2643377077384073,8.0,,,,,2.073767556518805,2.0737608964325953,2.0737557528448884,0.999999963846363,,4.0,8.0,0.5,snapshot_aggregate,24,phase2-selected,,6.0,96.11082458496094,39.23859786987305,39.23707962036133,0.0016261412529274821,,,117.9067153930664,,,,41.73483657836914,41.68631362915039,0.03124496527016163,
,,,I_shuffle,,0,,,,,,,,,,,,,,,,,,,,,,,,,,39.09765118458232,13.828833892697194,13.822900803362737,0.004116309886859333,,,,,,8.0,3118.7718605917007,17.53926886886847,,,,,,,,,,,snapshot_layer,24,phase2-selected,,,,,,,,,,,,,,,,
,,,I_shuffle,,7,,,,,,,,,,,,,,,,,,,,,,,,,,37.6539089640633,13.31843840489622,13.312712200352403,0.0039820275880152085,,,,,,8.0,147.11026676365586,33.15036442240731,,,,,,,,,,,snapshot_layer,24,phase2-selected,,,,,,,,,,,,,,,,
,,,I_shuffle,,14,,,,,,,,,,,,,,,,,,,,,,,,,,39.065687836193646,13.818019304119172,13.811899951246918,0.0041668049410962665,,,,,,8.0,80.39663321072938,60.40553152365763,,,,,,,,,,,snapshot_layer,24,phase2-selected,,,,,,,,,,,,,,,,
,,,I_shuffle,,21,,,,,,,,,,,,,,,,,,,,,,,,,,39.37035113475362,13.925323642668177,13.919649968381789,0.00408935381603412,,,,,,8.0,58.528631554275265,73.92306118324154,,,,,,,,,,,snapshot_layer,24,phase2-selected,,,,,,,,,,,,,,,,
,,,I_shuffle,,27,,,,,,,,,,,,,,,,,,,,,,,,,,37.68068219794602,13.32708103930364,13.322296236382156,0.003906109996262144,,,,,,8.0,69.69074499411661,197.91487496798155,,,,,,,,,,,snapshot_layer,24,phase2-selected,,,,,,,,,,,,,,,,
,,,I_zero,,,,,,,0.0,0.0,0.0,0.0,8.0,,,,0.0,0.0,0.0,0.0,0.0,8.0,8.0,two_level,short_slots,prompt_summary,4.0,pooled_block,,,,,,1.0339651107788086,,0.19069373607635498,0.16221855580806732,0.020303837954998016,8.0,,,,,1.473654492656351e-06,1.473654492656351e-06,1.473654492656351e-06,0.0,,4.0,8.0,0.0,snapshot_aggregate,24,phase2-selected,,0.0,0.0,0.0,0.0,0.0,,,0.0,,,,0.0,0.0,0.0,
,,,I_zero,,0,,,,,,,,,,,,,,,,,,,,,,,,,,0.3658159077167511,0.1293383687734604,0.1293383687734604,0.0,,,,,,8.0,3114.328125,28.998764038085938,,,,,,,,,,,snapshot_layer,24,phase2-selected,,,,,,,,,,,,,,,,
,,,I_zero,,7,,,,,,,,,,,,,,,,,,,,,,,,,,0.47687867283821106,0.16861988604068756,0.16861988604068756,0.0,,,,,,8.0,157.56387329101562,73.55593872070312,,,,,,,,,,,snapshot_layer,24,phase2-selected,,,,,,,,,,,,,,,,
,,,I_zero,,14,,,,,,,,,,,,,,,,,,,,,,,,,,0.43352773785591125,0.15327315032482147,0.15327315032482147,0.0,,,,,,8.0,160.98196411132812,125.93059539794922,,,,,,,,,,,snapshot_layer,24,phase2-selected,,,,,,,,,,,,,,,,
,,,I_zero,,21,,,,,,,,,,,,,,,,,,,,,,,,,,0.4784393608570099,0.16916759312152863,0.16916760802268982,1.4901161193847656e-08,,,,,,8.0,91.95962524414062,117.7429428100586,,,,,,,,,,,snapshot_layer,24,phase2-selected,,,,,,,,,,,,,,,,
,,,I_zero,,27,,,,,,,,,,,,,,,,,,,,,,,,,,0.5393219590187073,0.19069373607635498,0.19069373607635498,0.0,,,,,,8.0,126.75918579101562,214.1256866455078,,,,,,,,,,,snapshot_layer,24,phase2-selected,,,,,,,,,,,,,,,,
,,,I_real,,,,,,,117.8371810913086,41.7268180847168,41.661712646484375,0.04355709254741669,8.0,,,,110.88759913210009,0.9998547991768258,39.204698031065895,39.20468646190206,7.89849168615517e-06,8.0,8.0,two_level,short_slots,prompt_summary,4.0,structured_support_set,,,,,,68.83251177678343,,11.271663181117324,10.881570409555904,0.1983151948842846,8.0,,,,,2.0762550400905924,2.0762524487542326,2.0762513309228616,0.9999999892516215,,4.0,8.0,0.5,snapshot_aggregate,32,phase2-selected,,6.0,96.11100006103516,39.2391242980957,39.23714828491211,0.0016215275973081589,,,117.8371810913086,,,,41.7268180847168,41.661712646484375,0.04355709254741669,
,,,I_real,,0,,,,,,,,,,,,,,,,,,,,,,,,,,30.25078582763672,10.704096637788366,10.695294489626024,0.005943484069993262,,,,,,8.0,3117.375756435707,18.9997465102399,,,,,,,,,,,snapshot_layer,32,phase2-selected,,,,,,,,,,,,,,,,
,,,I_real,,7,,,,,,,,,,,,,,,,,,,,,,,,,,30.474629511598682,10.783476720090773,10.774364924821697,0.0061503273404401836,,,,,,8.0,146.75603747758709,34.71643835599305,,,,,,,,,,,snapshot_layer,32,phase2-selected,,,,,,,,,,,,,,,,
,,,I_real,,14,,,,,,,,,,,,,,,,,,,,,,,,,,31.85292700470471,11.271663181117324,11.261783349709432,0.006343453656882048,,,,,,8.0,79.44140524942367,62.677885336954084,,,,,,,,,,,snapshot_layer,32,phase2-selected,,,,,,,,,,,,,,,,
,,,I_real,,21,,,,,,,,,,,,,,,,,,,,,,,,,,30.742387677802416,10.878831003533035,10.869127367363602,0.006185479828568756,,,,,,8.0,62.34957935771004,73.7854959456647,,,,,,,,,,,snapshot_layer,32,phase2-selected,,,,,,,,,,,,,,,,
,,,I_real,,27,,,,,,,,,,,,,,,,,,,,,,,,,,30.56760581594999,10.81734142928827,10.807281744284708,0.006233035205084769,,,,,,8.0,75.6473014706471,206.34797068111232,,,,,,,,,,,snapshot_layer,32,phase2-selected,,,,,,,,,,,,,,,,
,,,I_shuffle,,,,,,,117.90636444091797,41.73473358154297,41.68618392944336,0.03125978261232376,8.0,,,,110.89824388847977,0.999900191533761,39.20845907242572,39.20845113035108,5.621414223495493e-06,8.0,8.0,two_level,short_slots,prompt_summary,4.0,structured_support_set,,,,,,87.04754388527792,,14.04901798435899,13.760835116026831,0.26712734240000363,8.0,,,,,2.0732300594204762,2.073222969399124,2.0732174740463005,0.9999999775261176,,4.0,8.0,0.5,snapshot_aggregate,32,phase2-selected,,6.0,96.1131820678711,39.239471435546875,39.238033294677734,0.0016339044086635113,,,117.90636444091797,,,,41.73473358154297,41.68618392944336,0.03125978261232376,
,,,I_shuffle,,0,,,,,,,,,,,,,,,,,,,,,,,,,,39.46047473344647,13.957164076508068,13.951438856906579,0.003975404636384767,,,,,,8.0,3118.3136566662397,17.566849755459145,,,,,,,,,,,snapshot_layer,32,phase2-selected,,,,,,,,,,,,,,,,
,,,I_shuffle,,7,,,,,,,,,,,,,,,,,,,,,,,,,,37.95730715892354,13.425533966939957,13.420034142791248,0.003834314316083662,,,,,,8.0,147.151475750032,33.282113247230406,,,,,,,,,,,snapshot_layer,32,phase2-selected,,,,,,,,,,,,,,,,
,,,I_shuffle,,14,,,,,,,,,,,,,,,,,,,,,,,,,,39.41346534353788,13.940733534390809,13.934840984031803,0.004014324255623534,,,,,,8.0,80.99609762723328,60.5126081998231,,,,,,,,,,,snapshot_layer,32,phase2-selected,,,,,,,,,,,,,,,,
,,,I_shuffle,,21,,,,,,,,,,,,,,,,,,,,,,,,,,39.721243811435386,14.04901798435899,14.043565046591837,0.003946801849839384,,,,,,8.0,58.6502049555544,74.09573626909099,,,,,,,,,,,snapshot_layer,32,phase2-selected,,,,,,,,,,,,,,,,
,,,I_shuffle,,27,,,,,,,,,,,,,,,,,,,,,,,,,,38.054073646420335,13.458971930331872,13.454296096426543,0.0037728024409992285,,,,,,8.0,69.83086395263672,198.04709462650487,,,,,,,,,,,snapshot_layer,32,phase2-selected,,,,,,,,,,,,,,,,
,,,I_zero,,,,,,,0.0,0.0,0.0,0.0,8.0,,,,0.0,0.0,0.0,0.0,0.0,8.0,8.0,two_level,short_slots,prompt_summary,4.0,pooled_block,,,,,,1.0339651107788086,,0.19069373607635498,0.16221855580806732,0.020303837954998016,8.0,,,,,1.473654492656351e-06,1.473654492656351e-06,1.473654492656351e-06,0.0,,4.0,8.0,0.0,snapshot_aggregate,32,phase2-selected,,0.0,0.0,0.0,0.0,0.0,,,0.0,,,,0.0,0.0,0.0,
,,,I_zero,,0,,,,,,,,,,,,,,,,,,,,,,,,,,0.3658159077167511,0.1293383687734604,0.1293383687734604,0.0,,,,,,8.0,3114.328125,28.998764038085938,,,,,,,,,,,snapshot_layer,32,phase2-selected,,,,,,,,,,,,,,,,
,,,I_zero,,7,,,,,,,,,,,,,,,,,,,,,,,,,,0.47687867283821106,0.16861988604068756,0.16861988604068756,0.0,,,,,,8.0,157.56387329101562,73.55593872070312,,,,,,,,,,,snapshot_layer,32,phase2-selected,,,,,,,,,,,,,,,,
,,,I_zero,,14,,,,,,,,,,,,,,,,,,,,,,,,,,0.43352773785591125,0.15327315032482147,0.15327315032482147,0.0,,,,,,8.0,160.98196411132812,125.93059539794922,,,,,,,,,,,snapshot_layer,32,phase2-selected,,,,,,,,,,,,,,,,
,,,I_zero,,21,,,,,,,,,,,,,,,,,,,,,,,,,,0.4784393608570099,0.16916759312152863,0.16916760802268982,1.4901161193847656e-08,,,,,,8.0,91.95962524414062,117.7429428100586,,,,,,,,,,,snapshot_layer,32,phase2-selected,,,,,,,,,,,,,,,,
,,,I_zero,,27,,,,,,,,,,,,,,,,,,,,,,,,,,0.5393219590187073,0.19069373607635498,0.19069373607635498,0.0,,,,,,8.0,126.75918579101562,214.1256866455078,,,,,,,,,,,snapshot_layer,32,phase2-selected,,,,,,,,,,,,,,,,
False,0.0,off,I_real,0.6833908296900616,,0.07566449791193008,0.9968100786209106,0.0,1.6125820875167847,117.83794403076172,41.72639846801758,41.661991119384766,0.04344245046377182,8.0,0.9990811347961426,0.0,1.3464529514312744,110.85061645507812,0.9995404481887817,39.19161605834961,39.19161605834961,3.303624680484063e-06,8.0,8.0,two_level,short_slots,prompt_summary,4.0,structured_support_set,full,,,,,13.377727508544922,23.403251119376456,,,,8.0,,,0.9999999403953552,0.0,2.0793280601501465,2.0793261528015137,2.0793256759643555,0.9999999403953552,0.5581394854481749,4.0,8.0,0.625,train_event,1,phase2-selected,8.737821172972722e-05,5.0,87.72718811035156,39.23492431640625,39.2327880859375,0.0014123893342912197,49.73720932006836,0.3557791209231982,117.83794403076172,1.1496536656343753e-17,0.05,2.319970190001186e-05,41.72639846801758,41.661991119384766,0.04344245046377182,0.015205857396466266
False,0.0,off,I_real,0.034848718445938315,,0.0006161149358376861,0.9968101382255554,0.0,1.6125768423080444,117.83832550048828,41.72659683227539,41.66211700439453,0.04345311224460602,8.0,0.999070942401886,0.0,1.3481947183609009,110.85343170166016,0.999535322189331,39.19261169433594,39.19260025024414,6.607249360968126e-06,8.0,8.0,two_level,short_slots,prompt_summary,4.0,structured_support_set,full,,,,,29.91796875,0.07925571113095674,,,,8.0,,,1.0,0.0,2.0792465209960938,2.079245090484619,2.079244613647461,1.0,0.02816600004227946,4.0,8.0,0.75,train_event,2,phase2-selected,0.00023235896274940255,5.0,87.72740173339844,39.23383712768555,39.232887268066406,0.0009908172069117427,0.09104633331298828,0.0003966030977676833,117.83832550048828,9.42142031057358e-10,0.05,4.446310049388558e-05,41.72659683227539,41.66211700439453,0.04345311224460602,0.007935857890137807
False,0.0,off,I_real,0.024303319851782374,,0.00039896785165183246,0.996810257434845,0.0,1.612573504447937,117.83869934082031,41.726802825927734,41.66225051879883,0.043467193841934204,8.0,0.9990184307098389,0.0,1.3569824695587158,110.85782623291016,0.9995091557502747,39.19417190551758,39.19416809082031,4.2649612623790745e-06,8.0,8.0,two_level,short_slots,prompt_summary,4.0,structured_support_set,full,,,,,41.05129623413086,0.04984062765674373,,,,8.0,,,1.0,0.0,2.079190254211426,2.0791890621185303,2.079188585281372,1.0,0.019002217904454208,4.0,8.0,0.625,train_event,3,phase2-selected,0.0015243535639402493,5.0,87.72834014892578,39.23439025878906,39.233314514160156,0.0007396952714771032,0.05863639712333679,0.00028245095920151624,117.83869934082031,3.3359206508265515e-09,0.05,5.902296106796712e-05,41.726802825927734,41.66225051879883,0.043467193841934204,0.036251640641152605
False,0.0,off,I_real,0.0033687309579579013,,8.517278911313042e-05,0.9968101382255554,0.0,1.6125719547271729,117.83880615234375,41.726905822753906,41.66229248046875,0.04346811771392822,8.0,0.9994669556617737,0.0,1.2707891464233398,110.86151885986328,0.9997335076332092,39.195472717285156,39.195465087890625,4.046097274112981e-06,8.0,8.0,two_level,short_slots,prompt_summary,4.0,structured_support_set,full,,,,,43.21142578125,0.007880739198428556,,,,8.0,,,1.0,0.0,2.078596591949463,2.0785953998565674,2.078594446182251,1.0,0.0026216234332188735,4.0,8.0,0.5,train_event,4,phase2-selected,0.0010763489011784517,5.0,87.72810363769531,39.23368453979492,39.23320007324219,0.0005342510412447155,0.009027007035911083,3.2128679635457424e-05,117.83880615234375,5.926698243285955e-09,0.05,7.02844699844718e-05,41.726905822753906,41.66229248046875,0.04346811771392822,0.14065654920225543
False,0.0,off,I_real,0.004025442622791653,,0.00016855205467436463,0.9968101978302002,0.0,1.612570881843567,117.83889770507812,41.726993560791016,41.66231918334961,0.04347130283713341,8.0,0.9993001818656921,0.0,1.3062485456466675,110.86483764648438,0.9996500611305237,39.19663619995117,39.19662857055664,3.814697265625e-06,8.0,8.0,two_level,short_slots,prompt_summary,4.0,structured_support_set,full,,,,,50.60462188720703,0.016436597001330665,,,,8.0,,,0.9999998807907104,0.0,2.0787100791931152,2.078709602355957,2.0787086486816406,0.9999998807907104,0.00305494655003711,4.0,8.0,0.5,train_event,5,phase2-selected,0.00247101947268463,5.0,87.72808074951172,39.23469543457031,39.233192443847656,0.0011385257821530104,0.017372580245137215,4.4401694310669285e-05,117.83889770507812,8.410126817182118e-09,0.05,7.897346949903294e-05,41.726993560791016,41.66231918334961,0.04347130283713341,0.15303783178425903
False,0.0,off,I_real,0.005204568262678897,,0.000181837152922526,0.996810257434845,0.0,1.612570881843567,117.8388900756836,41.727046966552734,41.66232681274414,0.04347788915038109,8.0,0.9995105266571045,0.0,1.2606010437011719,110.86786651611328,0.9997552037239075,39.197715759277344,39.19771194458008,4.862803962168982e-06,8.0,8.0,two_level,short_slots,prompt_summary,4.0,structured_support_set,full,,,,,54.25136184692383,0.01264107655283552,,,,8.0,,,0.9999999403953552,0.0,2.0781664848327637,2.0781657695770264,2.078165054321289,0.9999999403953552,0.0036774867316186183,4.0,8.0,0.5,train_event,6,phase2-selected,0.0014518706387367753,5.0,87.72862243652344,39.23493194580078,39.233428955078125,0.0008985778549686074,0.014230892062187195,4.6025614029571465e-05,117.8388900756836,1.0561154617505508e-08,0.05,8.506251469952986e-05,41.727046966552734,41.66232681274414,0.04347788915038109,0.11849435817476746
False,0.0,off,I_real,0.0010771191181747472,,4.0011647797655314e-05,0.996810257434845,0.0,1.6125725507736206,117.83881378173828,41.727054595947266,41.66228485107422,0.04348623380064964,8.0,0.9994839429855347,0.0,1.2668554782867432,110.87010955810547,0.9997420310974121,39.198516845703125,39.19850540161133,6.031566044839565e-06,8.0,8.0,two_level,short_slots,prompt_summary,4.0,structured_support_set,full,,,,,56.24876403808594,0.0026135831529523383,,,,8.0,,,1.0,0.0,2.078286647796631,2.0782856941223145,2.078284978866577,1.0,0.000739352025775723,4.0,8.0,0.5,train_event,7,phase2-selected,0.0006542501384354775,5.0,87.72911834716797,39.23552703857422,39.2336540222168,0.0010071942815557122,0.0029943243134766817,1.7037609784915965e-05,117.83881378173828,1.2203242860664432e-08,0.05,8.873258775565773e-05,41.727054595947266,41.66228485107422,0.04348623380064964,0.2568457588434092
False,0.0,off,I_real,0.0005737045545339405,,3.334828215884045e-05,0.9968101978302002,0.0,1.612573266029358,117.83871459960938,41.7270622253418,41.66225814819336,0.04349140822887421,8.0,0.9994821548461914,0.0,1.2672924995422363,110.87213134765625,0.9997410774230957,39.19921875,39.19921112060547,6.468133960879641e-06,8.0,8.0,two_level,short_slots,prompt_summary,4.0,structured_support_set,full,,,,,58.830406188964844,0.0029536461245583847,,,,8.0,,,1.0,0.0,2.078190803527832,2.0781898498535156,2.0781893730163574,1.0,0.0004003667107080509,4.0,8.0,0.5,train_event,8,phase2-selected,0.0031724275677047593,5.0,87.7298812866211,39.236331939697266,39.23399353027344,0.0014070846373215318,0.0043906704522669315,1.533198730356926e-05,117.83871459960938,1.3222040351479336e-08,0.05,9.026988118421286e-05,41.7270622253418,41.66225814819336,0.04349140822887421,1.079262518452493
False,0.0,off,I_real,0.0011725379050335249,,6.691148155368865e-05,0.9968101382255554,0.0,1.6125762462615967,117.83859252929688,41.727046966552734,41.66221237182617,0.04349977523088455,8.0,0.9995920062065125,0.0,1.2400237321853638,110.87393951416016,0.9997960329055786,39.19986343383789,39.199859619140625,5.223489552008687e-06,8.0,8.0,two_level,short_slots,prompt_summary,4.0,structured_support_set,full,,,,,58.83427047729492,0.0044814940375479785,,,,8.0,,,0.9999999403953552,0.0,2.077690362930298,2.0776891708374023,2.077688455581665,0.9999999403953552,0.000814404727479064,4.0,8.0,0.5,train_event,9,phase2-selected,0.00095179634798767,5.0,87.73160552978516,39.235538482666016,39.234764099121094,0.0006159572512842715,0.004798757843673229,1.6610830281485107e-05,117.83859252929688,1.361743162675566e-08,0.05,8.995782991405576e-05,41.727046966552734,41.66221237182617,0.04349977523088455,0.216090252526368
False,0.0,off,I_real,0.0002089848788777341,,3.350998667883687e-05,0.9968100190162659,0.0,1.6125777959823608,117.8385009765625,41.72705078125,41.66218185424805,0.043503135442733765,8.0,0.9995646476745605,0.0,1.247164011001587,110.87516021728516,0.9997823238372803,39.200294494628906,39.200286865234375,4.672031082009198e-06,8.0,8.0,two_level,short_slots,prompt_summary,4.0,structured_support_set,full,,,,,61.09502029418945,0.0010362229995087083,,,,8.0,,,1.0,0.0,2.0778350830078125,2.077833890914917,2.0778331756591797,1.0,0.0001418574382400695,4.0,8.0,0.5,train_event,10,phase2-selected,0.0016191466211200793,5.0,87.7298812866211,39.23519515991211,39.2339973449707,0.0013105724938213825,0.0019389103399589658,1.34688912872037e-05,117.8385009765625,1.3453369973603913e-08,0.05,8.79608778632246e-05,41.72705078125,41.66218185424805,0.043503135442733765,1.575544562494111
False,0.0,off,I_real,0.00024740173624629235,,2.1445775928441435e-05,0.996810257434845,0.0,1.6125801801681519,117.83837127685547,41.72703552246094,41.662139892578125,0.04351171478629112,8.0,0.9995389580726624,0.0,1.2536425590515137,110.87619018554688,0.9997694492340088,39.20065689086914,39.200645446777344,8.203816832974553e-06,8.0,8.0,two_level,short_slots,prompt_summary,4.0,structured_support_set,full,,,,,62.69165802001953,0.0007471667652775019,,,,8.0,,,1.0,0.0,2.077895164489746,2.0778937339782715,2.0778932571411133,1.0,0.000161732371618299,4.0,8.0,0.5,train_event,11,phase2-selected,0.0007381868470969189,5.0,87.7309799194336,39.23716735839844,39.23448944091797,0.0018800251418724656,0.001091193058528006,1.2626813873252262e-05,117.83837127685547,1.279475281279474e-08,0.05,8.449781307717785e-05,41.72703552246094,41.662139892578125,0.04351171478629112,1.0048809661539413
False,0.0,off,I_real,0.00038899628286854707,,2.3425558538292535e-05,0.9968100190162659,0.0,1.6125825643539429,117.83833312988281,41.72703552246094,41.66211700439453,0.04351338371634483,8.0,0.9996568560600281,0.0,1.222077488899231,110.87825775146484,0.9998283982276917,39.201385498046875,39.201377868652344,5.878843239770504e-06,8.0,8.0,two_level,short_slots,prompt_summary,4.0,structured_support_set,full,,,,,63.11695098876953,0.0012846447205611992,,,,8.0,,,1.0,0.0,2.077120304107666,2.0771188735961914,2.077118158340454,1.0,0.0002543175831433422,4.0,8.0,0.5,train_event,12,phase2-selected,0.0006083047106701271,5.0,87.73078918457031,39.23594284057617,39.23439407348633,0.0016229652101173997,0.0014954868238419294,1.175849260492639e-05,117.83833312988281,1.1743939154484906e-08,0.05,7.977172208484262e-05,41.72703552246094,41.66211700439453,0.04351338371634483,0.4826729081984456
False,0.0,off,I_real,0.0012213167744126777,,5.3848187235416844e-05,0.9968100190162659,0.0,1.6125857830047607,117.83821868896484,41.727027893066406,41.662078857421875,0.04351925477385521,8.0,0.9995201826095581,0.0,1.2582558393478394,110.87862396240234,0.9997600317001343,39.201534271240234,39.201515197753906,9.24621599551756e-06,8.0,8.0,two_level,short_slots,prompt_summary,4.0,structured_support_set,full,,,,,64.95257568359375,0.0034678376859603667,,,,8.0,,,1.0,0.0,2.077908515930176,2.077906847000122,2.0779061317443848,1.0,0.0007858140763094773,4.0,8.0,0.5,train_event,13,phase2-selected,0.0036858599796200896,5.0,87.73310089111328,39.237422943115234,39.235435485839844,0.0014999271370470524,0.005265052895992994,1.4220619483536843e-05,117.83821868896484,1.0411421946798782e-08,0.05,7.39263923605904e-05,41.727027893066406,41.662078857421875,0.04351925477385521,1.0669705257784992
False,0.0,off,I_real,0.0003349631735727028,,3.089973688474856e-05,0.9968100190162659,0.0,1.6125880479812622,117.8381576538086,41.72702407836914,41.66205978393555,0.04352157935500145,8.0,0.9995858669281006,0.0,1.2416476011276245,110.87980651855469,0.9997929334640503,39.20194625854492,39.201927185058594,1.0619667591527104e-05,8.0,8.0,two_level,short_slots,prompt_summary,4.0,structured_support_set,full,,,,,64.56456756591797,0.000961651884419859,,,,8.0,,,0.9999999403953552,0.0,2.07747745513916,2.0774760246276855,2.077475070953369,0.9999999403953552,0.00021267595943143621,4.0,8.0,0.5,train_event,14,phase2-selected,0.0008608925729270368,5.0,87.73108673095703,39.23656463623047,39.23453903198242,0.001138558960519731,0.0013503439258784056,9.32989996430726e-06,117.8381576538086,8.898395797984904e-09,0.05,6.723868864355609e-05,41.72702407836914,41.66205978393555,0.04352157935500145,0.9049246270820006
False,0.0,off,I_real,2.7780080829393995e-05,,3.462554013822228e-05,0.9968100190162659,0.0,1.6125915050506592,117.83808898925781,41.72701644897461,41.66202926635742,0.04352415353059769,8.0,0.9996612071990967,0.0,1.2207608222961426,110.88123321533203,0.9998306035995483,39.20244598388672,39.20244216918945,5.046370006311918e-06,8.0,8.0,two_level,short_slots,prompt_summary,4.0,structured_support_set,full,,,,,64.72611236572266,0.00014104983199353605,,,,8.0,,,1.0,0.0,2.0770230293273926,2.0770211219787598,2.0770204067230225,1.0,1.7880346679235366e-05,4.0,8.0,0.5,train_event,15,phase2-selected,0.0011990245701627518,5.0,87.72946166992188,39.235130310058594,39.233802795410156,0.0013252128846943378,0.0012077686842530966,7.675783587504097e-06,117.83808898925781,7.327560780368003e-09,0.05,5.989942656015046e-05,41.72701644897461,41.66202926635742,0.04352415353059769,8.555134995166501
False,0.0,off,I_real,6.982762893250381e-05,,1.6767669876571745e-05,0.9968100190162659,0.0,1.6125946044921875,117.8379898071289,41.72699737548828,41.66199493408203,0.04352857172489166,8.0,0.999636173248291,0.0,1.2279691696166992,110.88145446777344,0.9998180866241455,39.20252227783203,39.202510833740234,6.743495760019869e-06,8.0,8.0,two_level,short_slots,prompt_summary,4.0,structured_support_set,full,,,,,65.0171890258789,0.00021632844568906663,,,,8.0,,,1.0,0.0,2.0771844387054443,2.0771825313568115,2.077181816101074,1.0,4.4128166686684415e-05,4.0,8.0,0.5,train_event,16,phase2-selected,0.001606812939289459,5.0,87.73162841796875,39.236839294433594,39.23477554321289,0.001349651487544179,0.0016234247013926506,6.21123071930145e-06,117.8379898071289,5.791813695310566e-09,0.05,5.209917071624659e-05,41.72699737548828,41.66199493408203,0.04352857172489166,7.456366474925787
False,0.0,off,I_real,9.205389228736507e-05,,2.6106450604856946e-05,0.9968098402023315,0.0,1.612597942352295,117.83794403076172,41.72699737548828,41.661983489990234,0.04353053867816925,8.0,0.9996289014816284,0.0,1.2300316095352173,110.88199615478516,0.9998143911361694,39.20271682739258,39.20270538330078,7.136645308492007e-06,8.0,8.0,two_level,short_slots,prompt_summary,4.0,structured_support_set,full,,,,,65.40983581542969,0.0003758669244223936,,,,8.0,,,1.0,0.0,2.077183723449707,2.077181816101074,2.077181339263916,1.0,6.02083366062237e-05,4.0,8.0,0.5,train_event,17,phase2-selected,0.0011234237014079629,5.0,87.72998046875,39.23502731323242,39.234031677246094,0.0009443298331461847,0.0011897460790351033,6.319764185875963e-06,117.83794403076172,4.3691743556451e-09,0.05,4.40158873971086e-05,41.72699737548828,41.661983489990234,0.04353053867816925,3.0057006674102826
False,0.0,off,I_real,0.00018674691258830238,,2.667797525646165e-05,0.9968098402023315,0.0,1.6126008033752441,117.83785247802734,41.72697830200195,41.66195297241211,0.04353254660964012,8.0,0.9997155666351318,0.0,1.204086422920227,110.88339233398438,0.9998577833175659,39.20321273803711,39.20320510864258,5.046370006311918e-06,8.0,8.0,two_level,short_slots,prompt_summary,4.0,structured_support_set,full,,,,,64.89136505126953,0.0007639393694713473,,,,8.0,,,1.0,0.0,2.0760035514831543,2.076000928878784,2.0759997367858887,1.0,0.00011990953102568533,4.0,8.0,0.5,train_event,18,phase2-selected,0.0008797594339225648,5.0,87.73229217529297,39.23588562011719,39.235076904296875,0.0007467030081897974,0.0011861171806231141,6.433885538916287e-06,117.83785247802734,3.117389235640644e-09,0.05,3.582046338124201e-05,41.72697830200195,41.66195297241211,0.04353254660964012,1.1600309590991946
False,0.0,off,I_real,9.460490224970875e-05,,1.894721390272025e-05,0.9968098402023315,0.0,1.612604022026062,117.83778381347656,41.72696304321289,41.66192626953125,0.04353613033890724,8.0,0.9995938539505005,0.0,1.2395472526550293,110.88298034667969,0.9997969269752502,39.20306396484375,39.203060150146484,5.878843239770504e-06,8.0,8.0,two_level,short_slots,prompt_summary,4.0,structured_support_set,full,,,,,66.53978729248047,0.0004378695376443928,,,,8.0,,,1.0,0.0,2.077275276184082,2.077273368835449,2.0772721767425537,1.0,5.909724069662292e-05,4.0,8.0,0.5,train_event,19,phase2-selected,0.0005238235742647365,5.0,87.73187255859375,39.23762512207031,39.234886169433594,0.0018797998782247305,0.0006918127182871103,6.439574612487047e-06,117.83778381347656,2.0755519525295085e-09,0.05,2.7677113394020125e-05,41.72696304321289,41.66192626953125,0.04353613033890724,1.2110071683220551
False,0.0,off,I_real,1.0272849771551881e-05,,1.6145173503900878e-05,0.996809720993042,0.0,1.6126071214675903,117.83776092529297,41.72696304321289,41.66191482543945,0.043537918478250504,8.0,0.9996679425239563,0.0,1.2188042402267456,110.88391876220703,0.9998339414596558,39.20339584350586,39.20338439941406,8.203816832974553e-06,8.0,8.0,two_level,short_slots,prompt_summary,4.0,structured_support_set,full,,,,,67.36248016357422,6.197737757556758e-05,,,,8.0,,,1.0,0.0,2.07692813873291,2.0769259929656982,2.0769248008728027,1.0,6.5510557886213884e-06,4.0,8.0,0.5,train_event,20,phase2-selected,0.000488643143241289,5.0,87.72981262207031,39.235130310058594,39.23396301269531,0.0009256093762814999,0.000492751132696867,6.473053978553601e-06,117.83776092529297,1.263804394469048e-09,0.05,1.97327808564296e-05,41.72696304321289,41.66191482543945,0.043537918478250504,7.9886600012425335
False,0.0,off,I_real,2.172884820733747e-05,,3.517809818731621e-05,0.9968096017837524,0.0,1.6126103401184082,117.83765411376953,41.72694396972656,41.66188430786133,0.04354066029191017,8.0,0.9997003078460693,0.0,1.2089426517486572,110.88470458984375,0.9998501539230347,39.203670501708984,39.20365905761719,7.38712969905464e-06,8.0,8.0,two_level,short_slots,prompt_summary,4.0,structured_support_set,full,,,,,66.67247009277344,0.00010472502928564202,,,,8.0,,,1.0,0.0,2.076324224472046,2.076321840286255,2.0763208866119385,1.0,1.3415511096924102e-05,4.0,8.0,0.5,train_event,21,phase2-selected,0.0012322051862721263,5.0,87.73255157470703,39.236541748046875,39.23519515991211,0.0016956927720457315,0.0012369282776489854,6.524567812170872e-06,117.83765411376953,6.840458199874888e-10,0.05,1.2124935892643407e-05,41.72694396972656,41.66188430786133,0.04354066029191017,11.828402078605379
False,0.0,off,I_real,2.5349540684580273e-05,,1.99234600586351e-05,0.996809720993042,0.0,1.6126127243041992,117.83760833740234,41.726924896240234,41.66185760498047,0.04354390874505043,8.0,0.9996339082717896,0.0,1.2286404371261597,110.88426208496094,0.9998169541358948,39.20352554321289,39.203514099121094,7.979011570569128e-06,8.0,8.0,two_level,short_slots,prompt_summary,4.0,structured_support_set,full,,,,,67.4722671508789,0.00023355513611945938,,,,8.0,,,0.9999998807907104,0.0,2.077092170715332,2.07709002494812,2.0770888328552246,0.9999998807907104,1.5691783840977463e-05,4.0,8.0,0.5,train_event,22,phase2-selected,0.0004928011227249717,5.0,87.73369598388672,39.23735046386719,39.23569869995117,0.0008650636882521212,0.0005461987457238138,6.581001665842309e-06,117.83760833740234,3.234887635539252e-10,0.05,4.971892849425785e-06,41.726924896240234,41.66185760498047,0.04354390874505043,2.138176589425928
False,0.0,off,I_real,1.2818649477864654e-05,,1.4211543202691246e-05,0.996809720993042,0.0,1.612615704536438,117.83749389648438,41.726898193359375,41.661827087402344,0.04354657977819443,8.0,0.9997041821479797,0.0,1.2077388763427734,110.8852767944336,0.999852180480957,39.20387649536133,39.2038688659668,8.635888661956415e-06,8.0,8.0,two_level,short_slots,prompt_summary,4.0,structured_support_set,full,,,,,66.79830932617188,7.479371903455716e-05,,,,8.0,,,0.9999998807907104,0.0,2.076390266418457,2.076387405395508,2.0763864517211914,0.9999998807907104,7.89036785234199e-06,4.0,8.0,0.5,train_event,23,phase2-selected,0.000880985337040099,5.0,87.73273468017578,39.23558807373047,39.23527145385742,0.00032035281765274704,0.0008843075484037399,6.628282779252563e-06,117.83749389648438,1.56712157139971e-10,0.05,-1.6204951407416956e-06,41.726898193359375,41.661827087402344,0.04354657977819443,11.867488758103402
False,0.0,off,I_real,0.00013878348854792872,,1.1541245839907788e-05,0.9968096017837524,0.0,1.6126182079315186,117.83744049072266,41.72688293457031,41.66180419921875,0.04355018958449364,8.0,0.9997110962867737,0.0,1.2055745124816895,110.88569641113281,0.9998555779457092,39.20402145385742,39.204010009765625,7.509238912462024e-06,8.0,8.0,two_level,short_slots,prompt_summary,4.0,structured_support_set,full,,,,,68.1740493774414,0.00046254624059536485,,,,8.0,,,0.9999999403953552,0.0,2.076467752456665,2.076465606689453,2.0764644145965576,0.9999999403953552,8.319491884076858e-05,4.0,8.0,0.5,train_event,24,phase2-selected,0.0003219211937047336,5.0,87.7355728149414,39.2390251159668,39.236549377441406,0.0017636463744565845,0.0005863526021130383,6.698914062454348e-06,117.83744049072266,1.4972277584401894e-10,0.05,-7.570960406155791e-06,41.72688293457031,41.66180419921875,0.04355018958449364,0.7104589312934544
False,0.0,off,I_real,1.8073868253308034e-05,,2.01910861505894e-05,0.9968096613883972,0.0,1.6126205921173096,117.83738708496094,41.72686767578125,41.66178512573242,0.043551407754421234,8.0,0.9995707273483276,0.0,1.2455977201461792,110.88462829589844,0.999785304069519,39.203651428222656,39.203636169433594,1.0359554835304152e-05,8.0,8.0,two_level,short_slots,prompt_summary,4.0,structured_support_set,full,,,,,68.15308380126953,7.542040348411787e-05,,,,8.0,,,1.0,0.0,2.0775270462036133,2.0775251388549805,2.077524185180664,1.0,1.1031665039822035e-05,4.0,8.0,0.5,train_event,25,phase2-selected,0.000784770208094292,5.0,87.73538970947266,39.23760986328125,39.23645782470703,0.0011265712091699243,0.0007886989042162895,6.7198278126464506e-06,117.83738708496094,2.6326374413798703e-10,0.05,-1.2805817277694587e-05,41.72686767578125,41.66178512573242,0.043551407754421234,10.494375518338503
False,0.0,off,I_real,8.5400514825751e-05,,1.362265356874559e-05,0.9968096017837524,0.0,1.612622857093811,117.83734893798828,41.72685623168945,41.661766052246094,0.04355251044034958,8.0,0.9995388984680176,0.0,1.253645658493042,110.8850326538086,0.999769389629364,39.20379638671875,39.20378494262695,8.529922524758149e-06,8.0,8.0,two_level,short_slots,prompt_summary,4.0,structured_support_set,full,,,,,68.00205993652344,0.0004205577808632364,,,,8.0,,,1.0,0.0,2.077704906463623,2.0777029991149902,2.077702522277832,1.0,5.3494128356109575e-05,4.0,8.0,0.5,train_event,26,phase2-selected,0.0004663602995282997,5.0,87.73637390136719,39.237937927246094,39.23689651489258,0.0007533133612014353,0.0006360515835694969,6.782832810534113e-06,117.83734893798828,4.5636650014557745e-10,0.05,-1.7280166503041983e-05,41.72685623168945,41.661766052246094,0.04355251044034958,1.125037162236449
False,0.0,off,I_real,7.63309336691116e-06,,8.39952099340735e-06,0.9968096017837524,0.0,1.612623929977417,117.83732604980469,41.72685241699219,41.66175842285156,0.04355306178331375,8.0,0.9996893405914307,0.0,1.212360143661499,110.88678741455078,0.9998447299003601,39.20440673828125,39.20439529418945,8.422623068327084e-06,8.0,8.0,two_level,short_slots,prompt_summary,4.0,structured_support_set,full,,,,,67.51709747314453,3.938227554067189e-05,,,,8.0,,,1.0,0.0,2.076507568359375,2.076505184173584,2.0765042304992676,1.0,4.60784529357001e-06,4.0,8.0,0.5,train_event,27,phase2-selected,0.0004855838643446528,5.0,87.73605346679688,39.23728561401367,39.23674774169922,0.0004319039289839566,0.0004873072321061045,6.7969899520796485e-06,117.83732604980469,6.89805379483488e-10,0.05,-2.0954033971065655e-05,41.72685241699219,41.66175842285156,0.04355306178331375,12.502600409370151
False,0.0,off,I_real,6.824699891623025e-05,,1.0548278623900842e-05,0.9968096017837524,0.0,1.612625241279602,117.83724975585938,41.726837158203125,41.6617431640625,0.04355446621775627,8.0,0.9996457099914551,0.0,1.2252744436264038,110.8859634399414,0.9998227953910828,39.20411682128906,39.2041015625,9.631638022256084e-06,8.0,8.0,two_level,short_slots,prompt_summary,4.0,structured_support_set,full,,,,,68.50369262695312,0.00022635170265737924,,,,8.0,,,1.0,0.0,2.0769882202148438,2.076986312866211,2.0769853591918945,1.0,4.033336553969299e-05,4.0,8.0,0.5,train_event,28,phase2-selected,0.0003619467709046791,5.0,87.73851013183594,39.24032974243164,39.23784637451172,0.0018368818564340472,0.00043424832983873785,6.82827755079758e-06,117.83724975585938,9.278879886664981e-10,0.05,-2.3816912289476022e-05,41.726837158203125,41.6617431640625,0.04355446621775627,1.6292126108442786
False,0.0,off,I_real,2.0740402761813658e-05,,2.7368720111553557e-05,0.9968094825744629,0.0,1.612626552581787,117.83724212646484,41.72684097290039,41.66173553466797,0.04355446621775627,8.0,0.9997040033340454,0.0,1.2077744007110596,110.88719177246094,0.9998520016670227,39.20454788208008,39.20453643798828,7.979011570569128e-06,8.0,8.0,two_level,short_slots,prompt_summary,4.0,structured_support_set,full,,,,,68.02011108398438,8.88687024041536e-05,,,,8.0,,,0.9999998807907104,0.0,2.076117515563965,2.076115131378174,2.0761139392852783,0.9999998807907104,1.258060375017519e-05,4.0,8.0,0.5,train_event,29,phase2-selected,0.0009850685199834113,5.0,87.7363052368164,39.23843765258789,39.23686218261719,0.0016741636209189892,0.00098939030431211,6.855623704075784e-06,117.83724212646484,1.141523875425321e-09,0.05,-2.5873230697470717e-05,41.72684097290039,41.66173553466797,0.04355446621775627,11.161681411487853
False,0.0,off,I_real,0.0004734265072287611,,5.467698792926967e-05,0.9968096017837524,0.0,1.6126270294189453,117.83724212646484,41.726829528808594,41.66172790527344,0.04355435073375702,8.0,0.9996970295906067,0.0,1.2099496126174927,110.88687133789062,0.9998485445976257,39.20443344116211,39.20442199707031,7.262967301358003e-06,8.0,8.0,two_level,short_slots,prompt_summary,4.0,structured_support_set,full,,,,,67.24710083007812,0.0024422288208404263,,,,8.0,,,1.0,0.0,2.076425075531006,2.076422929763794,2.0764222145080566,1.0,0.0003015470220081187,4.0,8.0,0.5,train_event,30,phase2-selected,0.002370294906511122,5.0,87.73792266845703,39.24004364013672,39.237586975097656,0.0016053204890340567,0.003449333133175969,7.490578953067533e-06,117.83724212646484,1.3090739603427437e-09,0.05,-2.71114768111147e-05,41.726829528808594,41.66172790527344,0.04355435073375702,0.973612900303887
False,0.0,off,I_real,0.00019967184764988228,,2.3533151761512272e-05,0.9968096017837524,0.0,1.6126275062561035,117.8371810913086,41.7268180847168,41.66171646118164,0.04355539754033089,8.0,0.9997544884681702,0.0,1.191085696220398,110.88778686523438,0.9998772740364075,39.20476150512695,39.204750061035156,6.8770432335441e-06,8.0,8.0,two_level,short_slots,prompt_summary,4.0,structured_support_set,full,,,,,67.51717376708984,0.0006456409796147005,,,,8.0,,,1.0,0.0,2.074995517730713,2.0749926567077637,2.074991226196289,1.0,0.0001218942538256061,4.0,8.0,0.5,train_event,31,phase2-selected,0.00042618522530586824,5.0,87.73839569091797,39.23881149291992,39.2378044128418,0.0008266247459687293,0.0008082457934506238,6.935185714820467e-06,117.8371810913086,1.414037553715275e-09,0.05,-2.7603171474765986e-05,41.7268180847168,41.66171646118164,0.04355539754033089,0.6708378567902586
False,0.0,off,I_real,3.169148074751699e-05,,1.791067188605666e-05,0.9968096017837524,0.0,1.6126285791397095,117.837158203125,41.726810455322266,41.661705017089844,0.04355689138174057,8.0,0.9996973872184753,0.0,1.2098188400268555,110.88741302490234,0.9998486638069153,39.20463943481445,39.20462417602539,8.740569683141075e-06,8.0,8.0,two_level,short_slots,prompt_summary,4.0,structured_support_set,full,,,,,68.73102569580078,0.0001197980518952307,,,,8.0,,,1.0,0.0,2.0764899253845215,2.0764870643615723,2.0764856338500977,1.0,1.883694642547138e-05,4.0,8.0,0.5,train_event,32,phase2-selected,0.0012871273549117865,5.0,87.74002075195312,39.23978042602539,39.23853302001953,0.0006879582069814205,0.0012932344106957316,6.909691215631171e-06,117.837158203125,1.45332612611071e-09,0.05,-2.7398571546655148e-05,41.726810455322266,41.661705017089844,0.04355689138174057,10.801820444118047
False,0.0,off,I_shuffle,0.6132204503493864,,0.08855743706226349,0.9968119263648987,0.0,1.6124223470687866,117.8930435180664,41.72996520996094,41.68147277832031,0.031565092504024506,8.0,0.9990930557250977,0.0,1.3445130586624146,110.85061645507812,0.9995464086532593,39.19161605834961,39.19161605834961,5.394796517066425e-06,8.0,8.0,two_level,short_slots,prompt_summary,4.0,structured_support_set,full,,,,,14.417943954467773,40.310871081562006,,,,8.0,,,1.0,0.0,2.0793421268463135,2.079341411590576,2.079340934753418,1.0,0.4983492041905185,4.0,8.0,0.5,train_event,1,phase2-selected,5.7386528171733904e-05,5.0,87.72703552246094,39.234012603759766,39.23271942138672,0.001313304528594017,65.7776107788086,0.42133025882149844,117.8930435180664,4.6203016838374165e-17,0.05,1.0665462468750775e-06,41.72996520996094,41.68147277832031,0.031565092504024506,0.010453449256828657
False,0.0,off,I_shuffle,0.5036602680498443,,0.053986962884664536,0.9968119263648987,0.0,1.6124157905578613,117.89480590820312,41.73061752319336,41.682098388671875,0.03155168890953064,8.0,0.9991293549537659,0.0,1.3382140398025513,110.85392761230469,0.9995646476745605,39.192787170410156,39.192779541015625,6.325959930109093e-06,8.0,8.0,two_level,short_slots,prompt_summary,4.0,structured_support_set,full,,,,,31.660940170288086,11.352967880271802,,,,8.0,,,1.0,0.0,2.0792477130889893,2.0792465209960938,2.0792455673217773,1.0,0.3974876727721748,4.0,8.0,0.625,train_event,2,phase2-selected,0.0005706036536879404,5.0,87.7259521484375,39.23351287841797,39.23224639892578,0.001034594839438796,14.801626205444336,0.07863718982322183,117.89480590820312,7.350187680721376e-10,0.05,-7.906546670710668e-06,41.73061752319336,41.682098388671875,0.03155168890953064,0.006976835864615646
False,0.0,off,I_shuffle,0.36926023695754007,,0.02477271854877472,0.9968120455741882,0.0,1.6124106645584106,117.89588165283203,41.73099899291992,41.68247985839844,0.031526271253824234,8.0,0.9990878105163574,0.0,1.345443844795227,110.85774230957031,0.9995437860488892,39.19413757324219,39.194129943847656,6.468133960879641e-06,8.0,8.0,two_level,short_slots,prompt_summary,4.0,structured_support_set,full,,,,,46.514347076416016,3.4205770312343278,,,,8.0,,,1.0,0.0,2.079023838043213,2.079022169113159,2.0790212154388428,1.0,0.2866377672062828,4.0,8.0,0.625,train_event,3,phase2-selected,0.0008247048830195793,5.0,87.72553253173828,39.23302459716797,39.23204803466797,0.0009909361833706498,3.869401454925537,0.01626741472500136,117.89588165283203,1.8298140780359518e-09,0.05,-1.386766780342441e-05,41.73099899291992,41.68247985839844,0.031526271253824234,0.004996852709922216
False,0.0,off,I_shuffle,0.3074790956277108,,0.018756305798888206,0.9968120455741882,0.0,1.612403392791748,117.89756774902344,41.7315673828125,41.683074951171875,0.031478237360715866,8.0,0.999496579170227,0.0,1.2639845609664917,110.86083984375,0.9997482895851135,39.19522476196289,39.195220947265625,4.046097274112981e-06,8.0,8.0,two_level,short_slots,prompt_summary,4.0,structured_support_set,full,,,,,52.31978988647461,1.880655513403438,,,,8.0,,,1.0,0.0,2.0780375003814697,2.0780341625213623,2.0780327320098877,1.0,0.22946330446402843,4.0,8.0,0.625,train_event,4,phase2-selected,0.0005274033161526745,5.0,87.72760009765625,39.23389434814453,39.23297882080078,0.001041178940795362,2.0365095138549805,0.005049415583008074,117.89756774902344,3.204245091481539e-09,0.05,-1.8519171135267243e-05,41.7315673828125,41.683074951171875,0.031478237360715866,0.0029653590779463554
False,0.0,off,I_shuffle,0.31987961399234216,,0.0037985616363584995,0.9968120455741882,0.0,1.6123961210250854,117.89921569824219,41.73213195800781,41.683658599853516,0.03143066167831421,8.0,0.9993329048156738,0.0,1.2997756004333496,110.8637924194336,0.9996663928031921,39.19627380371094,39.196266174316406,6.180515811138321e-06,8.0,8.0,two_level,short_slots,prompt_summary,4.0,structured_support_set,full,,,,,59.97846221923828,1.0187795268319424,,,,8.0,,,0.9999999403953552,0.0,2.0783286094665527,2.0783257484436035,2.078324794769287,0.9999999403953552,0.23539110685166822,4.0,8.0,0.625,train_event,5,phase2-selected,0.0004895848216314321,5.0,87.72869110107422,39.234291076660156,39.23346710205078,0.0007115938933566213,1.1100882291793823,0.0033450278817388776,117.89921569824219,4.721599111690011e-09,0.05,-2.4201877749874257e-05,41.73213195800781,41.683658599853516,0.03143066167831421,0.0037639279180399807
False,0.0,off,I_shuffle,0.13281967048468693,,0.005069643259048462,0.9968123435974121,0.0,1.6123899221420288,117.90066528320312,41.73263168334961,41.684165954589844,0.03139244392514229,8.0,0.9995323419570923,0.0,1.2553426027297974,110.86685180664062,0.9997661709785461,39.19735336303711,39.197349548339844,4.672031082009198e-06,8.0,8.0,two_level,short_slots,prompt_summary,4.0,structured_support_set,full,,,,,63.6649055480957,0.5063006669766422,,,,8.0,,,1.0,0.0,2.077603578567505,2.07759952545166,2.0775980949401855,1.0,0.09988957176541492,4.0,8.0,0.625,train_event,6,phase2-selected,0.00046936921978363966,5.0,87.72724151611328,39.23357009887695,39.232810974121094,0.0005884583224542439,0.5328797101974487,0.0010880251745237382,117.90066528320312,6.353642056922126e-09,0.05,-2.8758793632732704e-05,41.73263168334961,41.684165954589844,0.03139244392514229,0.003076026748310065
False,0.0,off,I_shuffle,0.023265703016305084,,0.0010629415046423674,0.9968123435974121,0.0,1.6123831272125244,117.90201568603516,41.73310089111328,41.68463897705078,0.0313585065305233,8.0,0.9995347857475281,0.0,1.2547346353530884,110.86975860595703,0.9997674226760864,39.198387145996094,39.19837951660156,6.031566044839565e-06,8.0,8.0,two_level,short_slots,prompt_summary,4.0,structured_support_set,full,,,,,70.11630249023438,0.11728492193632696,,,,8.0,,,1.0,0.0,2.077460765838623,2.0774574279785156,2.077455520629883,1.0,0.017039402014716338,4.0,8.0,0.625,train_event,7,phase2-selected,0.0008097051935545145,5.0,87.72949981689453,39.23458480834961,39.23382568359375,0.0004960192018188536,0.12078115344047546,0.00020654762731328922,117.90201568603516,7.981981298144092e-09,0.05,-3.2498850487172604e-05,41.73310089111328,41.68463897705078,0.0313585065305233,0.008664820712585026
False,0.0,off,I_shuffle,0.17840364277923795,,0.01861875131726265,0.9968124628067017,0.0,1.612378478050232,117.90303802490234,41.73346710205078,41.68500900268555,0.03133021667599678,8.0,0.9995534420013428,0.0,1.25010085105896,110.87242889404297,0.9997767210006714,39.199337005615234,39.19932556152344,7.136645308492007e-06,8.0,8.0,two_level,short_slots,prompt_summary,4.0,structured_support_set,full,,,,,73.76863861083984,4.5668786523822025,,,,8.0,,,1.0,0.0,2.0773749351501465,2.07737135887146,2.0773696899414062,1.0,0.12187420409546505,4.0,8.0,0.5,train_event,8,phase2-selected,0.0005504239762195532,5.0,87.7274169921875,39.234092712402344,39.2328987121582,0.0012378102401271462,4.677360534667969,0.0068635619568675555,117.90303802490234,9.516607946125077e-09,0.05,-3.673570608953014e-05,41.73346710205078,41.68500900268555,0.03133021667599678,0.0016234252095180548
False,0.0,off,I_shuffle,0.018643670787025682,,0.0014291891129687428,0.9968123435974121,0.0,1.612376093864441,117.90363311767578,41.733680725097656,41.68522262573242,0.0313149094581604,8.0,0.9996384382247925,0.0,1.22740638256073,110.8749771118164,0.999819278717041,39.200233459472656,39.200225830078125,4.862803962168982e-06,8.0,8.0,two_level,short_slots,prompt_summary,4.0,structured_support_set,full,,,,,74.01142883300781,0.16174880216214924,,,,8.0,,,0.9999998807907104,0.0,2.076357364654541,2.076353073120117,2.076350688934326,0.9999998807907104,0.012909215093123257,4.0,8.0,0.5,train_event,9,phase2-selected,0.002697476962277542,5.0,87.72940826416016,39.23580551147461,39.23378372192383,0.0015200312482193112,0.16335301101207733,0.0001323601525342715,117.90363311767578,1.1112011755187723e-08,0.05,-4.013097350252792e-05,41.733680725097656,41.68522262573242,0.0313149094581604,0.017495258555145096
False,0.0,off,I_shuffle,0.0005447116602689006,,3.131013363599777e-05,0.9968123435974121,0.0,1.6123729944229126,117.9041976928711,41.73387908935547,41.6854133605957,0.03130107745528221,8.0,0.999642014503479,0.0,1.2264189720153809,110.87738037109375,0.9998210072517395,39.201080322265625,39.201072692871094,6.468133960879641e-06,8.0,8.0,two_level,short_slots,prompt_summary,4.0,structured_support_set,full,,,,,77.77842712402344,0.004235889169576788,,,,8.0,,,1.0,0.0,2.076558828353882,2.076554298400879,2.0765511989593506,1.0,0.00036112399122349443,4.0,8.0,0.5,train_event,10,phase2-selected,0.0008279027436115825,5.0,87.72941589355469,39.23509979248047,39.233787536621094,0.001126759801991284,0.004365282598882914,1.9834788905192787e-05,117.9041976928711,1.2554605355319381e-08,0.05,-4.270099816494621e-05,41.73387908935547,41.6854133605957,0.03130107745528221,0.2001321324942677
False,0.0,off,I_shuffle,0.0010499504947404047,,0.00012242859520483762,0.9968124628067017,0.0,1.6123707294464111,117.90467071533203,41.73405456542969,41.685585021972656,0.03128964081406593,8.0,0.9996294975280762,0.0,1.2299443483352661,110.8789291381836,0.9998147487640381,39.20162582397461,39.201622009277344,4.672031082009198e-06,8.0,8.0,two_level,short_slots,prompt_summary,4.0,structured_support_set,full,,,,,78.97409057617188,0.010823323065546186,,,,8.0,,,1.0,0.0,2.0768370628356934,2.0768325328826904,2.076829671859741,1.0,0.0006793908307515047,4.0,8.0,0.5,train_event,11,phase2-selected,0.0006278258770519835,5.0,87.72989654541016,39.23548889160156,39.2340087890625,0.0009682961390353739,0.010913425125181675,2.0014282210844908e-05,117.90467071533203,1.3785126817822402e-08,0.05,-4.4582575355889276e-05,41.73405456542969,41.685585021972656,0.03128964081406593,0.05985593845249744
False,0.0,off,I_shuffle,0.0005977662646540305,,0.00010813546396093443,0.9968125224113464,0.0,1.612369179725647,117.90502166748047,41.73418045043945,41.685707092285156,0.03128023445606232,8.0,0.9997210502624512,0.0,1.202390432357788,110.88162994384766,0.9998605251312256,39.20258712768555,39.202579498291016,4.2649612623790745e-06,8.0,8.0,two_level,short_slots,prompt_summary,4.0,structured_support_set,full,,,,,80.30271911621094,0.011135142716288985,,,,8.0,,,1.0,0.0,2.075284004211426,2.0752782821655273,2.0752744674682617,1.0,0.00039429029612208973,4.0,8.0,0.5,train_event,12,phase2-selected,0.001987988778614823,5.0,87.73039245605469,39.235111236572266,39.234230041503906,0.0008767299586907029,0.011333867907524109,1.728792133035406e-05,117.90502166748047,1.4785054069932357e-08,0.05,-4.587276998790912e-05,41.73418045043945,41.685707092285156,0.03128023445606232,0.18008540627070438
False,0.0,off,I_shuffle,0.018828920071633594,,0.001549029489979148,0.9968125820159912,0.0,1.6123679876327515,117.90534973144531,41.73429870605469,41.685821533203125,0.031272076070308685,8.0,0.9996209144592285,0.0,1.2323389053344727,110.88298797607422,0.9998104572296143,39.203067779541016,39.203060150146484,6.743495760019869e-06,8.0,8.0,two_level,short_slots,prompt_summary,4.0,structured_support_set,full,,,,,81.27913665771484,0.46494325264124925,,,,8.0,,,1.0,0.0,2.076993942260742,2.07698917388916,2.076986312866211,1.0,0.011998306739785016,4.0,8.0,0.5,train_event,13,phase2-selected,0.002837345361522125,5.0,87.72874450683594,39.23501968383789,39.233482360839844,0.001865675556473434,0.46548768877983093,0.00014394571974371846,117.90534973144531,1.554535167258564e-08,0.05,-4.646941306418739e-05,41.73429870605469,41.685821533203125,0.031272076070308685,0.006412161192424511
False,0.0,off,I_shuffle,0.0004987051092305272,,3.8863981899339706e-05,0.9968125820159912,0.0,1.612365484237671,117.90560913085938,41.734397888183594,41.68592071533203,0.031265344470739365,8.0,0.9996735453605652,0.0,1.217195987701416,110.88460540771484,0.999836802482605,39.20363235473633,39.2036247253418,6.8770432335441e-06,8.0,8.0,two_level,short_slots,prompt_summary,4.0,structured_support_set,full,,,,,82.3980712890625,0.0033977366352071414,,,,8.0,,,1.0,0.0,2.076197624206543,2.076192855834961,2.0761899948120117,1.0,0.00031635032107896807,4.0,8.0,0.5,train_event,14,phase2-selected,0.0008690006442057873,5.0,87.73155212402344,39.23575210571289,39.234737396240234,0.0007907104445621371,0.0035565076395869255,1.3706452377195695e-05,117.90560913085938,1.6045827777588784e-08,0.05,-4.6643173845950514e-05,41.734397888183594,41.68592071533203,0.031265344470739365,0.25979267711229453
False,0.0,off,I_shuffle,0.00029001517284583424,,6.0315218433970585e-05,0.9968124628067017,0.0,1.6123639345169067,117.90583801269531,41.73448944091797,41.686004638671875,0.03125964105129242,8.0,0.9997406601905823,0.0,1.1958695650100708,110.88636779785156,0.9998704195022583,39.204261779785156,39.204254150390625,4.672031082009198e-06,8.0,8.0,two_level,short_slots,prompt_summary,4.0,structured_support_set,full,,,,,83.12168884277344,0.009529152425720807,,,,8.0,,,1.0,0.0,2.0748932361602783,2.074887752532959,2.074883460998535,1.0,0.00017842881521106814,4.0,8.0,0.5,train_event,15,phase2-selected,0.001114468429145355,5.0,87.73216247558594,39.23592758178711,39.23501968383789,0.0009601737838238478,0.009600149467587471,1.1428120715953187e-05,117.90583801269531,1.631719825923028e-08,0.05,-4.6446770284092054e-05,41.73448944091797,41.686004638671875,0.03125964105129242,0.11815285342926425
False,0.0,off,I_shuffle,9.916489688732796e-05,,6.725862476741895e-05,0.9968125820159912,0.0,1.6123632192611694,117.90606689453125,41.73456573486328,41.686073303222656,0.03125610575079918,8.0,0.9997209310531616,0.0,1.202419638633728,110.8873291015625,0.9998604655265808,39.20459747314453,39.204593658447266,4.862803962168982e-06,8.0,8.0,two_level,short_slots,prompt_summary,4.0,structured_support_set,full,,,,,83.859130859375,0.0015030625725270242,,,,8.0,,,0.9999999403953552,0.0,2.0752649307250977,2.0752596855163574,2.0752553939819336,0.9999999403953552,6.158410235774696e-05,4.0,8.0,0.5,train_event,16,phase2-selected,0.0031738783453549497,5.0,87.73262023925781,39.2371940612793,39.2352294921875,0.0016352615784853697,0.003513746429234743,9.192702286496516e-06,117.90606689453125,1.6373068234543098e-08,0.05,-4.5927070459583774e-05,41.73456573486328,41.686073303222656,0.03125610575079918,2.117723577063001
False,0.0,off,I_shuffle,0.0014388571705031882,,0.00012793901260010898,0.9968125820159912,0.0,1.6123619079589844,117.90621185302734,41.7346305847168,41.686134338378906,0.03125285357236862,8.0,0.999719500541687,0.0,1.2028977870941162,110.88874053955078,0.9998598098754883,39.20509719848633,39.20508575439453,7.38712969905464e-06,8.0,8.0,two_level,short_slots,prompt_summary,4.0,structured_support_set,full,,,,,83.65546417236328,0.013616913031102936,,,,8.0,,,1.0,0.0,2.0753698348999023,2.075364112854004,2.075360059738159,1.0,0.0008767543523779575,4.0,8.0,0.5,train_event,17,phase2-selected,0.000904114211872265,5.0,87.7295913696289,39.23557662963867,39.23386764526367,0.001311614760197699,0.013750525191426277,1.2947083749583918e-05,117.90621185302734,1.6231766153396165e-08,0.05,-4.5132084778742865e-05,41.7346305847168,41.686134338378906,0.03125285357236862,0.06734722425906316
False,0.0,off,I_shuffle,0.0011498445914743924,,7.863032806199044e-05,0.9968125820159912,0.0,1.6123608350753784,117.90635681152344,41.73468017578125,41.686180114746094,0.031250834465026855,8.0,0.9997862577438354,0.0,1.1796379089355469,110.88993835449219,0.9998931884765625,39.20551300048828,39.205509185791016,3.303624680484063e-06,8.0,8.0,two_level,short_slots,prompt_summary,4.0,structured_support_set,full,,,,,83.8124008178711,0.00861262576496521,,,,8.0,,,1.0,0.0,2.073335886001587,2.073329448699951,2.073324203491211,1.0,0.0007274464218608705,4.0,8.0,0.5,train_event,18,phase2-selected,0.0004923368880635072,5.0,87.73202514648438,39.2371711730957,39.234954833984375,0.0018044575117528439,0.008733336813747883,1.120251905415761e-05,117.90635681152344,1.5915297524315974e-08,0.05,-4.410422843648121e-05,41.73468017578125,41.686180114746094,0.031250834465026855,0.05846526028867792
False,0.0,off,I_shuffle,0.00038417493383452586,,5.819660145789385e-05,0.9968125820159912,0.0,1.6123597621917725,117.90645599365234,41.73472213745117,41.686214447021484,0.031248774379491806,8.0,0.9997121691703796,0.0,1.2052580118179321,110.89019012451172,0.9998561143875122,39.20561218261719,39.20560073852539,8.092194548225962e-06,8.0,8.0,two_level,short_slots,prompt_summary,4.0,structured_support_set,full,,,,,83.49359893798828,0.004377277735215341,,,,8.0,,,1.0,0.0,2.0757272243499756,2.0757222175598145,2.075718402862549,1.0,0.00022592740099936748,4.0,8.0,0.5,train_event,19,phase2-selected,0.0006728145216501499,5.0,87.73309326171875,39.236175537109375,39.235435485839844,0.0004606537113431841,0.0044510639272630215,9.833039384869817e-06,117.90645599365234,1.544422723043226e-08,0.05,-4.286082912585698e-05,41.73472213745117,41.686214447021484,0.031248774379491806,0.155952535417869
False,0.0,off,I_shuffle,9.446717108568104e-05,,2.8342727091512643e-05,0.9968125820159912,0.0,1.6123589277267456,117.90656280517578,41.7347526550293,41.686248779296875,0.031245078891515732,8.0,0.9997572898864746,0.0,1.1901535987854004,110.89193725585938,0.9998786449432373,39.206233978271484,39.20623016357422,5.878843239770504e-06,8.0,8.0,two_level,short_slots,prompt_summary,4.0,structured_support_set,full,,,,,85.60098266601562,0.0013697089489291946,,,,8.0,,,0.9999999403953552,0.0,2.07440185546875,2.074395179748535,2.074390411376953,0.9999999403953552,5.5373305173170845e-05,4.0,8.0,0.5,train_event,20,phase2-selected,0.0011837821080317753,5.0,87.73336029052734,39.23686599731445,39.23555374145508,0.00098767364397645,0.0018137048464268446,9.635891015164277e-06,117.90656280517578,1.4839063311455902e-08,0.05,-4.1432507714489475e-05,41.7347526550293,41.686248779296875,0.031245078891515732,0.8712931312742936
False,0.0,off,I_shuffle,0.00011694862846121232,,2.2730240743840113e-05,0.9968125820159912,0.0,1.6123579740524292,117.9066162109375,41.73477554321289,41.6862678527832,0.03124416433274746,8.0,0.9997777938842773,0.0,1.1827521324157715,110.89276885986328,0.9998888969421387,39.20652770996094,39.206520080566406,5.223489552008687e-06,8.0,8.0,two_level,short_slots,prompt_summary,4.0,structured_support_set,full,,,,,85.42303466796875,0.0018165096685631265,,,,8.0,,,0.9999998807907104,0.0,2.074176073074341,2.074169635772705,2.074164867401123,0.9999998807907104,6.924590160929542e-05,4.0,8.0,0.5,train_event,21,phase2-selected,0.0003648416975242369,5.0,87.734375,39.237884521484375,39.236000061035156,0.001286233076825738,0.001857789815403521,9.712739688743675e-06,117.9066162109375,1.4121512847964368e-08,0.05,-3.984715658589266e-05,41.73477554321289,41.6862678527832,0.03124416433274746,0.206194573965167
False,0.0,off,I_shuffle,0.000498448980788459,,5.558367047342472e-05,0.9968125820159912,0.0,1.6123573780059814,117.90666961669922,41.734798431396484,41.68628692626953,0.031245168298482895,8.0,0.9997435808181763,0.0,1.1948952674865723,110.8929443359375,0.9998718500137329,39.20658874511719,39.20657730102539,7.262967301358003e-06,8.0,8.0,two_level,short_slots,prompt_summary,4.0,structured_support_set,full,,,,,85.42085266113281,0.005327499082057595,,,,8.0,,,1.0,0.0,2.0751712322235107,2.075165271759033,2.0751612186431885,1.0,0.00028709004647494823,4.0,8.0,0.5,train_event,22,phase2-selected,0.0012645106047690692,5.0,87.73500061035156,39.23768615722656,39.23628616333008,0.0015893697272986174,0.005505652166903019,1.015465779113889e-05,117.90666961669922,1.3314416236198667e-08,0.05,-3.813135845120996e-05,41.734798431396484,41.68628692626953,0.031245168298482895,0.23926147014330498
False,0.0,off,I_shuffle,6.969010177291587e-05,,1.1137148248963058e-05,0.9968125820159912,0.0,1.6123567819595337,117.90667724609375,41.73481369018555,41.68629837036133,0.031244322657585144,8.0,0.9997846484184265,0.0,1.1802347898483276,110.89436340332031,0.9998923540115356,39.207088470458984,39.20708084106445,5.394796517066425e-06,8.0,8.0,two_level,short_slots,prompt_summary,4.0,structured_support_set,full,,,,,85.81747436523438,0.00042505855857633684,,,,8.0,,,1.0,0.0,2.0737862586975098,2.073779582977295,2.0737743377685547,1.0,4.05519423417719e-05,4.0,8.0,0.5,train_event,23,phase2-selected,0.0005185782266296982,5.0,87.73503875732422,39.23780059814453,39.236297607421875,0.0010056948522105813,0.0006754224305041134,9.807657834629434e-06,117.90667724609375,1.2439384633466943e-08,0.05,-3.630524952313863e-05,41.73481369018555,41.68629837036133,0.031244322657585144,1.2430896256602115
False,0.0,off,I_shuffle,0.0006291100698708536,,4.5238797611091286e-05,0.9968125820159912,0.0,1.6123557090759277,117.90670013427734,41.734825134277344,41.686302185058594,0.031244389712810516,8.0,0.9997888207435608,0.0,1.1786261796951294,110.89459228515625,0.9998944401741028,39.2071647644043,39.20716094970703,5.223489552008687e-06,8.0,8.0,two_level,short_slots,prompt_summary,4.0,structured_support_set,full,,,,,86.26942443847656,0.005124940336345281,,,,8.0,,,1.0,0.0,2.073793649673462,2.073786735534668,2.0737814903259277,1.0,0.00037098396918612775,4.0,8.0,0.5,train_event,24,phase2-selected,0.0004177995922354987,5.0,87.73812103271484,39.23906707763672,39.2376823425293,0.00148614845238626,0.005193561781197786,1.0350243592434117e-05,117.90670013427734,1.1517175657616008e-08,0.05,-3.4391261579003185e-05,41.734825134277344,41.686302185058594,0.031244389712810516,0.08354240395572231
False,0.0,off,I_shuffle,0.0004183057161241744,,4.609892130247317e-05,0.9968127012252808,0.0,1.61235511302948,117.90670013427734,41.734840393066406,41.686309814453125,0.031246719881892204,8.0,0.9997074007987976,0.0,1.206769347190857,110.8945083618164,0.9998537302017212,39.20713424682617,39.20712661743164,8.635888661956415e-06,8.0,8.0,two_level,short_slots,prompt_summary,4.0,structured_support_set,full,,,,,85.02083587646484,0.0031083893812936347,,,,8.0,,,1.0,0.0,2.0760765075683594,2.076071262359619,2.0760674476623535,1.0,0.00023237082944080562,4.0,8.0,0.5,train_event,25,phase2-selected,0.0008273940326895137,5.0,87.73849487304688,39.239383697509766,39.23784637451172,0.0017391949659213424,0.0032520373351871967,1.0186807630113823e-05,117.90670013427734,1.0567346997447657e-08,0.05,-3.2408395782113075e-05,41.734840393066406,41.686309814453125,0.031246719881892204,0.26945814618985964
False,0.0,off,I_shuffle,0.0027504425339152697,,0.00018788789748214185,0.996812641620636,0.0,1.612353801727295,117.90670776367188,41.734832763671875,41.68630599975586,0.031245268881320953,8.0,0.9996815919876099,0.0,1.2147479057312012,110.89494323730469,0.9998407959938049,39.207298278808594,39.20728302001953,8.092194548225962e-06,8.0,8.0,two_level,short_slots,prompt_summary,4.0,structured_support_set,full,,,,,84.89771270751953,0.044627672186750934,,,,8.0,,,0.9999999403953552,0.0,2.0762617588043213,2.0762569904327393,2.0762534141540527,0.9999999403953552,0.001549321284805454,4.0,8.0,0.5,train_event,26,phase2-selected,0.0005787447100497988,5.0,87.739501953125,39.239898681640625,39.23828887939453,0.0015723013784736395,0.04474293068051338,2.0019293557031185e-05,117.90670776367188,9.607791895405171e-09,0.05,-3.0387182050617412e-05,41.734832763671875,41.68630599975586,0.031245268881320953,0.013416877337926467
False,0.0,off,I_shuffle,0.00018400040965237,,1.849450563895516e-05,0.9968125820159912,0.0,1.6123541593551636,117.90670013427734,41.73482894897461,41.68629455566406,0.031247088685631752,8.0,0.9997830390930176,0.0,1.1808468103408813,110.89572143554688,0.9998915195465088,39.20756149291992,39.20755386352539,6.325959930109093e-06,8.0,8.0,two_level,short_slots,prompt_summary,4.0,structured_support_set,full,,,,,85.43290710449219,0.001388164202262859,,,,8.0,,,1.0,0.0,2.0739002227783203,2.0738933086395264,2.073887825012207,1.0,0.00010552308145994546,4.0,8.0,0.5,train_event,27,phase2-selected,0.00041503782105246245,5.0,87.7384033203125,39.23911666870117,39.23780059814453,0.0008648112998344004,0.001464358763769269,9.93967204880864e-06,117.90670013427734,8.657799810407596e-09,0.05,-2.8332156944088638e-05,41.73482894897461,41.68629455566406,0.031247088685631752,0.30614353288214136
False,0.0,off,I_shuffle,2.015819034588654e-05,,1.2062576388416346e-05,0.996812641620636,0.0,1.6123533248901367,117.90667724609375,41.734832763671875,41.68629837036133,0.031249338760972023,8.0,0.9997552037239075,0.0,1.1908563375473022,110.89584350585938,0.9998776316642761,39.20761489868164,39.207603454589844,6.607249360968126e-06,8.0,8.0,two_level,short_slots,prompt_summary,4.0,structured_support_set,full,,,,,86.19170379638672,0.0002492993032889225,,,,8.0,,,1.0,0.0,2.075230836868286,2.0752248764038086,2.075220823287964,1.0,1.157167276703248e-05,4.0,8.0,0.5,train_event,28,phase2-selected,0.00037414989647157265,5.0,87.7369613647461,39.23976135253906,39.237159729003906,0.0016679799882695079,0.00045030744513496757,9.912166572420792e-06,117.90667724609375,7.727412487668062e-09,0.05,-2.6254874683218077e-05,41.734832763671875,41.68629837036133,0.031249338760972023,1.5405661306597767
False,0.0,off,I_shuffle,0.0001203696544291058,,5.244162821327336e-05,0.996812641620636,0.0,1.6123532056808472,117.90662384033203,41.73480987548828,41.68627166748047,0.031252264976501465,8.0,0.9997962117195129,0.0,1.1758177280426025,110.89661407470703,0.9998981356620789,39.20787811279297,39.20786666870117,6.180515811138321e-06,8.0,8.0,two_level,short_slots,prompt_summary,4.0,structured_support_set,full,,,,,85.96253967285156,0.0012922364857821842,,,,8.0,,,0.9999998807907104,0.0,2.073668956756592,2.073662281036377,2.073657512664795,0.9999998807907104,6.82379766123358e-05,4.0,8.0,0.5,train_event,29,phase2-selected,0.0013664216813729937,5.0,87.74031829833984,39.2403678894043,39.23865509033203,0.0011590843787416816,0.0018857960822060704,9.919087109117038e-06,117.90662384033203,6.828497767230601e-09,0.05,-2.4171871700673364e-05,41.73480987548828,41.68627166748047,0.031252264976501465,1.0650842811089787
False,0.0,off,I_shuffle,0.0060685123773158945,,0.001514387666247785,0.9968127012252808,0.0,1.6123521327972412,117.90654754638672,41.734798431396484,41.68625259399414,0.03125239163637161,8.0,0.9997814893722534,0.0,1.181341528892517,110.89729309082031,0.9998908042907715,39.20812225341797,39.20811462402344,6.468133960879641e-06,8.0,8.0,two_level,short_slots,prompt_summary,4.0,structured_support_set,full,,,,,86.22898864746094,0.1842476046008165,,,,8.0,,,1.0,0.0,2.073784828186035,2.0737781524658203,2.073772668838501,1.0,0.0035167506244021523,4.0,8.0,0.5,train_event,30,phase2-selected,0.0013537022302261717,5.0,87.73936462402344,39.239803314208984,39.238243103027344,0.0008671487448737025,0.18438602983951569,3.347439310247533e-05,117.90654754638672,5.971601435561524e-09,0.05,-2.2130416255095042e-05,41.734798431396484,41.68625259399414,0.03125239163637161,0.007528871956485126
False,0.0,off,I_shuffle,8.818728465172552e-05,,3.227788329240866e-05,0.9968125820159912,0.0,1.612351894378662,117.90650939941406,41.73478317260742,41.68623352050781,0.03125571087002754,8.0,0.9998241066932678,0.0,1.1645809412002563,110.89794158935547,0.9999120235443115,39.208351135253906,39.20834732055664,6.180515811138321e-06,8.0,8.0,two_level,short_slots,prompt_summary,4.0,structured_support_set,full,,,,,85.96708679199219,0.0011591058937473965,,,,8.0,,,1.0,0.0,2.071833372116089,2.0718257427215576,2.07181978225708,1.0,5.3106607138942856e-05,4.0,8.0,0.5,train_event,31,phase2-selected,0.0021338608006392077,5.0,87.73979949951172,39.24047088623047,39.238433837890625,0.0018432450015097857,0.0024305523838847876,9.894234635034601e-06,117.90650939941406,5.172416717158512e-09,0.05,-2.0107820091652684e-05,41.73478317260742,41.68623352050781,0.03125571087002754,1.8494902379828897
False,0.0,off,I_shuffle,0.00016497094365392886,,4.803796036867425e-05,0.9968127012252808,0.0,1.6123515367507935,117.90642547607422,41.73475646972656,41.68620681762695,0.03125670179724693,8.0,0.9997849464416504,0.0,1.1801173686981201,110.89837646484375,0.9998924732208252,39.20850372314453,39.20849609375,6.8770432335441e-06,8.0,8.0,two_level,short_slots,prompt_summary,4.0,structured_support_set,full,,,,,87.29369354248047,0.0010495869987650638,,,,8.0,,,1.0,0.0,2.073646068572998,2.073638916015625,2.0736334323883057,1.0,9.281874760081268e-05,4.0,8.0,0.5,train_event,32,phase2-selected,0.0009485171909415441,5.0,87.74140167236328,39.242366790771484,39.23915100097656,0.0017530980985611677,0.0014273214619606733,9.904025766722903e-06,117.90642547607422,4.428879485374182e-09,0.05,-1.811340553103946e-05,41.73475646972656,41.68620681762695,0.03125670179724693,0.9131412811286136
